id,page_num,kode_uraian,indikator,baseline_2024,target_2026,pagu_2026,target_2027,pagu_2027,target_2028,pagu_2028,target_2029,pagu_2029,target_2030,pagu_2030,perangkat_daerah,lokasi_keterangan,created_at
1,1,BIDANG URUSAN / PROGRAM /,,BASELINE,,,,,,,,,,,,,2026-09-17 23:10:24.953977+00
2,1,OUTCOME / KEGIATAN /,INDIKATOR OUTCOME /,TAHUN,,2026,,2027,,2028,,2029,,,,,2026-09-17 23:10:24.953977+00
3,1,SUBKEGIATAN OUTPUT,OUTPUT,,,,,,,,,,,,,,2026-09-17 23:10:24.953977+00
4,1,,,,,,,,,,,,,2030,PERANGKAT,KETERANGAN,2026-09-17 23:10:24.953977+00
5,1,,,,TARGET,,TARGET,,TARGET,,TARGET,,TARGET,,,,2026-09-17 23:10:24.953977+00
6,1,2.09 -  URUSAN PEMERINTAHAN,,,,,,,,,,,,,,,2026-09-17 23:10:24.953977+00
7,1,BIDANG PANGAN,,,,15557270000,,15865620000,,16191650000,,16524770000,,16524360000,,,2026-09-17 23:10:24.953977+00
8,1,2.09.01 - PROGRAM PENUNJANG,,,,,,,,,,,,,,,2026-09-17 23:10:24.953977+00
9,1,URUSAN PEMERINTAHAN DAERAH,,,,14848970000,,15157320000,,15483350000,,15816470000,,15816060000,,,2026-09-17 23:10:24.953977+00
10,1,KABUPATEN/KOTA,,,,,,,,,,,,,,,2026-09-17 23:10:24.953977+00
11,1,Meningkatnya kualitas Layanan Umum,Tingkat Kepuasan Pegawai,,,,,,,,,,,,00 - DINAS,,2026-09-17 23:10:24.953977+00
12,1,dan Kepegawaian Perangkat Daerah,Perangkat Daerah (Skor),0,"3,5",3097200000,"3,8",3113230000,4,3138670000,"4,5",3164600000,"4,5",3164190000,KETAHANAN PANGAN DAN,,2026-09-17 23:10:24.953977+00
13,1,,Indeks Pelayanan Publik (%),79,80,,80,,81,,82,,82,,,,2026-09-17 23:10:24.953977+00
14,1,,Tingkat Penerapan SPBE,,,,,,,,,,,,,,2026-09-17 23:10:24.953977+00
15,1,,Perangkat Daerah (Skor),0,60,,65,,75,,85,,90,,,,2026-09-17 23:10:24.953977+00
16,1,,Persentase BMD dalam kondisi baik,,,,,,,,,,,,,,2026-09-17 23:10:24.953977+00
17,1,,dan termanfaatkan (%),100,100,,100,,100,,100,,100,,,,2026-09-17 23:10:24.953977+00
18,1,2.09.01.2.05 - Administrasi Kepegawaian,,,,,,,,,,,,,,,2026-09-17 23:10:24.953977+00
19,1,Perangkat Daerah,,,,14190000,,14190000,,14900000,,14900000,,14900000,,,2026-09-17 23:10:24.953977+00
20,1,Persentase Administrasi Kepegawaian,"Jumlah Dokumen Monitoring,",,,,,,,,,,,,,,2026-09-17 23:10:24.953977+00
21,1,Perangkat Daerah,"Evaluasi, dan Penilaian Kinerja Pegawai (Dokumen)",1,1,14190000,1,14190000,1,14900000,1,14900000,1,14900000,,,2026-09-17 23:10:24.953977+00
22,1,"2.09.01.2.05.0005 - Monitoring, Evaluasi,",,,,,,,,,,,,,,,2026-09-17 23:10:24.953977+00
23,1,dan Penilaian Kinerja Pegawai,,,,14190000,,14190000,,14900000,,14900000,,14900000,,,2026-09-17 23:10:24.953977+00
24,1,"Terlaksananya Monitoring, Evaluasi, dan","Jumlah Dokumen Monitoring,",,,,,,,,,,,,,,2026-09-17 23:10:24.953977+00
25,1,Penilaian Kinerja Pegawai,"Evaluasi, dan Penilaian Kinerja Pegawai (Dokumen)",1,1,14190000,1,14190000,1,14900000,1,14900000,1,14900000,,,2026-09-17 23:10:24.953977+00
26,1,2.09.01.2.06 - Administrasi Umum,,,,,,,,,,,,,,,2026-09-17 23:10:24.953977+00
27,1,Perangkat Daerah,,,,176980000,,182850000,,191430000,,197860000,,197860000,,,2026-09-17 23:10:24.953977+00
28,1,Persentase Administrasi Umum,Jumlah Paket Komponen Instalasi,,,,,,,,,,,,,,2026-09-17 23:10:24.953977+00
29,1,Perangkat Daerah,Listrik/Penerangan Bangunan Kantor yang Disediakan (Paket),1,1,176980000,1,182850000,1,191430000,1,197860000,1,197860000,,,2026-09-17 23:10:24.953977+00
30,1,,Jumlah Dokumen Bahan Bacaan,,,,,,,,,,,,,,2026-09-17 23:10:24.953977+00
31,1,,dan Peraturan,,,,,,,,,,,,,,2026-09-17 23:10:24.953977+00
32,1,,Perundang-Undangan yang,1,1,,1,,1,,1,,1,,,,2026-09-17 23:10:24.953977+00
33,1,,Disediakan (Dokumen),,,,,,,,,,,,,,2026-09-17 23:10:24.953977+00
34,1,,Jumlah Dokumen Dukungan,,,,,,,,,,,,,,2026-09-17 23:10:24.953977+00
35,1,,Pelaksanaan Sistem Pemerintahan,,,,,,,,,,,,,,2026-09-17 23:10:24.953977+00
36,1,,Berbasis Elektronik pada SKPD,1,1,,1,,1,,1,,1,,,,2026-09-17 23:10:24.953977+00
37,1,,(Dokumen),,,,,,,,,,,,,,2026-09-17 23:10:24.953977+00
38,1,,Jumlah Dokumen Penatausahaan,,,,,,,,,,,,,,2026-09-17 23:10:24.953977+00
39,1,,Arsip Dinamis pada SKPD,1,1,,1,,1,,1,,1,,,,2026-09-17 23:10:24.953977+00
40,1,,(Dokumen),,,,,,,,,,,,,,2026-09-17 23:10:24.953977+00
41,1,,Jumlah Laporan Penyelenggaraan,,,,,,,,,,,,,,2026-09-17 23:10:24.953977+00
42,1,,Rapat Koordinasi dan Konsultasi,1,1,,1,,1,,1,,1,,,,2026-09-17 23:10:24.953977+00
43,1,,SKPD (Laporan),,,,,,,,,,,,,,2026-09-17 23:10:24.953977+00
44,1,,Jumlah Paket Bahan Logistik,,,,,,,,,,,,,,2026-09-17 23:10:24.953977+00
45,1,,Kantor yang Disediakan (Paket),1,1,,1,,1,,1,,1,,,,2026-09-17 23:10:24.953977+00
46,1,,Jumlah Paket Barang Cetakan dan,,,,,,,,,,,,,,2026-09-17 23:10:24.953977+00
47,1,,Penggandaan yang Disediakan,1,1,,1,,1,,1,,1,,,,2026-09-17 23:10:24.953977+00
48,1,,(Paket),,,,,,,,,,,,,,2026-09-17 23:10:24.953977+00
49,2,BIDANG URUSAN / PROGRAM /,,,,,,,,,,,,,,,2026-09-17 23:10:24.953977+00
50,2,OUTCOME / KEGIATAN /,INDIKATOR OUTCOME /,,,,,,,,,,,,,,2026-09-17 23:10:24.953977+00
51,2,,,,,,,2027,,,,2029,,,,,2026-09-17 23:10:24.953977+00
52,2,SUBKEGIATAN OUTPUT,OUTPUT,,,,,,,,,,,,,,2026-09-17 23:10:24.953977+00
53,2,,,TAHUN,,2026,,,,2028,,,,2030,PERANGKAT DAERAH,KETERANGAN,2026-09-17 23:10:24.953977+00
54,2,,,,TARGET,,TARGET,,TARGET,,TARGET,,TARGET,,,,2026-09-17 23:10:24.953977+00
55,2,,Jumlah Paket Peralatan dan,,,,,,,,,,,,,,2026-09-17 23:10:24.953977+00
56,2,,Perlengkapan Kantor yang,1,1,,1,,1,,1,,1,,,,2026-09-17 23:10:24.953977+00
57,2,,Disediakan (Paket),,,,,,,,,,,,,,2026-09-17 23:10:24.953977+00
58,2,,Jumlah Paket Peralatan Rumah,,,,,,,,,,,,,,2026-09-17 23:10:24.953977+00
59,2,,Tangga yang Disediakan (Paket),1,1,,1,,1,,1,,1,,,,2026-09-17 23:10:24.953977+00
60,2,2.09.01.2.06.0001 - Penyediaan,,,,,,,,,,,,,,,2026-09-17 23:10:24.953977+00
61,2,Komponen Instalasi,,,,8000000,,8200000,,8410000,,8620000,,8620000,,,2026-09-17 23:10:24.953977+00
62,2,Listrik/Penerangan Bangunan Kantor,,,,,,,,,,,,,,,2026-09-17 23:10:24.953977+00
63,2,Tersedianya Komponen Instalasi,Jumlah Paket Komponen Instalasi,,,,,,,,,,,,,,2026-09-17 23:10:24.953977+00
64,2,Listrik/Penerangan Bangunan Kantor,Listrik/Penerangan Bangunan Kantor yang Disediakan (Paket),1,1,8000000,1,8200000,1,8410000,1,8620000,1,8620000,,,2026-09-17 23:10:24.953977+00
65,2,2.09.01.2.06.0002 - Penyediaan,,,,,,,,,,,,,,,2026-09-17 23:10:24.953977+00
66,2,Peralatan dan Perlengkapan Kantor,,,,30000000,,31500000,,33080000,,34730000,,34730000,,,2026-09-17 23:10:24.953977+00
67,2,Tersedianya Peralatan dan,Jumlah Paket Peralatan dan,,,,,,,,,,,,,,2026-09-17 23:10:24.953977+00
68,2,Perlengkapan Kantor,Perlengkapan Kantor yang Disediakan (Paket),1,1,30000000,1,31500000,1,33080000,1,34730000,1,34730000,,,2026-09-17 23:10:24.953977+00
69,2,2.09.01.2.06.0003 - Penyediaan,,,,,,,,,,,,,,,2026-09-17 23:10:24.953977+00
70,2,Peralatan Rumah Tangga,,,,15000000,,15380000,,15760000,,16150000,,16150000,,,2026-09-17 23:10:24.953977+00
71,2,Tersedianya Peralatan Rumah Tangga,Jumlah Paket Peralatan Rumah Tangga yang Disediakan (Paket),1,1,15000000,1,15380000,1,15760000,1,16150000,1,16150000,,,2026-09-17 23:10:24.953977+00
72,2,2.09.01.2.06.0004 - Penyediaan Bahan,,,,,,,,,,,,,,,2026-09-17 23:10:24.953977+00
73,2,Logistik Kantor,,,,37500000,,39380000,,41350000,,43420000,,43420000,,,2026-09-17 23:10:24.953977+00
74,2,Tersedianya Bahan Logistik Kantor,Jumlah Paket Bahan Logistik Kantor yang Disediakan (Paket),1,1,37500000,1,39380000,1,41350000,1,43420000,1,43420000,,,2026-09-17 23:10:24.953977+00
75,2,2.09.01.2.06.0005 - Penyediaan Barang,,,,,,,,,,,,,,,2026-09-17 23:10:24.953977+00
76,2,Cetakan dan Penggandaan,,,,10000000,,10500000,,11030000,,11580000,,11580000,,,2026-09-17 23:10:24.953977+00
77,2,Tersedianya Barang Cetakan dan,Jumlah Paket Barang Cetakan dan,,,,,,,,,,,,,,2026-09-17 23:10:24.953977+00
78,2,Penggandaan,Penggandaan yang Disediakan (Paket),1,1,10000000,1,10500000,1,11030000,1,11580000,1,11580000,,,2026-09-17 23:10:24.953977+00
79,2,2.09.01.2.06.0006 - Penyediaan Bahan,,,,,,,,,,,,,,,2026-09-17 23:10:24.953977+00
80,2,Bacaan dan Peraturan,,,,10900000,,11450000,,12030000,,12640000,,12640000,,,2026-09-17 23:10:24.953977+00
81,2,Perundang-undangan,,,,,,,,,,,,,,,2026-09-17 23:10:24.953977+00
82,2,,Jumlah Dokumen Bahan Bacaan,,,,,,,,,,,,,,2026-09-17 23:10:24.953977+00
83,2,Tersedianya Bahan Bacaan dan,dan Peraturan,,,,,,,,,,,,,,2026-09-17 23:10:24.953977+00
84,2,Peraturan Perundang-undangan,Perundang-Undangan yang,1,1,10900000,1,11450000,1,12030000,1,12640000,1,12640000,,,2026-09-17 23:10:24.953977+00
85,2,,Disediakan (Dokumen),,,,,,,,,,,,,,2026-09-17 23:10:24.953977+00
86,2,2.09.01.2.06.0009 - Penyelenggaraan,,,,,,,,,,,,,,,2026-09-17 23:10:24.953977+00
87,2,Rapat Koordinasi dan Konsultasi SKPD,,,,48480000,,48480000,,50910000,,50910000,,50910000,,,2026-09-17 23:10:24.953977+00
88,2,Terlaksananya Penyelenggaraan Rapat,Jumlah Laporan Penyelenggaraan,,,,,,,,,,,,,,2026-09-17 23:10:24.953977+00
89,2,Koordinasi dan Konsultasi SKPD,Rapat Koordinasi dan Konsultasi SKPD (Laporan),1,1,48480000,1,48480000,1,50910000,1,50910000,1,50910000,,,2026-09-17 23:10:24.953977+00
90,2,2.09.01.2.06.0010 - Penatausahaan,,,,,,,,,,,,,,,2026-09-17 23:10:24.953977+00
91,2,Arsip Dinamis pada SKPD,,,,10770000,,11310000,,11880000,,12480000,,12480000,,,2026-09-17 23:10:24.953977+00
92,2,Terlaksananya Penatausahaan Arsip,Jumlah Dokumen Penatausahaan,,,,,,,,,,,,,,2026-09-17 23:10:24.953977+00
93,2,Dinamis pada SKPD,Arsip Dinamis pada SKPD (Dokumen),1,1,10770000,1,11310000,1,11880000,1,12480000,1,12480000,,,2026-09-17 23:10:24.953977+00
94,2,2.09.01.2.06.0011 - Dukungan,,,,,,,,,,,,,,,2026-09-17 23:10:24.953977+00
95,2,Pelaksanaan Sistem Pemerintahan,,,,6330000,,6650000,,6980000,,7330000,,7330000,,,2026-09-17 23:10:24.953977+00
96,2,Berbasis Elektronik pada SKPD,,,,,,,,,,,,,,,2026-09-17 23:10:24.953977+00
97,2,Terlaksananya Dukungan Pelaksanaan,Jumlah Dokumen Dukungan,,,,,,,,,,,,,,2026-09-17 23:10:24.953977+00
98,2,Sistem Pemerintahan Berbasis Elektronik,Pelaksanaan Sistem Pemerintahan,1,,6330000,1,6650000,1,6980000,1,7330000,1,7330000,,,2026-09-17 23:10:24.953977+00
99,2,pada SKPD,Berbasis Elektronik pada SKPD,,,,,,,,,,,,,,2026-09-17 23:10:24.953977+00
100,2,,(Dokumen),,,,,,,,,,,,,,2026-09-17 23:10:24.953977+00
101,2,2.09.01.2.07 - Pengadaan Barang Milik,,,,,,,,,,,,,,,2026-09-17 23:10:24.953977+00
102,2,Daerah Penunjang Urusan Pemerintah,,,,45000000,,47300000,,49500000,,54000000,,54000000,,,2026-09-17 23:10:24.953977+00
103,2,Daerah,,,,,,,,,,,,,,,2026-09-17 23:10:24.953977+00
104,3,BIDANG URUSAN / PROGRAM /,,,,,,,,,,,,,,,2026-09-17 23:10:24.953977+00
105,3,OUTCOME / KEGIATAN /,INDIKATOR OUTCOME /,,,,,,,,,,,,,,2026-09-17 23:10:24.953977+00
106,3,,,,,,,2027,,,,2029,,,,,2026-09-17 23:10:24.953977+00
107,3,SUBKEGIATAN OUTPUT,OUTPUT,,,,,,,,,,,,,,2026-09-17 23:10:24.953977+00
108,3,,,TAHUN,,2026,,,,2028,,,,2030,PERANGKAT DAERAH,KETERANGAN,2026-09-17 23:10:24.953977+00
109,3,,,,TARGET,,TARGET,,TARGET,,TARGET,,TARGET,,,,2026-09-17 23:10:24.953977+00
110,3,Persentase Pengadaan Barang Milik,,,,,,,,,,,,,,,2026-09-17 23:10:24.953977+00
111,3,Daerah Penunjang Urusan Pemerintah,Jumlah Unit Peralatan dan Mesin,,2,45000000,2,,2,49500000,2,,2,54000000,,,2026-09-17 23:10:24.953977+00
112,3,Daerah,Lainnya yang Disediakan (Unit),,,,,,,,,,,,,,2026-09-17 23:10:24.953977+00
113,3,,,0,,,,47300000,,,,54000000,,,,,2026-09-17 23:10:24.953977+00
114,3,2.09.01.2.07.0006 - Pengadaan,,,,,,,,,,,,,,,2026-09-17 23:10:24.953977+00
115,3,Peralatan dan Mesin Lainnya,,,,45000000,,47300000,,49500000,,54000000,,54000000,,,2026-09-17 23:10:24.953977+00
116,3,Tersedianya Peralatan dan Mesin,Jumlah Unit Peralatan dan Mesin,,,,,,,,,,,,,,2026-09-17 23:10:24.953977+00
117,3,Lainnya,Lainnya yang Disediakan (Unit),0,2,45000000,2,47300000,2,49500000,2,54000000,2,54000000,,,2026-09-17 23:10:24.953977+00
118,3,2.09.01.2.08 - Penyediaan Jasa,,,,,,,,,,,,,,,2026-09-17 23:10:24.953977+00
119,3,Penunjang Urusan Pemerintahan Daerah,,,,2424280000,,2427740000,,2437160000,,2447450000,,2447070000,,,2026-09-17 23:10:24.953977+00
120,3,Persentase Penyediaan Jasa Penunjang,Jumlah Laporan Penyediaan Jasa,,,,,,,,,,,,,,2026-09-17 23:10:24.953977+00
121,3,Urusan Pemerintahan Daerah,Peralatan dan Perlengkapan Kantor yang Disediakan (Laporan),1,1,2424280000,1,2427740000,1,2437160000,1,2447450000,1,2447070000,,,2026-09-17 23:10:24.953977+00
122,3,,Jumlah Laporan Penyediaan Jasa,,,,,,,,,,,,,,2026-09-17 23:10:24.953977+00
123,3,,"Komunikasi, Sumber Daya Air dan",1,1,,1,,1,,1,,1,,,,2026-09-17 23:10:24.953977+00
124,3,,Listrik yang Disediakan (Laporan),,,,,,,,,,,,,,2026-09-17 23:10:24.953977+00
125,3,,Jumlah Laporan Penyediaan Jasa,,,,,,,,,,,,,,2026-09-17 23:10:24.953977+00
126,3,,Pelayanan Umum Kantor yang,12,12,,12,,12,,12,,12,,,,2026-09-17 23:10:24.953977+00
127,3,,Disediakan (Laporan),,,,,,,,,,,,,,2026-09-17 23:10:24.953977+00
128,3,,Jumlah Laporan Penyediaan Jasa,,,,,,,,,,,,,,2026-09-17 23:10:24.953977+00
129,3,,Surat Menyurat (Laporan),1,1,,1,,1,,1,,1,,,,2026-09-17 23:10:24.953977+00
130,3,2.09.01.2.08.0001 - Penyediaan Jasa,,,,,,,,,,,,,,,2026-09-17 23:10:24.953977+00
131,3,Surat Menyurat,,,,5000000,,950000,,480000,,380000,,0,,,2026-09-17 23:10:24.953977+00
132,3,Terlaksananya Penyediaan Jasa Surat,Jumlah Laporan Penyediaan Jasa,,,,,,,,,,,,,,2026-09-17 23:10:24.953977+00
133,3,Menyurat,Surat Menyurat (Laporan),1,1,5000000,1,950000,1,480000,1,380000,1,0,,,2026-09-17 23:10:24.953977+00
134,3,2.09.01.2.08.0002 - Penyediaan Jasa,,,,,,,,,,,,,,,2026-09-17 23:10:24.953977+00
135,3,"Komunikasi, Sumber Daya Air dan Listrik",,,,190320000,,197840000,,207730000,,218120000,,218120000,,,2026-09-17 23:10:24.953977+00
136,3,"Tersedianya Jasa Komunikasi, Sumber",Jumlah Laporan Penyediaan Jasa,,,,,,,,,,,,,,2026-09-17 23:10:24.953977+00
137,3,Daya Air dan Listrik,"Komunikasi, Sumber Daya Air dan Listrik yang Disediakan (Laporan)",1,1,190320000,1,197840000,1,207730000,1,218120000,1,218120000,,,2026-09-17 23:10:24.953977+00
138,3,2.09.01.2.08.0003 - Penyediaan Jasa,,,,,,,,,,,,,,,2026-09-17 23:10:24.953977+00
139,3,Peralatan dan Perlengkapan Kantor,,,,177400000,,177400000,,177400000,,177400000,,177400000,,,2026-09-17 23:10:24.953977+00
140,3,Tersedianya Jasa Peralatan dan,Jumlah Laporan Penyediaan Jasa,,,,,,,,,,,,,,2026-09-17 23:10:24.953977+00
141,3,Perlengkapan Kantor,Peralatan dan Perlengkapan Kantor yang Disediakan (Laporan),1,1,177400000,1,177400000,1,177400000,1,177400000,1,177400000,,,2026-09-17 23:10:24.953977+00
142,3,2.09.01.2.08.0004 - Penyediaan Jasa,,,,,,,,,,,,,,,2026-09-17 23:10:24.953977+00
143,3,Pelayanan Umum Kantor,,,,2051560000,,2051550000,,2051550000,,2051550000,,2051550000,,,2026-09-17 23:10:24.953977+00
144,3,Tersedianya Jasa Pelayanan Umum,Jumlah Laporan Penyediaan Jasa,,,,,,,,,,,,,,2026-09-17 23:10:24.953977+00
145,3,Kantor,Pelayanan Umum Kantor yang Disediakan (Laporan),12,12,2051560000,12,2051550000,12,2051550000,12,2051550000,12,2051550000,,,2026-09-17 23:10:24.953977+00
146,3,2.09.01.2.09 - Pemeliharaan Barang Milik,,,,,,,,,,,,,,,2026-09-17 23:10:24.953977+00
147,3,Daerah Penunjang Urusan Pemerintahan,,,,436750000,,441150000,,445680000,,450390000,,450360000,,,2026-09-17 23:10:24.953977+00
148,3,Daerah,,,,,,,,,,,,,,,2026-09-17 23:10:24.953977+00
149,3,Persentase Pemeliharaan Barang Milik,Jumlah Sarana dan Prasarana,,,,,,,,,,,,,,2026-09-17 23:10:24.953977+00
150,3,Daerah Penunjang Urusan Pemerintahan,Gedung Kantor atau Bangunan,,,436750000,1,,1,445680000,1,,1,450360000,,,2026-09-17 23:10:24.953977+00
151,3,Daerah,Lainnya yang,,,,,,,,,,,,,,2026-09-17 23:10:24.953977+00
152,3,,,1,1,,,441150000,,,,450390000,,,,,2026-09-17 23:10:24.953977+00
153,3,,Dipelihara/Direhabilitasi (Unit),,,,,,,,,,,,,,2026-09-17 23:10:24.953977+00
154,3,,Jumlah Kendaraan Perorangan,,,,,,,,,,,,,,2026-09-17 23:10:24.953977+00
155,3,,Dinas atau Kendaraan Dinas,,,,,,,,,,,,,,2026-09-17 23:10:24.953977+00
156,3,,Jabatan yang Dipelihara dan,1,1,,1,,1,,1,,1,,,,2026-09-17 23:10:24.953977+00
157,3,,dibayarkan Pajaknya (Unit),,,,,,,,,,,,,,2026-09-17 23:10:24.953977+00
158,3,,Jumlah Mebel yang Dipelihara,,,,,,,,,,,,,,2026-09-17 23:10:24.953977+00
159,3,,(Unit),1,1,,1,,1,,1,,1,,,,2026-09-17 23:10:24.953977+00
160,3,,Jumlah Kendaraan Dinas,,,,,,,,,,,,,,2026-09-17 23:10:24.953977+00
161,3,,Operasional atau Lapangan yang,,,,,,,,,,,,,,2026-09-17 23:10:24.953977+00
162,3,,Dipelihara dan dibayarkan Pajak,37,37,,37,,37,,37,,37,,,,2026-09-17 23:10:24.953977+00
163,3,,dan Perizinannya (Unit),,,,,,,,,,,,,,2026-09-17 23:10:24.953977+00
164,3,,Jumlah Peralatan dan Mesin,,,,,,,,,,,,,,2026-09-17 23:10:24.953977+00
165,3,,Lainnya yang Dipelihara  (Unit),29,29,,29,,29,,29,,29,,,,2026-09-17 23:10:24.953977+00
166,4,BIDANG URUSAN / PROGRAM /,,,,,,,,,,,,,,,2026-09-17 23:10:24.953977+00
167,4,OUTCOME / KEGIATAN /,INDIKATOR OUTCOME /,,,,,,,,,,,,,,2026-09-17 23:10:24.953977+00
168,4,,,,,,,2027,,,,2029,,,,,2026-09-17 23:10:24.953977+00
169,4,SUBKEGIATAN OUTPUT,OUTPUT,,,,,,,,,,,,,,2026-09-17 23:10:24.953977+00
170,4,,,TAHUN,,2026,,,,2028,,,,2030,PERANGKAT,,2026-09-17 23:10:24.953977+00
171,4,,,,TARGET,,TARGET,,TARGET,,TARGET,,TARGET,,,,2026-09-17 23:10:24.953977+00
172,4,2.09.01.2.09.0001 - Penyediaan Jasa,,,,,,,,,,,,,,,2026-09-17 23:10:24.953977+00
173,4,"Pemeliharaan, Biaya Pemeliharaan, dan",,,,,,,,,,,,,,,2026-09-17 23:10:24.953977+00
174,4,Pajak Kendaraan Perorangan Dinas atau,,,,15000000,,15000000,,15000000,,15000000,,15000000,,,2026-09-17 23:10:24.953977+00
175,4,Kendaraan Dinas Jabatan,,,,,,,,,,,,,,,2026-09-17 23:10:24.953977+00
176,4,"Tersedianya Jasa Pemeliharaan, Biaya",Jumlah Kendaraan Perorangan,,,,,,,,,,,,,,2026-09-17 23:10:24.953977+00
177,4,Pemeliharaan dan Pajak Kendaraan,Dinas atau Kendaraan Dinas,,,,,,,,,,,,,,2026-09-17 23:10:24.953977+00
178,4,Perorangan Dinas atau Kendaraan Dinas,Jabatan yang Dipelihara dan,1,1,15000000,1,15000000,1,15000000,1,15000000,1,15000000,,,2026-09-17 23:10:24.953977+00
179,4,Jabatan,dibayarkan Pajaknya (Unit),,,,,,,,,,,,,,2026-09-17 23:10:24.953977+00
180,4,2.09.01.2.09.0002 - Penyediaan Jasa,,,,,,,,,,,,,,,2026-09-17 23:10:24.953977+00
181,4,"Pemeliharaan, Biaya Pemeliharaan,",,,,,,,,,,,,,,,2026-09-17 23:10:24.953977+00
182,4,Pajak dan Perizinan Kendaraan Dinas,,,,296400000,,296400000,,296400000,,296400000,,296400000,,,2026-09-17 23:10:24.953977+00
183,4,Operasional atau Lapangan,,,,,,,,,,,,,,,2026-09-17 23:10:24.953977+00
184,4,"Tersedianya Jasa Pemeliharaan, Biaya",Jumlah Kendaraan Dinas,,,,,,,,,,,,,,2026-09-17 23:10:24.953977+00
185,4,"Pemeliharaan, Pajak dan Perizinan",Operasional atau Lapangan yang,,,,,,,,,,,,,,2026-09-17 23:10:24.953977+00
186,4,Kendaraan Dinas Operasional atau,Dipelihara dan dibayarkan Pajak,37,37,296400000,37,296400000,37,296400000,37,296400000,37,296400000,,,2026-09-17 23:10:24.953977+00
187,4,Lapangan,dan Perizinannya (Unit),,,,,,,,,,,,,,2026-09-17 23:10:24.953977+00
188,4,2.09.01.2.09.0005 - Pemeliharaan Mebel,,,,16350000,,17470000,,18630000,,19870000,,19870000,,,2026-09-17 23:10:24.953977+00
189,4,Terlaksananya Pemeliharaan Mebel,Jumlah Mebel yang Dipelihara (Unit),1,1,16350000,1,17470000,1,18630000,1,19870000,1,19870000,,,2026-09-17 23:10:24.953977+00
190,4,2.09.01.2.09.0006 - Pemeliharaan,,,,,,,,,,,,,,,2026-09-17 23:10:24.953977+00
191,4,Peralatan dan Mesin Lainnya,,,,19600000,,20190000,,20800000,,21430000,,21430000,,,2026-09-17 23:10:24.953977+00
192,4,Terlaksananya Pemeliharaan Peralatan,Jumlah Peralatan dan Mesin,,,,,,,,,,,,,,2026-09-17 23:10:24.953977+00
193,4,dan Mesin Lainnya,Lainnya yang Dipelihara  (Unit),29,29,19600000,29,20190000,29,20800000,29,21430000,29,21430000,,,2026-09-17 23:10:24.953977+00
194,4,2.09.01.2.09.0010 -,,,,,,,,,,,,,,,2026-09-17 23:10:24.953977+00
195,4,Pemeliharaan/Rehabilitasi Sarana dan,,,,,,,,,,,,,,,2026-09-17 23:10:24.953977+00
196,4,Prasarana Gedung Kantor atau,,,,89400000,,92090000,,94850000,,97690000,,97660000,,,2026-09-17 23:10:24.953977+00
197,4,Bangunan Lainnya,,,,,,,,,,,,,,,2026-09-17 23:10:24.953977+00
198,4,Terlaksananya,Jumlah Sarana dan Prasarana,,,,,,,,,,,,,,2026-09-17 23:10:24.953977+00
199,4,Pemeliharaan/Rehabilitasi Sarana dan,Gedung Kantor atau Bangunan,,,,,,,,,,,,,,2026-09-17 23:10:24.953977+00
200,4,Prasarana Gedung Kantor atau,Lainnya yang,1,1,89400000,1,92090000,1,94850000,1,97690000,1,97660000,,,2026-09-17 23:10:24.953977+00
201,4,Bangunan Lainnya,Dipelihara/Direhabilitasi (Unit),,,,,,,,,,,,,,2026-09-17 23:10:24.953977+00
202,4,Meningkatnya kualitas Layanan Umum,,,,,,,,,,,,,01 - UPTD Rumah,,2026-09-17 23:10:24.953977+00
203,4,dan Kepegawaian Perangkat Daerah,,,,3097200000,,3113230000,,3138670000,,3164600000,,3164190000,Potong Hewan dan,,2026-09-17 23:10:24.953977+00
204,4,"Meningkatnya kualitas Perencanaan,",,,,,,,,,,,,,2.09.3.27.3.25.02.00,,2026-09-17 23:10:24.953977+00
205,4,"Pengendalian, dan Evaluasi Program",Tingkat Kinerja Keuangan,,,,,,,,,,,,00 - DINAS,,2026-09-17 23:10:24.953977+00
206,4,Kegiatan Serta Pengelolaan Keuangan,Perangkat Daerah (Skor),0,80,11751770000,85,12044090000,90,12344680000,95,12651870000,100,12651870000,KETAHANAN,,2026-09-17 23:10:24.953977+00
207,4,Perangkat Daerah,,,,,,,,,,,,,PANGAN DAN PERTANIAN,,2026-09-17 23:10:24.953977+00
208,4,,Kinerja pendapatan retribusi,,,,,,,,,,,,,,2026-09-17 23:10:24.953977+00
209,4,,kewenangan perangkat daerah,0,80,,80,,81,,81,,82,,,,2026-09-17 23:10:24.953977+00
210,4,,(OPD penghasil) (%),,,,,,,,,,,,,,2026-09-17 23:10:24.953977+00
211,4,,Nilai SAKIP Perangkat Daerah,,,,,,,,,,,,,,2026-09-17 23:10:24.953977+00
212,4,,(poin),"84,42",85,,85,,86,,86,,87,,,,2026-09-17 23:10:24.953977+00
213,4,"2.09.01.2.01 - Perencanaan,",,,,,,,,,,,,,,,2026-09-17 23:10:24.953977+00
214,4,"Penganggaran, dan Evaluasi Kinerja",,,,113800000,,117740000,,121740000,,124910000,,124910000,,,2026-09-17 23:10:24.953977+00
215,4,Perangkat Daerah,,,,,,,,,,,,,,,2026-09-17 23:10:24.953977+00
216,4,"Persentase Perencanaan,",,,,,,,,,,,,,,,2026-09-17 23:10:24.953977+00
217,4,"Penganggaran, dan Evaluasi Kinerja",Jumlah Dokumen Perencanaan,,2,113800000,3,117740000,2,121740000,2,124910000,3,124910000,,,2026-09-17 23:10:24.953977+00
218,4,Perangkat Daerah,Perangkat Daerah  (Dokumen),,,,,,,,,,,,,,2026-09-17 23:10:24.953977+00
219,5,BIDANG URUSAN / PROGRAM /,,,,,,,,,,,,,,,2026-09-17 23:10:24.953977+00
220,5,OUTCOME / KEGIATAN /,INDIKATOR OUTCOME /,,,,,,,,,,,,,,2026-09-17 23:10:24.953977+00
221,5,,,,,,,2027,,,,2029,,,,,2026-09-17 23:10:24.953977+00
222,5,SUBKEGIATAN OUTPUT,OUTPUT,,,,,,,,,,,,,,2026-09-17 23:10:24.953977+00
223,5,,,TAHUN,,2026,,,,2028,,,,2030,PERANGKAT,,2026-09-17 23:10:24.953977+00
224,5,,,,TARGET,,TARGET,,TARGET,,TARGET,,TARGET,,,,2026-09-17 23:10:24.953977+00
225,5,,Jumlah Berita Acara Hasil Forum,,,,,,,,,,,,,,2026-09-17 23:10:24.953977+00
226,5,,Perangkat Daerah Berdasarkan,,,,,,,,,,,,,,2026-09-17 23:10:24.953977+00
227,5,,Bidang Urusan yang Diampu dalam,,,,,,,,,,,,,,2026-09-17 23:10:24.953977+00
228,5,,Rangka Penyusunan Dokumen,1,1,,1,,1,,1,,1,,,,2026-09-17 23:10:24.953977+00
229,5,,Perencanaan Perangkat Daerah,,,,,,,,,,,,,,2026-09-17 23:10:24.953977+00
230,5,,(Berita Acara),,,,,,,,,,,,,,2026-09-17 23:10:24.953977+00
231,5,,Jumlah Dokumen Perubahan,,,,,,,,,,,,,,2026-09-17 23:10:24.953977+00
232,5,,RKA-SKPD dan Laporan Hasil,,,,,,,,,,,,,,2026-09-17 23:10:24.953977+00
233,5,,Koordinasi Penyusunan Dokumen,1,1,,1,,1,,1,,1,,,,2026-09-17 23:10:24.953977+00
234,5,,Perubahan RKA-SKPD (Dokumen),,,,,,,,,,,,,,2026-09-17 23:10:24.953977+00
235,5,,Jumlah Laporan Evaluasi Kinerja,,,,,,,,,,,,,,2026-09-17 23:10:24.953977+00
236,5,,Perangkat Daerah (Laporan),4,4,,4,,4,,4,,4,,,,2026-09-17 23:10:24.953977+00
237,5,,Jumlah Dokumen RKA-SKPD dan,,,,,,,,,,,,,,2026-09-17 23:10:24.953977+00
238,5,,Laporan Hasil Koordinasi,,,,,,,,,,,,,,2026-09-17 23:10:24.953977+00
239,5,,Penyusunan Dokumen RKA-SKPD,1,1,,1,,1,,1,,1,,,,2026-09-17 23:10:24.953977+00
240,5,,(Dokumen),,,,,,,,,,,,,,2026-09-17 23:10:24.953977+00
241,5,,Jumlah Laporan Capaian Kinerja,,,,,,,,,,,,,,2026-09-17 23:10:24.953977+00
242,5,,dan Ikhtisar Realisasi Kinerja SKPD,,,,,,,,,,,,,,2026-09-17 23:10:24.953977+00
243,5,,dan Laporan Hasil Koordinasi,,,,,,,,,,,,,,2026-09-17 23:10:24.953977+00
244,5,,Penyusunan Laporan Capaian,3,3,,3,,3,,3,,3,,,,2026-09-17 23:10:24.953977+00
245,5,,Kinerja dan Ikhtisar Realisasi,,,,,,,,,,,,,,2026-09-17 23:10:24.953977+00
246,5,,Kinerja SKPD (Laporan),,,,,,,,,,,,,,2026-09-17 23:10:24.953977+00
247,5,,Jumlah Dokumen Perubahan,,,,,,,,,,,,,,2026-09-17 23:10:24.953977+00
248,5,,DPA-SKPD dan Laporan Hasil,,,,,,,,,,,,,,2026-09-17 23:10:24.953977+00
249,5,,Koordinasi Penyusunan Dokumen,1,1,,1,,1,,1,,1,,,,2026-09-17 23:10:24.953977+00
250,5,,Perubahan DPA-SKPD (Dokumen),,,,,,,,,,,,,,2026-09-17 23:10:24.953977+00
251,5,,Jumlah Data Statistik Sektoral,,,,,,,,,,,,,,2026-09-17 23:10:24.953977+00
252,5,,Daerah yang Telah Dikumpulkan,,,,,,,,,,,,,,2026-09-17 23:10:24.953977+00
253,5,,dan Diperiksa Lingkup Perangkat,1,1,,1,,1,,1,,1,,,,2026-09-17 23:10:24.953977+00
254,5,,Daerah (Data),,,,,,,,,,,,,,2026-09-17 23:10:24.953977+00
255,5,,Jumlah Dokumen DPA-SKPD dan,,,,,,,,,,,,,,2026-09-17 23:10:24.953977+00
256,5,,Laporan Hasil Koordinasi,,,,,,,,,,,,,,2026-09-17 23:10:24.953977+00
257,5,,Penyusunan Dokumen DPA-SKPD,1,1,,1,,1,,1,,1,,,,2026-09-17 23:10:24.953977+00
258,5,,(Dokumen),,,,,,,,,,,,,,2026-09-17 23:10:24.953977+00
259,5,,Jumlah Dokumen Hasil,,,,,,,,,,,,,,2026-09-17 23:10:24.953977+00
260,5,,Penyelenggaraan Walidata,,,,,,,,,,,,,,2026-09-17 23:10:24.953977+00
261,5,,Pendukung Statistik Sektoral,1,1,,1,,1,,1,,1,,,,2026-09-17 23:10:24.953977+00
262,5,,Daerah (Dokumen),,,,,,,,,,,,,,2026-09-17 23:10:24.953977+00
263,5,2.09.01.2.01.0001 - Penyusunan,,,,,,,,,,,,,,,2026-09-17 23:10:24.953977+00
264,5,Dokumen Perencanaan Perangkat,,,,32930000,,34570000,,36300000,,38120000,,38120000,,,2026-09-17 23:10:24.953977+00
265,5,Daerah,,,,,,,,,,,,,,,2026-09-17 23:10:24.953977+00
266,5,Tersusunnya Dokumen Perencanaan,Jumlah Dokumen Perencanaan,,,,,,,,,,,,,,2026-09-17 23:10:24.953977+00
267,5,Perangkat Daerah,Perangkat Daerah  (Dokumen),2,2,32930000,3,34570000,2,36300000,2,38120000,3,38120000,,,2026-09-17 23:10:24.953977+00
268,5,2.09.01.2.01.0002 - Koordinasi dan,,,,,,,,,,,,,,,2026-09-17 23:10:24.953977+00
269,5,Penyusunan Dokumen RKA-SKPD,,,,3600000,,3600000,,3600000,,3600000,,3600000,,,2026-09-17 23:10:24.953977+00
270,5,Tersedianya Dokumen RKA-SKPD dan,Jumlah Dokumen RKA-SKPD dan,,,,,,,,,,,,,,2026-09-17 23:10:24.953977+00
271,5,Laporan Hasil Koordinasi Penyusunan,Laporan Hasil Koordinasi,,,,1,,1,,1,,1,,,,2026-09-17 23:10:24.953977+00
272,5,Dokumen RKA-SKPD,Penyusunan Dokumen RKA-SKPD,,,,,,,,,,,,,,2026-09-17 23:10:24.953977+00
273,5,,,1,1,3600000,,3600000,,3600000,,3600000,,3600000,,,2026-09-17 23:10:24.953977+00
274,5,,(Dokumen),,,,,,,,,,,,,,2026-09-17 23:10:24.953977+00
275,5,2.09.01.2.01.0003 - Koordinasi dan,,,,,,,,,,,,,,,2026-09-17 23:10:24.953977+00
276,5,Penyusunan Dokumen Perubahan,,,,1800000,,1800000,,1800000,,1800000,,1800000,,,2026-09-17 23:10:24.953977+00
277,5,RKA-SKPD,,,,,,,,,,,,,,,2026-09-17 23:10:24.953977+00
278,5,Tersedianya Dokumen Perubahan,Jumlah Dokumen Perubahan,,,,,,,,,,,,,,2026-09-17 23:10:24.953977+00
279,5,RKA-SKPD dan Laporan Hasil,RKA-SKPD dan Laporan Hasil,,,,,,,,,,,,,,2026-09-17 23:10:24.953977+00
280,5,Koordinasi Penyusunan Dokumen,Koordinasi Penyusunan Dokumen,1,1,1800000,1,1800000,1,1800000,1,1800000,1,1800000,,,2026-09-17 23:10:24.953977+00
281,5,Perubahan RKA-SKPD,Perubahan RKA-SKPD (Dokumen),,,,,,,,,,,,,,2026-09-17 23:10:24.953977+00
282,5,2.09.01.2.01.0004 - Koordinasi dan,,,,,,,,,,,,,,,2026-09-17 23:10:24.953977+00
283,5,Penyusunan DPA-SKPD,,,,3600000,,3600000,,3600000,,3600000,,3600000,,,2026-09-17 23:10:24.953977+00
284,6,BIDANG URUSAN / PROGRAM /,,,,,,,,,,,,,,,2026-09-17 23:10:24.953977+00
285,6,OUTCOME / KEGIATAN /,INDIKATOR OUTCOME /,,,,,,,,,,,,,,2026-09-17 23:10:24.953977+00
286,6,,,,,,,2027,,,,2029,,,,,2026-09-17 23:10:24.953977+00
287,6,SUBKEGIATAN OUTPUT,OUTPUT,,,,,,,,,,,,,,2026-09-17 23:10:24.953977+00
288,6,,,TAHUN,,2026,,,,2028,,,,2030,PERANGKAT,,2026-09-17 23:10:24.953977+00
289,6,,,,TARGET,,TARGET,,TARGET,,TARGET,,TARGET,,,,2026-09-17 23:10:24.953977+00
290,6,Tersedianya Dokumen DPA-SKPD dan,Jumlah Dokumen DPA-SKPD dan,,,,,,,,,,,,,,2026-09-17 23:10:24.953977+00
291,6,Laporan Hasil Koordinasi Penyusunan,Laporan Hasil Koordinasi,1,1,3600000,1,3600000,1,3600000,1,3600000,1,3600000,,,2026-09-17 23:10:24.953977+00
292,6,Dokumen DPA-SKPD,Penyusunan Dokumen DPA-SKPD (Dokumen),,,,,,,,,,,,,,2026-09-17 23:10:24.953977+00
293,6,2.09.01.2.01.0005 - Koordinasi dan,,,,,,,,,,,,,,,2026-09-17 23:10:24.953977+00
294,6,Penyusunan Perubahan DPA- SKPD,,,,1800000,,1800000,,1800000,,1800000,,1800000,,,2026-09-17 23:10:24.953977+00
295,6,Tersedianya Dokumen Perubahan,Jumlah Dokumen Perubahan,,,,,,,,,,,,,,2026-09-17 23:10:24.953977+00
296,6,DPA-SKPD dan Laporan Hasil,DPA-SKPD dan Laporan Hasil,,,,,,,,,,,,,,2026-09-17 23:10:24.953977+00
297,6,Koordinasi Penyusunan Dokumen,Koordinasi Penyusunan Dokumen,1,1,1800000,1,1800000,1,1800000,1,1800000,1,1800000,,,2026-09-17 23:10:24.953977+00
298,6,Perubahan DPA-SKPD,Perubahan DPA-SKPD (Dokumen),,,,,,,,,,,,,,2026-09-17 23:10:24.953977+00
299,6,2.09.01.2.01.0006 - Koordinasi dan,,,,,,,,,,,,,,,2026-09-17 23:10:24.953977+00
300,6,Penyusunan Laporan Capaian Kinerja,,,,18360000,,18800000,,19200000,,19600000,,19600000,,,2026-09-17 23:10:24.953977+00
301,6,dan Ikhtisar Realisasi Kinerja SKPD,,,,,,,,,,,,,,,2026-09-17 23:10:24.953977+00
302,6,Tersedianya Laporan Capaian Kinerja,Jumlah Laporan Capaian Kinerja,,,,,,,,,,,,,,2026-09-17 23:10:24.953977+00
303,6,dan Ikhtisar Realisasi Kinerja SKPD dan,dan Ikhtisar Realisasi Kinerja SKPD,,,,,,,,,,,,,,2026-09-17 23:10:24.953977+00
304,6,Laporan Hasil Koordinasi Penyusunan,dan Laporan Hasil Koordinasi,3,3,18360000,3,18800000,,19200000,3,19600000,3,19600000,,,2026-09-17 23:10:24.953977+00
305,6,Laporan Capaian Kinerja dan Ikhtisar,Penyusunan Laporan Capaian,,,,,,,,,,,,,,2026-09-17 23:10:24.953977+00
306,6,Realisasi Kinerja SKPD,Kinerja dan Ikhtisar Realisasi Kinerja SKPD (Laporan),,,,,,,,,,,,,,2026-09-17 23:10:24.953977+00
307,6,2.09.01.2.01.0007 - Evaluasi Kinerja,,,,,,,,,,,,,,,2026-09-17 23:10:24.953977+00
308,6,Perangkat Daerah,,,,19090000,,19090000,,20050000,,20050000,,20050000,,,2026-09-17 23:10:24.953977+00
309,6,Terlaksananya Evaluasi Kinerja,Jumlah Laporan Evaluasi Kinerja,,,,,,,,,,,,,,2026-09-17 23:10:24.953977+00
310,6,Perangkat Daerah,Perangkat Daerah (Laporan),4,4,19090000,4,19090000,4,20050000,4,20050000,4,20050000,,,2026-09-17 23:10:24.953977+00
311,6,2.09.01.2.01.0008 - Penyelenggaraan,,,,,,,,,,,,,,,2026-09-17 23:10:24.953977+00
312,6,Walidata Pendukung Statistik Sektoral,,,,7120000,,7480000,,7850000,,8240000,,8240000,,,2026-09-17 23:10:24.953977+00
313,6,Daerah,,,,,,,,,,,,,,,2026-09-17 23:10:24.953977+00
314,6,,Jumlah Dokumen Hasil,,,,,,,,,,,,,,2026-09-17 23:10:24.953977+00
315,6,Terselenggaranya Walidata Pendukung,Penyelenggaraan Walidata,,,,,,,,,,,,,,2026-09-17 23:10:24.953977+00
316,6,Statistik Sektoral Daerah,Pendukung Statistik Sektoral,1,1,7120000,1,7480000,1,7850000,1,8240000,1,8240000,,,2026-09-17 23:10:24.953977+00
317,6,,Daerah (Dokumen),,,,,,,,,,,,,,2026-09-17 23:10:24.953977+00
318,6,2.09.01.2.01.0009 - Pelaksanaan,,,,,,,,,,,,,,,2026-09-17 23:10:24.953977+00
319,6,Pengumpulan Data Statistik Sektoral,,,,11000000,,12500000,,13040000,,13600000,,13600000,,,2026-09-17 23:10:24.953977+00
320,6,Daerah,,,,,,,,,,,,,,,2026-09-17 23:10:24.953977+00
321,6,,Jumlah Data Statistik Sektoral,,,,,,,,,,,,,,2026-09-17 23:10:24.953977+00
322,6,Terlaksananya Pengumpulan Data,Daerah yang Telah Dikumpulkan,,,,,,,,,,,,,,2026-09-17 23:10:24.953977+00
323,6,Statistik Sektoral Daerah,dan Diperiksa Lingkup Perangkat,1,1,11000000,1,12500000,1,13040000,1,13600000,1,13600000,,,2026-09-17 23:10:24.953977+00
324,6,,Daerah (Data),,,,,,,,,,,,,,2026-09-17 23:10:24.953977+00
325,6,2.09.01.2.01.0010 - Pelaksanaan Forum,,,,,,,,,,,,,,,2026-09-17 23:10:24.953977+00
326,6,Perangkat Daerah Berdasarkan Bidang,,,,,,,,,,,,,,,2026-09-17 23:10:24.953977+00
327,6,Urusan yang Diampu dalam Rangka,,,,14500000,,14500000,,14500000,,14500000,,14500000,,,2026-09-17 23:10:24.953977+00
328,6,Penyusunan Dokumen Perencanaan,,,,,,,,,,,,,,,2026-09-17 23:10:24.953977+00
329,6,Perangkat Daerah,,,,,,,,,,,,,,,2026-09-17 23:10:24.953977+00
330,6,Terlaksananya Forum Perangkat Daerah,Jumlah Berita Acara Hasil Forum,,,,,,,,,,,,,,2026-09-17 23:10:24.953977+00
331,6,Berdasarkan Bidang Urusan yang,Perangkat Daerah Berdasarkan,,,,,,,,,,,,,,2026-09-17 23:10:24.953977+00
332,6,Diampu dalam Rangka Penyusunan,Bidang Urusan yang Diampu dalam,1,1,14500000,,14500000,1,14500000,,14500000,1,14500000,,,2026-09-17 23:10:24.953977+00
333,6,Dokumen Perencanaan Perangkat,Rangka Penyusunan Dokumen,,,,,,,,,,,,,,2026-09-17 23:10:24.953977+00
334,6,Daerah,Perencanaan Perangkat Daerah (Berita Acara),,,,,,,,,,,,,,2026-09-17 23:10:24.953977+00
335,6,2.09.01.2.02 - Administrasi Keuangan,,,,,,,,,,,,,,,2026-09-17 23:10:24.953977+00
336,6,Perangkat Daerah,,,,11628917448,,11914450000,,12211050000,,12515070000,,12515070000,,,2026-09-17 23:10:24.953977+00
337,6,Persentase Administrasi Keuangan,Jumlah Dokumen Pelaporan dan,,,,,,,,,,,,,,2026-09-17 23:10:24.953977+00
338,6,Perangkat Daerah,Analisis Prognosis Realisasi Anggaran  (Dokumen),1,1,11628917448,1,11914450000,1,12211050000,1,12515070000,1,12515070000,,,2026-09-17 23:10:24.953977+00
339,6,,Jumlah Dokumen Penatausahaan,,,,,,,,,,,,,,2026-09-17 23:10:24.953977+00
340,6,,dan Pengujian/Verifikasi Keuangan,1,1,,1,,1,,1,,1,,,,2026-09-17 23:10:24.953977+00
341,6,,SKPD (Dokumen),,,,,,,,,,,,,,2026-09-17 23:10:24.953977+00
342,7,BIDANG URUSAN / PROGRAM /,,,,,,,,,,,,,,,2026-09-17 23:10:24.953977+00
343,7,OUTCOME / KEGIATAN /,INDIKATOR OUTCOME /,,,,,,,,,,,,,,2026-09-17 23:10:24.953977+00
344,7,,,,,,,2027,,,,2029,,,,,2026-09-17 23:10:24.953977+00
345,7,SUBKEGIATAN OUTPUT,OUTPUT,,,,,,,,,,,,,,2026-09-17 23:10:24.953977+00
346,7,,,TAHUN,,2026,,,,2028,,,,2030,PERANGKAT,,2026-09-17 23:10:24.953977+00
347,7,,,,TARGET,,TARGET,,TARGET,,TARGET,,TARGET,,,,2026-09-17 23:10:24.953977+00
348,7,,Jumlah Laporan Keuangan Akhir,,,,,,,,,,,,,,2026-09-17 23:10:24.953977+00
349,7,,Tahun SKPD dan Laporan Hasil,,,,,,,,,,,,,,2026-09-17 23:10:24.953977+00
350,7,,Koordinasi Penyusunan Laporan,1,1,,1,,1,,1,,1,,,,2026-09-17 23:10:24.953977+00
351,7,,Keuangan Akhir Tahun SKPD,,,,,,,,,,,,,,2026-09-17 23:10:24.953977+00
352,7,,(Laporan),,,,,,,,,,,,,,2026-09-17 23:10:24.953977+00
353,7,,Jumlah Laporan Keuangan,,,,,,,,,,,,,,2026-09-17 23:10:24.953977+00
354,7,,Bulanan/ Triwulanan/ Semesteran,,,,,,,,,,,,,,2026-09-17 23:10:24.953977+00
355,7,,SKPD dan Laporan Koordinasi,,,,,,,,,,,,,,2026-09-17 23:10:24.953977+00
356,7,,Penyusunan Laporan Keuangan,3,3,,3,,3,,3,,3,,,,2026-09-17 23:10:24.953977+00
357,7,,Bulanan/Triwulanan/Semesteran,,,,,,,,,,,,,,2026-09-17 23:10:24.953977+00
358,7,,SKPD (Laporan),,,,,,,,,,,,,,2026-09-17 23:10:24.953977+00
359,7,,Jumlah Orang yang Menerima Gaji,,,,,,,,,,,,,,2026-09-17 23:10:24.953977+00
360,7,,dan Tunjangan ASN (Orang/bulan),54,54,,54,,54,,54,,54,,,,2026-09-17 23:10:24.953977+00
361,7,2.09.01.2.02.0001 - Penyediaan Gaji dan,,,,,,,,,,,,,,,2026-09-17 23:10:24.953977+00
362,7,Tunjangan ASN,,,,11574760000,,11864130000,,12160730000,,12464750000,,12464750000,,,2026-09-17 23:10:24.953977+00
363,7,Tersedianya Gaji dan Tunjangan ASN,Jumlah Orang yang Menerima Gaji dan Tunjangan ASN (Orang/bulan),54,54,11574760000,54,11864130000,54,12160730000,54,12464750000,54,12464750000,,,2026-09-17 23:10:24.953977+00
364,7,2.09.01.2.02.0003 - Pelaksanaan,,,,,,,,,,,,,,,2026-09-17 23:10:24.953977+00
365,7,Penatausahaan dan,,,,43820000,,43820000,,43820000,,43820000,,43820000,,,2026-09-17 23:10:24.953977+00
366,7,Pengujian/Verifikasi Keuangan SKPD,,,,,,,,,,,,,,,2026-09-17 23:10:24.953977+00
367,7,Terlaksananya Penatausahaan dan,Jumlah Dokumen Penatausahaan,,,,,,,,,,,,,,2026-09-17 23:10:24.953977+00
368,7,Pengujian/Verifikasi Keuangan SKPD,dan Pengujian/Verifikasi Keuangan SKPD (Dokumen),1,1,43820000,1,43820000,1,43820000,1,43820000,1,43820000,,,2026-09-17 23:10:24.953977+00
369,7,2.09.01.2.02.0005 - Koordinasi dan,,,,,,,,,,,,,,,2026-09-17 23:10:24.953977+00
370,7,Penyusunan Laporan Keuangan Akhir,,,,2500000,,2500000,,2500000,,2500000,,2500000,,,2026-09-17 23:10:24.953977+00
371,7,Tahun SKPD,,,,,,,,,,,,,,,2026-09-17 23:10:24.953977+00
372,7,Tersedianya Laporan Keuangan Akhir,Jumlah Laporan Keuangan Akhir,,,,,,,,,,,,,,2026-09-17 23:10:24.953977+00
373,7,Tahun SKPD dan Laporan Hasil,Tahun SKPD dan Laporan Hasil,,,,,,,,,,,,,,2026-09-17 23:10:24.953977+00
374,7,Koordinasi Penyusunan Laporan,Koordinasi Penyusunan Laporan,1,1,2500000,1,2500000,1,2500000,1,2500000,1,2500000,,,2026-09-17 23:10:24.953977+00
375,7,Keuangan Akhir Tahun SKPD,Keuangan Akhir Tahun SKPD (Laporan),,,,,,,,,,,,,,2026-09-17 23:10:24.953977+00
376,7,2.09.01.2.02.0007 - Koordinasi dan,,,,,,,,,,,,,,,2026-09-17 23:10:24.953977+00
377,7,Penyusunan Laporan Keuangan,,,,6337448,,2500000,,2500000,,2500000,,2500000,,,2026-09-17 23:10:24.953977+00
378,7,Bulanan/ Triwulanan/ Semesteran SKPD,,,,,,,,,,,,,,,2026-09-17 23:10:24.953977+00
379,7,Tersedianya Laporan Keuangan,Jumlah Laporan Keuangan,,,,,,,,,,,,,,2026-09-17 23:10:24.953977+00
380,7,Bulanan/Triwulanan/Semesteran SKPD,Bulanan/ Triwulanan/ Semesteran,,,,,,,,,,,,,,2026-09-17 23:10:24.953977+00
381,7,dan Laporan Koordinasi Penyusunan,SKPD dan Laporan Koordinasi,3,3,6337448,3,,3,2500000,3,2500000,3,2500000,,,2026-09-17 23:10:24.953977+00
382,7,Laporan Keuangan,Penyusunan Laporan Keuangan,,,,,,,,,,,,,,2026-09-17 23:10:24.953977+00
383,7,,,,,,,2500000,,,,,,,,,2026-09-17 23:10:24.953977+00
384,7,Bulanan/Triwulanan/Semesteran SKPD,Bulanan/Triwulanan/Semesteran SKPD (Laporan),,,,,,,,,,,,,,2026-09-17 23:10:24.953977+00
385,7,2.09.01.2.02.0008 - Penyusunan,,,,,,,,,,,,,,,2026-09-17 23:10:24.953977+00
386,7,Pelaporan dan Analisis Prognosis,,,,1500000,,1500000,,1500000,,1500000,,1500000,,,2026-09-17 23:10:24.953977+00
387,7,Realisasi Anggaran,,,,,,,,,,,,,,,2026-09-17 23:10:24.953977+00
388,7,Tersedianya Dokumen Pelaporan dan,Jumlah Dokumen Pelaporan dan,,,,,,,,,,,,,,2026-09-17 23:10:24.953977+00
389,7,Analisis Prognosis Realisasi Anggaran,Analisis Prognosis Realisasi Anggaran  (Dokumen),1,1,1500000,1,1500000,1,1500000,1,1500000,1,1500000,,,2026-09-17 23:10:24.953977+00
390,7,2.09.01.2.03 - Administrasi Barang Milik,,,,,,,,,,,,,,,2026-09-17 23:10:24.953977+00
391,7,Daerah pada Perangkat Daerah,,,,5400000,,8688334,,9086443,,9484629,,9484629,,,2026-09-17 23:10:24.953977+00
392,7,Persentase Administrasi Barang Milik,Jumlah Laporan Penatausahaan,,,,,,,,,,,,,,2026-09-17 23:10:24.953977+00
393,7,Daerah pada Perangkat Daerah,Barang Milik Daerah pada SKPD (Laporan),1,1,5400000,1,8688334,1,9086443,1,9484629,1,9484629,,,2026-09-17 23:10:24.953977+00
394,7,,Jumlah Rencana Kebutuhan,,,,,,,,,,,,,,2026-09-17 23:10:24.953977+00
395,7,,Barang Milik Daerah SKPD,1,1,,1,,1,,1,,1,,,,2026-09-17 23:10:24.953977+00
396,7,,(Dokumen),,,,,,,,,,,,,,2026-09-17 23:10:24.953977+00
397,7,,Jumlah Laporan Rekonsiliasi dan,,,,,,,,,,,,,,2026-09-17 23:10:24.953977+00
398,7,,Penyusunan Laporan Barang Milik,1,1,,1,,1,,1,,1,,,,2026-09-17 23:10:24.953977+00
399,7,,Daerah pada SKPD (Laporan),,,,,,,,,,,,,,2026-09-17 23:10:24.953977+00
400,8,BIDANG URUSAN / PROGRAM /,,,,,,,,,,,,,,,2026-09-17 23:10:24.953977+00
401,8,OUTCOME / KEGIATAN /,INDIKATOR OUTCOME /,,,,,,,,,,,,,,2026-09-17 23:10:24.953977+00
402,8,,,,,,,2027,,,,2029,,,,,2026-09-17 23:10:24.953977+00
403,8,SUBKEGIATAN OUTPUT,OUTPUT,,,,,,,,,,,,,,2026-09-17 23:10:24.953977+00
404,8,,,TAHUN,,2026,,,,2028,,,,2030,PERANGKAT,,2026-09-17 23:10:24.953977+00
405,8,,,,TARGET,,TARGET,,TARGET,,TARGET,,TARGET,,,,2026-09-17 23:10:24.953977+00
406,8,2.09.01.2.03.0001 - Penyusunan,,,,,,,,,,,,,,,2026-09-17 23:10:24.953977+00
407,8,Perencanaan Kebutuhan Barang Milik,,,,1980000,,1980000,,1980000,,1980000,,1980000,,,2026-09-17 23:10:24.953977+00
408,8,Daerah SKPD,,,,,,,,,,,,,,,2026-09-17 23:10:24.953977+00
409,8,Tersedianya Rencana Kebutuhan Barang,Jumlah Rencana Kebutuhan,,,,,,,,,,,,,,2026-09-17 23:10:24.953977+00
410,8,Milik Daerah SKPD,Barang Milik Daerah SKPD (Dokumen),1,1,1980000,1,1980000,1,1980000,1,1980000,1,1980000,,,2026-09-17 23:10:24.953977+00
411,8,2.09.01.2.03.0005 - Rekonsiliasi dan,,,,,,,,,,,,,,,2026-09-17 23:10:24.953977+00
412,8,Penyusunan Laporan Barang Milik,,,,2420000,,2420000,,2420000,,2420000,,2420000,,,2026-09-17 23:10:24.953977+00
413,8,Daerah pada SKPD,,,,,,,,,,,,,,,2026-09-17 23:10:24.953977+00
414,8,Terlaksananya Rekonsiliasi dan,Jumlah Laporan Rekonsiliasi dan,,,,,,,,,,,,,,2026-09-17 23:10:24.953977+00
415,8,Penyusunan Laporan Barang Milik,Penyusunan Laporan Barang Milik,1,1,2420000,1,2420000,1,2420000,1,2420000,1,2420000,,,2026-09-17 23:10:24.953977+00
416,8,Daerah pada SKPD,Daerah pada SKPD (Laporan),,,,,,,,,,,,,,2026-09-17 23:10:24.953977+00
417,8,2.09.01.2.03.0006 - Penatausahaan,,,,,,,,,,,,,,,2026-09-17 23:10:24.953977+00
418,8,Barang Milik Daerah pada SKPD,,,,1000000,,4288334,,4686443,,5084629,,5084629,,,2026-09-17 23:10:24.953977+00
419,8,Terlaksananya Penatausahaan Barang,Jumlah Laporan Penatausahaan,,,,,,,,,,,,,,2026-09-17 23:10:24.953977+00
420,8,Milik Daerah pada SKPD,Barang Milik Daerah pada SKPD (Laporan),1,1,1000000,1,4288334,1,4686443,1,5084629,1,5084629,,,2026-09-17 23:10:24.953977+00
421,8,2.09.01.2.04 - Administrasi Pendapatan,,,,,,,,,,,,,,,2026-09-17 23:10:24.953977+00
422,8,Daerah Kewenangan Perangkat Daerah,,,,3652552,,3211666,,2803557,,2405371,,2405371,,,2026-09-17 23:10:24.953977+00
423,8,Persentase Administrasi Pendapatan,Jumlah Laporan Pengelolaan,,,,,,,,,,,,,,2026-09-17 23:10:24.953977+00
424,8,Daerah Kewenangan Perangkat Daerah,Retribusi Daerah (Dokumen),4,4,3652552,4,3211666,4,2803557,4,2405371,4,2405371,,,2026-09-17 23:10:24.953977+00
425,8,2.09.01.2.04.0007 - Pelaporan,,,,,,,,,,,,,,,2026-09-17 23:10:24.953977+00
426,8,Pengelolaan Retribusi Daerah,,,,3652552,,3211666,,2803557,,2405371,,2405371,,,2026-09-17 23:10:24.953977+00
427,8,Tersedianya Laporan Pengelolaan,Jumlah Laporan Pengelolaan,,,,,,,,,,,,,,2026-09-17 23:10:24.953977+00
428,8,Retribusi Daerah,Retribusi Daerah (Dokumen),4,4,3652552,4,3211666,4,2803557,4,2405371,4,2405371,,,2026-09-17 23:10:24.953977+00
429,8,"Meningkatnya kualitas Perencanaan,",,,,,,,,,,,,,2.09.3.27.3.25.02.00,,2026-09-17 23:10:24.953977+00
430,8,"Pengendalian, dan Evaluasi Program",,,,,,,,,,,,,,,2026-09-17 23:10:24.953977+00
431,8,Kegiatan Serta Pengelolaan Keuangan,,,,0,,0,,0,,0,,0,,,2026-09-17 23:10:24.953977+00
432,8,Perangkat Daerah,,,,,,,,,,,,,Pasar Hewan,,2026-09-17 23:10:24.953977+00
433,8,2.09.03 - PROGRAM PENINGKATAN,,,,,,,,,,,,,,,2026-09-17 23:10:24.953977+00
434,8,DIVERSIFIKASI DAN KETAHANAN,,,,428300000,,428300000,,428300000,,428300000,,428300000,,,2026-09-17 23:10:24.953977+00
435,8,PANGAN MASYARAKAT,,,,,,,,,,,,,,,2026-09-17 23:10:24.953977+00
436,8,Meningkatnya diversifikasi dan,,,,,,,,,,,,,00 - DINAS,,2026-09-17 23:10:24.953977+00
437,8,ketahanan pangan masyarakat,Skor Pola Pangan Harapan (Nilai),"90,9",91,428300000,91,428300000,92,428300000,92,428300000,93,428300000,KETAHANAN PANGAN DAN,,2026-09-17 23:10:24.953977+00
438,8,2.09.03.2.01 - Penyediaan dan,,,,,,,,,,,,,,,2026-09-17 23:10:24.953977+00
439,8,Penyaluran Pangan Pokok atau Pangan,,,,,,,,,,,,,,,2026-09-17 23:10:24.953977+00
440,8,Lainnya sesuai dengan Kebutuhan,,,,266300000,,266300000,,266300000,,266300000,,266300000,,,2026-09-17 23:10:24.953977+00
441,8,Daerah Kabupaten/Kota dalam rangka,,,,,,,,,,,,,,,2026-09-17 23:10:24.953977+00
442,8,Stabilisasi Pasokan dan Harga Pangan,,,,,,,,,,,,,,,2026-09-17 23:10:24.953977+00
443,8,Tersedianya pangan lokal yang,,,,,,,,,,,,,,,2026-09-17 23:10:24.953977+00
444,8,terkoordinasi dengan stabilisasi pasokan,Jumlah koordinasi dan sinkronisasi,,,,,,,,,,,,,,2026-09-17 23:10:24.953977+00
445,8,"dan harga, peningkatan ketahanan","pemantauan stok pangan, pasokan",,,,,,,,,,,,,,2026-09-17 23:10:24.953977+00
446,8,"pangan keluarga, pengolahan usaha,",pangan dan harga pangan Pokok,,4,266300000,4,266300000,4,266300000,4,266300000,4,266300000,,,2026-09-17 23:10:24.953977+00
447,8,serta informasi dan data neraca pangan,Strategis (Laporan),,,,,,,,,,,,,,2026-09-17 23:10:24.953977+00
448,8,di tingkat kabupaten/kota.,,,,,,,,,,,,,,,2026-09-17 23:10:24.953977+00
449,8,,Jumlah laporan pengembangan,,,,,,,,,,,,,,2026-09-17 23:10:24.953977+00
450,8,,usaha pengolahan pangan berbasis,,1,,1,,1,,1,,1,,,,2026-09-17 23:10:24.953977+00
451,8,,sumber daya lokal (Laporan),,,,,,,,,,,,,,2026-09-17 23:10:24.953977+00
452,9,BIDANG URUSAN / PROGRAM /,,,,,,,,,,,,,,,2026-09-17 23:10:24.953977+00
453,9,OUTCOME / KEGIATAN /,INDIKATOR OUTCOME /,,,,,,,,,,,,,,2026-09-17 23:10:24.953977+00
454,9,,,,,,,2027,,,,2029,,,,,2026-09-17 23:10:24.953977+00
455,9,SUBKEGIATAN OUTPUT,OUTPUT,,,,,,,,,,,,,,2026-09-17 23:10:24.953977+00
456,9,,,TAHUN,,2026,,,,2028,,,,2030,PERANGKAT,,2026-09-17 23:10:24.953977+00
457,9,,,,TARGET,,TARGET,,TARGET,,TARGET,,TARGET,,,,2026-09-17 23:10:24.953977+00
458,9,,"Jumlah Koordinasi, Sinkronisasi",,,,,,,,,,,,,,2026-09-17 23:10:24.953977+00
459,9,,dan Pelaksanaan Distribusi Pangan,,,,,,,,,,,,,,2026-09-17 23:10:24.953977+00
460,9,,Pokok dan Pangan Lainnya,,3,,3,,3,,3,,3,,,,2026-09-17 23:10:24.953977+00
461,9,,(Laporan),,,,,,,,,,,,,,2026-09-17 23:10:24.953977+00
462,9,,Pangan Berbasis Sumber Daya,,,,,,,,,,,,,,2026-09-17 23:10:24.953977+00
463,9,,Lokal yang Tersedia (Laporan),1,1,,1,,1,,1,,1,,,,2026-09-17 23:10:24.953977+00
464,9,,Data Proyeksi Neraca Pangan,,,,,,,,,,,,,,2026-09-17 23:10:24.953977+00
465,9,,Wilayah Kabupaten/Kota,,1,,1,,1,,1,,1,,,,2026-09-17 23:10:24.953977+00
466,9,,(Dokumen),,,,,,,,,,,,,,2026-09-17 23:10:24.953977+00
467,9,,Informasi harga pangan tingkat,,,,,,,,,,,,,,2026-09-17 23:10:24.953977+00
468,9,,Produsen dan Konsumen wilayah,,1,,1,,1,,1,,1,,,,2026-09-17 23:10:24.953977+00
469,9,,Kabupaten/Kota (Laporan),,,,,,,,,,,,,,2026-09-17 23:10:24.953977+00
470,9,,Informasi Neraca Bahan Makanan,,,,,,,,,,,,,,2026-09-17 23:10:24.953977+00
471,9,,(NBM) (Dokumen),,1,,1,,1,,1,,1,,,,2026-09-17 23:10:24.953977+00
472,9,,Jumlah kegiatan Stabilisasi,,,,,,,,,,,,,,2026-09-17 23:10:24.953977+00
473,9,,Pasokan dan Harga Pangan,,,,,,,,,,,,,,2026-09-17 23:10:24.953977+00
474,9,,Tingkat Produsen dan Konsumen di,,3,,3,,3,,3,,3,,,,2026-09-17 23:10:24.953977+00
475,9,,Kabupaten/Kota (laporan),,,,,,,,,,,,,,2026-09-17 23:10:24.953977+00
476,9,,Jumlah Keluarga yang Mengikuti,,,,,,,,,,,,,,2026-09-17 23:10:24.953977+00
477,9,,Peningkatan Ketahanan Pangan,,60,,60,,60,,60,,60,,,,2026-09-17 23:10:24.953977+00
478,9,,Keluarga (Keluarga),,,,,,,,,,,,,,2026-09-17 23:10:24.953977+00
479,9,2.09.03.2.01.0002 - Penyediaan Pangan,,,,,,,,,,,,,,,2026-09-17 23:10:24.953977+00
480,9,Berbasis Sumber Daya Lokal,,,,36000000,,36000000,,36000000,,36000000,,36000000,,,2026-09-17 23:10:24.953977+00
481,9,Tersedianya Pangan Berbasis Sumber,Pangan Berbasis Sumber Daya,,,,,,,,,,,,,,2026-09-17 23:10:24.953977+00
482,9,Daya Lokal,Lokal yang Tersedia (Laporan),1,1,36000000,1,36000000,1,36000000,1,36000000,1,36000000,,,2026-09-17 23:10:24.953977+00
483,9,"2.09.03.2.01.0003 - Koordinasi,",,,,,,,,,,,,,,,2026-09-17 23:10:24.953977+00
484,9,Sinkronisasi dan Pelaksanaan Distribusi,,,,20000000,,20000000,,20000000,,20000000,,20000000,,,2026-09-17 23:10:24.953977+00
485,9,Pangan Pokok dan Pangan Lainnya,,,,,,,,,,,,,,,2026-09-17 23:10:24.953977+00
486,9,"Terlaksananya Koordinasi, Sinkronisasi","Jumlah Koordinasi, Sinkronisasi",,,,,,,,,,,,,,2026-09-17 23:10:24.953977+00
487,9,dan Distribusi Pangan Pokok dan,dan Pelaksanaan Distribusi Pangan,,3,,3,20000000,3,,3,20000000,3,,,,2026-09-17 23:10:24.953977+00
488,9,Pangan Lainnya,Pokok dan Pangan Lainnya,,,,,,,,,,,,,,2026-09-17 23:10:24.953977+00
489,9,,,,,20000000,,,,20000000,,,,20000000,,,2026-09-17 23:10:24.953977+00
490,9,,(Laporan),,,,,,,,,,,,,,2026-09-17 23:10:24.953977+00
491,9,2.09.03.2.01.0007 - Peningkatan,,,,,,,,,,,,,,,2026-09-17 23:10:24.953977+00
492,9,Ketahanan Pangan Keluarga,,,,49300000,,49300000,,49300000,,49300000,,49300000,,,2026-09-17 23:10:24.953977+00
493,9,Terlaksananya Peningkatan Ketahanan,Jumlah Keluarga yang Mengikuti,,,,,,,,,,,,,,2026-09-17 23:10:24.953977+00
494,9,Pangan Keluarga,Peningkatan Ketahanan Pangan Keluarga (Keluarga),,60,49300000,60,49300000,60,49300000,60,49300000,60,49300000,,,2026-09-17 23:10:24.953977+00
495,9,2.09.03.2.01.0008 - Stabilisasi Pasokan,,,,,,,,,,,,,,,2026-09-17 23:10:24.953977+00
496,9,dan Harga Pangan Tingkat Produsen,,,,80000000,,80000000,,80000000,,80000000,,80000000,,,2026-09-17 23:10:24.953977+00
497,9,dan Konsumen di Kabupaten/Kota,,,,,,,,,,,,,,,2026-09-17 23:10:24.953977+00
498,9,Terlaksananya Stabilisasi Pasokan dan,Jumlah kegiatan Stabilisasi,,,,,,,,,,,,,,2026-09-17 23:10:24.953977+00
499,9,Harga Pangan Tingkat Produsen dan,Pasokan dan Harga Pangan,,3,80000000,3,80000000,3,80000000,3,80000000,3,80000000,,,2026-09-17 23:10:24.953977+00
500,9,Konsumen di Kabupaten/Kota,Tingkat Produsen dan Konsumen di Kabupaten/Kota (laporan),,,,,,,,,,,,,,2026-09-17 23:10:24.953977+00
501,9,2.09.03.2.01.0009 - Pengembangan,,,,,,,,,,,,,,,2026-09-17 23:10:24.953977+00
502,9,usaha pengolahan Pangan Berbasis,,,,1000000,,1000000,,1000000,,1000000,,1000000,,,2026-09-17 23:10:24.953977+00
503,9,Sumber Daya Lokal,,,,,,,,,,,,,,,2026-09-17 23:10:24.953977+00
504,9,Terlaksananya pengembangan usaha,Jumlah laporan pengembangan,,,,,,,,,,,,,,2026-09-17 23:10:24.953977+00
505,9,pengolahan pangan berbasis sumber,usaha pengolahan pangan berbasis,,1,1000000,1,1000000,1,1000000,1,1000000,1,1000000,,,2026-09-17 23:10:24.953977+00
506,9,daya lokal,sumber daya lokal (Laporan),,,,,,,,,,,,,,2026-09-17 23:10:24.953977+00
507,9,2.09.03.2.01.0012 - Penyediaan,,,,,,,,,,,,,,,2026-09-17 23:10:24.953977+00
508,9,Informasi Harga Pangan Tingkat,,,,,,,,,,,,,,,2026-09-17 23:10:24.953977+00
509,9,Produsen dan Konsumen Wilayah,,,,30000000,,30000000,,30000000,,30000000,,30000000,,,2026-09-17 23:10:24.953977+00
510,9,Kabupaten/Kota,,,,,,,,,,,,,,,2026-09-17 23:10:24.953977+00
511,9,Tersedianya informasi harga pangan,Informasi harga pangan tingkat,,,,,,,,,,,,,,2026-09-17 23:10:24.953977+00
512,9,Tingkat Produsen dan Konsumen,Produsen dan Konsumen wilayah,,1,30000000,1,30000000,1,30000000,1,30000000,1,30000000,,,2026-09-17 23:10:24.953977+00
513,9,Wilayah Kabupaten/Kota,Kabupaten/Kota (Laporan),,,,,,,,,,,,,,2026-09-17 23:10:24.953977+00
514,10,BIDANG URUSAN / PROGRAM /,,,,,,,,,,,,,,,2026-09-17 23:10:24.953977+00
515,10,OUTCOME / KEGIATAN /,INDIKATOR OUTCOME /,,,,,,,,,,,,,,2026-09-17 23:10:24.953977+00
516,10,,,,,,,2027,,,,2029,,,,,2026-09-17 23:10:24.953977+00
517,10,SUBKEGIATAN OUTPUT,OUTPUT,,,,,,,,,,,,,,2026-09-17 23:10:24.953977+00
518,10,,,TAHUN,,2026,,,,2028,,,,2030,PERANGKAT DAERAH,KETERANGAN,2026-09-17 23:10:24.953977+00
519,10,,,,TARGET,,TARGET,,TARGET,,TARGET,,TARGET,,,,2026-09-17 23:10:24.953977+00
520,10,2.09.03.2.01.0014 - Koordinasi dan,,,,,,,,,,,,,,,2026-09-17 23:10:24.953977+00
521,10,"Sinkronisasi Pemantauan Stok, Pasokan",,,,10000000,,10000000,,10000000,,10000000,,10000000,,,2026-09-17 23:10:24.953977+00
522,10,dan Harga Pangan Pokok Strategis,,,,,,,,,,,,,,,2026-09-17 23:10:24.953977+00
523,10,"Terlaksananya pemantauan stok,",Jumlah koordinasi dan sinkronisasi,,,,,,,,,,,,,,2026-09-17 23:10:24.953977+00
524,10,pasokan dan harga pangan Pokok,"pemantauan stok pangan, pasokan",,4,10000000,4,10000000,4,10000000,4,10000000,,10000000,,,2026-09-17 23:10:24.953977+00
525,10,Strategis,pangan dan harga pangan Pokok,,,,,,,,,,,,,,2026-09-17 23:10:24.953977+00
526,10,,Strategis (Laporan),,,,,,,,,,,,,,2026-09-17 23:10:24.953977+00
527,10,2.09.03.2.01.0016 - Penyusunan Neraca,,,,,,,,,,,,,,,2026-09-17 23:10:24.953977+00
528,10,Bahan Makanan (NBM),,,,30000000,,30000000,,30000000,,30000000,,30000000,,,2026-09-17 23:10:24.953977+00
529,10,Tersedianya Neraca Bahan Makanan,Informasi Neraca Bahan Makanan,,,,,,,,,,,,,,2026-09-17 23:10:24.953977+00
530,10,(NBM),(NBM) (Dokumen),,1,30000000,1,30000000,1,30000000,1,30000000,1,30000000,,,2026-09-17 23:10:24.953977+00
531,10,2.09.03.2.01.0020 - Penyusunan,,,,,,,,,,,,,,,2026-09-17 23:10:24.953977+00
532,10,Proyeksi Neraca Pangan Wilayah,,,,10000000,,10000000,,10000000,,10000000,,10000000,,,2026-09-17 23:10:24.953977+00
533,10,Kabupaten/Kota,,,,,,,,,,,,,,,2026-09-17 23:10:24.953977+00
534,10,Tersedianya data proyeksi neraca,Data Proyeksi Neraca Pangan,,,,,,,,,,,,,,2026-09-17 23:10:24.953977+00
535,10,pangan Wilayah Kabupaten/Kota,Wilayah Kabupaten/Kota (Dokumen),,1,10000000,1,10000000,1,10000000,1,10000000,1,10000000,,,2026-09-17 23:10:24.953977+00
536,10,2.09.03.2.02 - Pengelolaan dan,,,,,,,,,,,,,,,2026-09-17 23:10:24.953977+00
537,10,Keseimbangan Cadangan Pangan,,,,72000000,,72000000,,72000000,,72000000,,72000000,,,2026-09-17 23:10:24.953977+00
538,10,Kabupaten/Kota,,,,,,,,,,,,,,,2026-09-17 23:10:24.953977+00
539,10,Terkelolanya Cadangan Pangan,Jumlah Cadangan Pangan,,,,,,,,,,,,,,2026-09-17 23:10:24.953977+00
540,10,Kabupaten/Kota,Pemerintah Kabupaten/Kota (Ton),,2,72000000,2,72000000,2,72000000,2,72000000,2,72000000,,,2026-09-17 23:10:24.953977+00
541,10,,Jumlah penyaluran Cadangan,,,,,,,,,,,,,,2026-09-17 23:10:24.953977+00
542,10,,Pangan Pemerintah Kab/Kota (Ton),,5,,5,,5,,5,,5,,,,2026-09-17 23:10:24.953977+00
543,10,2.09.03.2.02.0003 - Pengadaan,,,,,,,,,,,,,,,2026-09-17 23:10:24.953977+00
544,10,Cadangan Pangan Pemerintah,,,,32000000,,32000000,,32000000,,32000000,,32000000,,,2026-09-17 23:10:24.953977+00
545,10,Kabupaten/Kota,,,,,,,,,,,,,,,2026-09-17 23:10:24.953977+00
546,10,Tersedianya Cadangan Pangan,Jumlah Cadangan Pangan,,,,,,,,,,,,,,2026-09-17 23:10:24.953977+00
547,10,Pemerintah Kabupaten/Kota,Pemerintah Kabupaten/Kota (Ton),,2,32000000,2,32000000,2,32000000,2,32000000,2,32000000,,,2026-09-17 23:10:24.953977+00
548,10,2.09.03.2.02.0005 - Penyaluran,,,,,,,,,,,,,,,2026-09-17 23:10:24.953977+00
549,10,Cadangan Pangan Pemerintah Kab/Kota,,,,40000000,,40000000,,40000000,,40000000,,40000000,,,2026-09-17 23:10:24.953977+00
550,10,Terlaksananya penyaluran Cadangan,Jumlah penyaluran Cadangan,,,,,,,,,,,,,,2026-09-17 23:10:24.953977+00
551,10,Pangan Pemerintah Kab/Kota,Pangan Pemerintah Kab/Kota (Ton),,5,40000000,5,40000000,5,40000000,5,40000000,5,40000000,,,2026-09-17 23:10:24.953977+00
552,10,2.09.03.2.04 - Pelaksanaan Pencapaian,,,,,,,,,,,,,,,2026-09-17 23:10:24.953977+00
553,10,Target Konsumsi Pangan,,,,,,,,,,,,,,,2026-09-17 23:10:24.953977+00
554,10,Perkapita/Tahun sesuai dengan Angka,,,,90000000,,90000000,,90000000,,90000000,,90000000,,,2026-09-17 23:10:24.953977+00
555,10,Kecukupan Gizi,,,,,,,,,,,,,,,2026-09-17 23:10:24.953977+00
556,10,Terlaksananya Penyusunan dan,,,,,,,,,,,,,,,2026-09-17 23:10:24.953977+00
557,10,Penetapan Target Konsumsi Pangan Per,Target Konsumsi Pangan Per,,1,90000000,1,,1,90000000,,,,,,,2026-09-17 23:10:24.953977+00
558,10,Kapita Per Tahun,Kapita Per Tahun (Dokumen),,,,,,,,,,,,,,2026-09-17 23:10:24.953977+00
559,10,,,1,,,,90000000,,,1,90000000,1,90000000,,,2026-09-17 23:10:24.953977+00
560,10,2.09.03.2.04.0001 - Penyusunan dan,,,,,,,,,,,,,,,2026-09-17 23:10:24.953977+00
561,10,Penetapan Target Konsumsi Pangan Per,,,,90000000,,90000000,,90000000,,90000000,,90000000,,,2026-09-17 23:10:24.953977+00
562,10,Kapita Per Tahun,,,,,,,,,,,,,,,2026-09-17 23:10:24.953977+00
563,10,Terlaksananya Penyusunan dan,,,,,,,,,,,,,,,2026-09-17 23:10:24.953977+00
564,10,Penetapan Target Konsumsi Pangan Per,Target Konsumsi Pangan Per,1,1,90000000,1,90000000,1,,1,90000000,1,90000000,,,2026-09-17 23:10:24.953977+00
565,10,Kapita Per Tahun,Kapita Per Tahun (Dokumen),,,,,,,,,,,,,,2026-09-17 23:10:24.953977+00
566,10,,,,,,,,,90000000,,,,,,,2026-09-17 23:10:24.953977+00
567,10,2.09.04 - PROGRAM PENANGANAN,,,,,,,,,,,,,,,2026-09-17 23:10:24.953977+00
568,10,KERAWANAN PANGAN,,,,150000000,,150000000,,150000000,,150000000,,150000000,,,2026-09-17 23:10:24.953977+00
569,10,Meningkatnya pengawasan kerawanan,Persentase Daerah Rentan Rawan,,,,,,,,,,,,00 - DINAS,,2026-09-17 23:10:24.953977+00
570,10,pangan,Pangan (%),100,100,150000000,100,150000000,100,150000000,100,150000000,100,150000000,KETAHANAN PANGAN DAN,,2026-09-17 23:10:24.953977+00
571,10,2.09.04.2.01 - Penyusunan Peta,,,,,,,,,,,,,,,2026-09-17 23:10:24.953977+00
572,10,Kerentanan dan Ketahanan Pangan,,,,20000000,,20000000,,20000000,,20000000,,20000000,,,2026-09-17 23:10:24.953977+00
573,10,Kecamatan,,,,,,,,,,,,,,,2026-09-17 23:10:24.953977+00
574,11,BIDANG URUSAN / PROGRAM /,,,,,,,,,,,,,,,2026-09-17 23:10:24.953977+00
575,11,OUTCOME / KEGIATAN /,INDIKATOR OUTCOME /,,,,,,,,,,,,,,2026-09-17 23:10:24.953977+00
576,11,,,,,,,2027,,,,2029,,,,,2026-09-17 23:10:24.953977+00
577,11,SUBKEGIATAN OUTPUT,OUTPUT,,,,,,,,,,,,,,2026-09-17 23:10:24.953977+00
578,11,,,TAHUN,,2026,,,,2028,,,,2030,PERANGKAT,,2026-09-17 23:10:24.953977+00
579,11,,,,TARGET,,TARGET,,TARGET,,TARGET,,TARGET,,,,2026-09-17 23:10:24.953977+00
580,11,Tersusunnya Peta Kerentanan dan,Peta dan Analisis Ketahanan dan,,,,,,,,,,,,,,2026-09-17 23:10:24.953977+00
581,11,Ketahanan Pangan Kecamatan,Kerentanan Pangan yang Dimutahirkan (Dokumen),1,1,20000000,1,20000000,1,20000000,1,20000000,1,20000000,,,2026-09-17 23:10:24.953977+00
582,11,"2.09.04.2.01.0001 - Penyusunan,",,,,,,,,,,,,,,,2026-09-17 23:10:24.953977+00
583,11,Pemutakhiran dan Analisis Peta,,,,20000000,,20000000,,20000000,,20000000,,20000000,,,2026-09-17 23:10:24.953977+00
584,11,Ketahanan dan Kerentanan Pangan,,,,,,,,,,,,,,,2026-09-17 23:10:24.953977+00
585,11,Tersusunnya Pemutakhiran dan Analisis,Peta dan Analisis Ketahanan dan,,,,,,,,,,,,,,2026-09-17 23:10:24.953977+00
586,11,Peta Ketahanan dan Kerentanan Pangan,Kerentanan Pangan yang Dimutahirkan (Dokumen),1,1,20000000,1,20000000,1,20000000,1,20000000,1,20000000,,,2026-09-17 23:10:24.953977+00
587,11,2.09.04.2.02 - Penanganan Kerawanan,,,,,,,,,,,,,,,2026-09-17 23:10:24.953977+00
588,11,Pangan Kewenangan Kabupaten/Kota,,,,130000000,,130000000,,130000000,,130000000,,130000000,,,2026-09-17 23:10:24.953977+00
589,11,,"Jumlah Pengadaan, Pengelolaan,",,,,,,,,,,,,,,2026-09-17 23:10:24.953977+00
590,11,Tertanganinya Kerawanan Pangan,dan Penyaluran Cadangan Pangan,,,,,,,,,,,,,,2026-09-17 23:10:24.953977+00
591,11,Kewenangan Kabupaten/Kota,pada Kerawanan Pangan yang Mencakup dalam 1 (Satu) Daerah,,1,130000000,1,130000000,1,130000000,1,130000000,1,130000000,,,2026-09-17 23:10:24.953977+00
592,11,,Kabupaten/Kota (Dokumen),,,,,,,,,,,,,,2026-09-17 23:10:24.953977+00
593,11,,Jumlah koordinasi dan sinkronisasi,,,,,,,,,,,,,,2026-09-17 23:10:24.953977+00
594,11,,penanganan kerawanan pangan,,1,,1,,1,,1,,1,,,,2026-09-17 23:10:24.953977+00
595,11,,dan gizi  kabupaten/kota (Laporan),,,,,,,,,,,,,,2026-09-17 23:10:24.953977+00
596,11,,Jumlah Peta Situasi Kewaspadaan,,,,,,,,,,,,,,2026-09-17 23:10:24.953977+00
597,11,,Pangan dan Gizi Kabupaten/Kota,,12,,12,,12,,12,,12,,,,2026-09-17 23:10:24.953977+00
598,11,,(Dokumen),,,,,,,,,,,,,,2026-09-17 23:10:24.953977+00
599,11,2.09.04.2.02.0002 - Pelaksanaan,,,,,,,,,,,,,,,2026-09-17 23:10:24.953977+00
600,11,"Pengadaan, Pengelolaan, dan",,,,,,,,,,,,,,,2026-09-17 23:10:24.953977+00
601,11,Penyaluran Cadangan Pangan pada,,,,90000000,,90000000,,90000000,,90000000,,90000000,,,2026-09-17 23:10:24.953977+00
602,11,Kerawanan Pangan yang Mencakup,,,,,,,,,,,,,,,2026-09-17 23:10:24.953977+00
603,11,dalam 1 (satu) Daerah Kabupaten/Kota,,,,,,,,,,,,,,,2026-09-17 23:10:24.953977+00
604,11,"Terlaksananya Pengadaan, Pengelolaan,","Jumlah Pengadaan, Pengelolaan,",,,,,,,,,,,,,,2026-09-17 23:10:24.953977+00
605,11,dan Penyaluran Cadangan Pangan pada,dan Penyaluran Cadangan Pangan,,,,,,,,,,,,,,2026-09-17 23:10:24.953977+00
606,11,Kerawanan Pangan yang Mencakup,pada Kerawanan Pangan yang,,1,90000000,1,90000000,1,90000000,1,90000000,1,90000000,,,2026-09-17 23:10:24.953977+00
607,11,dalam 1 (Satu) Daerah Kabupaten/Kota,Mencakup dalam 1 (Satu) Daerah Kabupaten/Kota (Dokumen),,,,,,,,,,,,,,2026-09-17 23:10:24.953977+00
608,11,2.09.04.2.02.0003 - Koordinasi dan,,,,,,,,,,,,,,,2026-09-17 23:10:24.953977+00
609,11,Sinkronisasi Penanganan Kerawanan,,,,10000000,,10000000,,10000000,,10000000,,10000000,,,2026-09-17 23:10:24.953977+00
610,11,Pangan dan Gizi Kabupaten/Kota,,,,,,,,,,,,,,,2026-09-17 23:10:24.953977+00
611,11,Terlaksananya koordinasi dan,Jumlah koordinasi dan sinkronisasi,,,,,,,,,,,,,,2026-09-17 23:10:24.953977+00
612,11,sinkronisasi penanganan kerawanan,penanganan kerawanan pangan,,1,10000000,1,10000000,1,10000000,1,10000000,1,10000000,,,2026-09-17 23:10:24.953977+00
613,11,pangan dan gizi kabupaten/kota,dan gizi  kabupaten/kota (Laporan),,,,,,,,,,,,,,2026-09-17 23:10:24.953977+00
614,11,2.09.04.2.02.0005 - Penyusunan Peta,,,,,,,,,,,,,,,2026-09-17 23:10:24.953977+00
615,11,Situasi Kewaspadaan Pangan dan Gizi,,,,30000000,,30000000,,30000000,,30000000,,30000000,,,2026-09-17 23:10:24.953977+00
616,11,Kabupaten/Kota,,,,,,,,,,,,,,,2026-09-17 23:10:24.953977+00
617,11,Tersedianya Peta Situasi Kewaspadaan,Jumlah Peta Situasi Kewaspadaan,,,,,,,,,,,,,,2026-09-17 23:10:24.953977+00
618,11,Pangan dan Gizi Kabupaten/Kota,Pangan dan Gizi Kabupaten/Kota (Dokumen),,12,30000000,12,30000000,12,30000000,12,30000000,12,30000000,,,2026-09-17 23:10:24.953977+00
619,11,2.09.05 - PROGRAM PENGAWASAN,,,,,,,,,,,,,,,2026-09-17 23:10:24.953977+00
620,11,KEAMANAN PANGAN,,,,130000000,,130000000,,130000000,,130000000,,130000000,,,2026-09-17 23:10:24.953977+00
621,11,Meningkatnya pengawasan mutu dan,Persentase Pangan Segar yang,,,,,,,,,,,,00 - DINAS,,2026-09-17 23:10:24.953977+00
622,11,keamanan pangan,Memenuhi Persyaratan dan Mutu Keamanan Pangan (Persentase),86,86,130000000,86,130000000,87,130000000,87,130000000,88,130000000,KETAHANAN PANGAN DAN,,2026-09-17 23:10:24.953977+00
623,11,2.09.05.2.01 - Pelaksanaan Pengawasan,,,,,,,,,,,,,,,2026-09-17 23:10:24.953977+00
624,11,Keamanan Pangan Segar Daerah,,,,130000000,,130000000,,130000000,,130000000,,130000000,,,2026-09-17 23:10:24.953977+00
625,11,Kabupaten/Kota,,,,,,,,,,,,,,,2026-09-17 23:10:24.953977+00
626,11,,"Jumlah pelaksanaan koordinasi,",,,,,,,,,,,,,,2026-09-17 23:10:24.953977+00
627,11,Terlaksananya Pengawasan Keamanan,dan sinkronisasi keamanan dan,,,,,,,,,,,,,,2026-09-17 23:10:24.953977+00
628,11,Pangan Segar Daerah Kabupaten/Kota,mutu pangan segar asal tumbuhan,1,1,130000000,1,130000000,1,130000000,1,130000000,1,130000000,,,2026-09-17 23:10:24.953977+00
629,11,,(Laporan),,,,,,,,,,,,,,2026-09-17 23:10:24.953977+00
630,12,BIDANG URUSAN / PROGRAM /,,,,,,,,,,,,,,,2026-09-17 23:10:24.953977+00
631,12,OUTCOME / KEGIATAN /,INDIKATOR OUTCOME /,,,,,,,,,,,,,,2026-09-17 23:10:24.953977+00
632,12,,,,,,,2027,,,,2029,,,,,2026-09-17 23:10:24.953977+00
633,12,SUBKEGIATAN OUTPUT,OUTPUT,,,,,,,,,,,,,,2026-09-17 23:10:24.953977+00
634,12,,,TAHUN,,2026,,,,2028,,,,2030,PERANGKAT DAERAH,KETERANGAN,2026-09-17 23:10:24.953977+00
635,12,,,,TARGET,,TARGET,,TARGET,,TARGET,,TARGET,,,,2026-09-17 23:10:24.953977+00
636,12,,Jumlah Rekomendasi Perizinan,,,,,,,,,,,,,,2026-09-17 23:10:24.953977+00
637,12,,keamanan pangan segar asal,1,5,,5,,5,,5,,5,,,,2026-09-17 23:10:24.953977+00
638,12,,tumbuhan (Dokumen),,,,,,,,,,,,,,2026-09-17 23:10:24.953977+00
639,12,,Jumlah sarana pengujian,,,,,,,,,,,,,,2026-09-17 23:10:24.953977+00
640,12,,keamanan dan mutu pangan segar,,,,,,,,,,,,,,2026-09-17 23:10:24.953977+00
641,12,,asal tumbuhan daerah,1,1,,1,,1,,1,,1,,,,2026-09-17 23:10:24.953977+00
642,12,,kabupaten/kota (Dokumen),,,,,,,,,,,,,,2026-09-17 23:10:24.953977+00
643,12,2.09.05.2.01.0006 - Rekomendasi,,,,,,,,,,,,,,,2026-09-17 23:10:24.953977+00
644,12,Perizinan keamanan pangan segar asal,,,,25000000,,25000000,,25000000,,25000000,,25000000,,,2026-09-17 23:10:24.953977+00
645,12,tumbuhan,,,,,,,,,,,,,,,2026-09-17 23:10:24.953977+00
646,12,Penerbitan Rekomendasi Perizinan,Jumlah Rekomendasi Perizinan,,,,,,,,,,,,,,2026-09-17 23:10:24.953977+00
647,12,keamanan pangan segar asal tumbuhan,keamanan pangan segar asal tumbuhan (Dokumen),1,5,25000000,5,25000000,5,25000000,5,25000000,5,25000000,,,2026-09-17 23:10:24.953977+00
648,12,2.09.05.2.01.0007 - Penyediaan Sarana,,,,,,,,,,,,,,,2026-09-17 23:10:24.953977+00
649,12,Pengujian keamanan dan mutu pangan,,,,,,,,,,,,,,,2026-09-17 23:10:24.953977+00
650,12,segar asal tumbuhan Daerah,,,,80000000,,80000000,,80000000,,80000000,,80000000,,,2026-09-17 23:10:24.953977+00
651,12,Kabupaten/Kota,,,,,,,,,,,,,,,2026-09-17 23:10:24.953977+00
652,12,Tersedianya sarana pengujian,Jumlah sarana pengujian,,,,,,,,,,,,,,2026-09-17 23:10:24.953977+00
653,12,keamanan dan mutu pangan segar  asal,keamanan dan mutu pangan segar,1,1,,1,,1,,1,,1,,,,2026-09-17 23:10:24.953977+00
654,12,tumbuhan daerah kabupaten/kota,asal tumbuhan daerah,,,,,,,,,,,,,,2026-09-17 23:10:24.953977+00
655,12,,,,,80000000,,80000000,,80000000,,80000000,,80000000,,,2026-09-17 23:10:24.953977+00
656,12,,kabupaten/kota (Dokumen),,,,,,,,,,,,,,2026-09-17 23:10:24.953977+00
657,12,2.09.05.2.01.0008 - Koordinasi dan,,,,,,,,,,,,,,,2026-09-17 23:10:24.953977+00
658,12,sinkronisasi keamanan dan mutu pangan,,,,25000000,,25000000,,25000000,,25000000,,25000000,,,2026-09-17 23:10:24.953977+00
659,12,segar asal tumbuhan,,,,,,,,,,,,,,,2026-09-17 23:10:24.953977+00
660,12,"Terlaksananya koordinasi, dan","Jumlah pelaksanaan koordinasi,",,,,,,,,,,,,,,2026-09-17 23:10:24.953977+00
661,12,sinkronisasi keamanan dan mutu pangan,dan sinkronisasi keamanan dan,,,,,,,,,,,,,,2026-09-17 23:10:24.953977+00
662,12,segar asal tumbuhan,mutu pangan segar asal tumbuhan,,,,,,,,,,,,,,2026-09-17 23:10:24.953977+00
663,12,,,1,1,25000000,1,25000000,1,25000000,1,25000000,1,25000000,,,2026-09-17 23:10:24.953977+00
664,12,,(Laporan),,,,,,,,,,,,,,2026-09-17 23:10:24.953977+00
665,12,3.25 -  URUSAN PEMERINTAHAN,,,,,,,,,,,,,,,2026-09-17 23:10:24.953977+00
666,12,BIDANG KELAUTAN  DAN PERIKANAN,,,,775000000,,776000000,,777100000,,778100000,,778100000,,,2026-09-17 23:10:24.953977+00
667,12,3.25.03 - PROGRAM PENGELOLAAN,,,,,,,,,,,,,,,2026-09-17 23:10:24.953977+00
668,12,PERIKANAN TANGKAP,,,,250000000,,250000000,,250000000,,250000000,,250000000,,,2026-09-17 23:10:24.953977+00
669,12,Meningkatnya produksi perikanan,Jumlah Produksi Perikanan,,,,,,,,,,,,00 - DINAS,,2026-09-17 23:10:24.953977+00
670,12,tangkap,Tangkap (Ton),237,237,250000000,238,250000000,239,250000000,240,250000000,241,250000000,KETAHANAN PANGAN DAN,,2026-09-17 23:10:24.953977+00
671,12,3.25.03.2.01 - Pengelolaan,,,,,,,,,,,,,,,2026-09-17 23:10:24.953977+00
672,12,"Penangkapan Ikan di Wilayah Sungai,",,,,,,,,,,,,,,,2026-09-17 23:10:24.953977+00
673,12,"Danau, Waduk, Rawa, dan Genangan Air",,,,90000000,,50000000,,50000000,,50000000,,50000000,,,2026-09-17 23:10:24.953977+00
674,12,Lainnya yang Dapat Diusahakan dalam 1,,,,,,,,,,,,,,,2026-09-17 23:10:24.953977+00
675,12,(Satu) Daerah Kabupaten/ Kota,,,,,,,,,,,,,,,2026-09-17 23:10:24.953977+00
676,12,Tersedianya Data dan Informasi Sumber,Jumlah Data dan Informasi Sumber,,,,,,,,,,,,,,2026-09-17 23:10:24.953977+00
677,12,Daya Ikan di Perairan Darat dalam Satu,Daya Ikan di Perairan Darat dalam,12,12,,,,,,,,,,,,2026-09-17 23:10:24.953977+00
678,12,Kabupaten/Kota,Satu Kabupaten/Kota yang,,,,,,,,,,,,,,2026-09-17 23:10:24.953977+00
679,12,,,,,90000000,12,50000000,12,50000000,12,50000000,12,50000000,,,2026-09-17 23:10:24.953977+00
680,12,,Tersedia (Dokumen),,,,,,,,,,,,,,2026-09-17 23:10:24.953977+00
681,12,3.25.03.2.01.0001 - Penyediaan Data,,,,,,,,,,,,,,,2026-09-17 23:10:24.953977+00
682,12,dan Informasi Sumber Daya Ikan,,,,90000000,,50000000,,50000000,,50000000,,50000000,,,2026-09-17 23:10:24.953977+00
683,12,Tersedianya Data dan Informasi Sumber,Jumlah Data dan Informasi Sumber,,,,,,,,,,,,,,2026-09-17 23:10:24.953977+00
684,12,Daya Ikan di Perairan Darat dalam Satu,Daya Ikan di Perairan Darat dalam,,,,12,50000000,,50000000,12,50000000,,,,,2026-09-17 23:10:24.953977+00
685,12,Kabupaten/Kota,Satu Kabupaten/Kota yang,,,,,,,,,,,,,,2026-09-17 23:10:24.953977+00
686,12,,,12,12,90000000,,,12,,,,12,50000000,,,2026-09-17 23:10:24.953977+00
687,12,,Tersedia (Dokumen),,,,,,,,,,,,,,2026-09-17 23:10:24.953977+00
688,12,3.25.03.2.02 - Pemberdayaan Nelayan,,,,,,,,,,,,,,,2026-09-17 23:10:24.953977+00
689,12,Kecil dalam Daerah Kabupaten/Kota,,,,160000000,,200000000,,200000000,,200000000,,200000000,,,2026-09-17 23:10:24.953977+00
690,12,Terlaksananya Pemberdayaan Nelayan,Jumlah Sarana dan Prasarana,,,,,,,,,,,,,,2026-09-17 23:10:24.953977+00
691,12,Kecil dalam Daerah Kabupaten/Kota,Pemberdayaan Usaha Nelayan Skala Kecil (Unit),0,20,160000000,20,200000000,20,200000000,20,200000000,20,200000000,,,2026-09-17 23:10:24.953977+00
692,12,,Jumlah Nelayan Kecil yang,,,,,,,,,,,,,,2026-09-17 23:10:24.953977+00
693,12,,Meningkat Kapasitasnya (Orang),75,50,,100,,100,,100,,100,,,,2026-09-17 23:10:24.953977+00
694,13,BIDANG URUSAN / PROGRAM /,,,,,,,,,,,,,,,2026-09-17 23:10:24.953977+00
695,13,OUTCOME / KEGIATAN /,INDIKATOR OUTCOME /,,,,,,,,,,,,,,2026-09-17 23:10:24.953977+00
696,13,,,,,,,2027,,,,2029,,,,,2026-09-17 23:10:24.953977+00
697,13,SUBKEGIATAN OUTPUT,OUTPUT,,,,,,,,,,,,,,2026-09-17 23:10:24.953977+00
698,13,,,TAHUN,,2026,,,,2028,,,,2030,PERANGKAT DAERAH,KETERANGAN,2026-09-17 23:10:24.953977+00
699,13,,,,TARGET,,TARGET,,TARGET,,TARGET,,TARGET,,,,2026-09-17 23:10:24.953977+00
700,13,,Jumlah Kelompok Nelayan Kecil,,,,,,,,,,,,,,2026-09-17 23:10:24.953977+00
701,13,,yang Difasilitasi Pembentukan dan,,,,,,,,,,,,,,2026-09-17 23:10:24.953977+00
702,13,,Pengembangan Kelembagaannya,,5,,,,,,,,,,,,2026-09-17 23:10:24.953977+00
703,13,,(Kelompok),,,,,,,,,,,,,,2026-09-17 23:10:24.953977+00
704,13,3.25.03.2.02.0001 - Pengembangan,,,,,,,,,,,,,,,2026-09-17 23:10:24.953977+00
705,13,Kapasitas Nelayan Kecil,,,,50000000,,100000000,,100000000,,100000000,,100000000,,,2026-09-17 23:10:24.953977+00
706,13,Meningkatnya Kapasitas Nelayan Kecil,Jumlah Nelayan Kecil yang Meningkat Kapasitasnya (Orang),75,50,50000000,100,100000000,100,100000000,100,100000000,100,100000000,,,2026-09-17 23:10:24.953977+00
707,13,3.25.03.2.02.0002 - Pelaksanaan,,,,,,,,,,,,,,,2026-09-17 23:10:24.953977+00
708,13,Fasilitasi Pembentukan dan,,,,,,,,,,,,,,,2026-09-17 23:10:24.953977+00
709,13,Pengembangan Kelembagaan Nelayan,,,,10000000,,0,,0,,0,,0,,,2026-09-17 23:10:24.953977+00
710,13,Kecil,,,,,,,,,,,,,,,2026-09-17 23:10:24.953977+00
711,13,Terlaksananya Fasilitasi Pembentukan,Jumlah Kelompok Nelayan Kecil,,,,,,,,,,,,,,2026-09-17 23:10:24.953977+00
712,13,dan Pengembangan Kelembagaan,yang Difasilitasi Pembentukan dan,,,,,0,,0,,0,,,,,2026-09-17 23:10:24.953977+00
713,13,Nelayan Kecil,Pengembangan Kelembagaannya,,,,,,,,,,,,,,2026-09-17 23:10:24.953977+00
714,13,,,,5,10000000,,,,,,,,0,,,2026-09-17 23:10:24.953977+00
715,13,,(Kelompok),,,,,,,,,,,,,,2026-09-17 23:10:24.953977+00
716,13,3.25.03.2.02.0004 - Penyediaan Sarana,,,,,,,,,,,,,,,2026-09-17 23:10:24.953977+00
717,13,dan Prasarana Pemberdayaan Usaha,,,,100000000,,100000000,,100000000,,100000000,,100000000,,,2026-09-17 23:10:24.953977+00
718,13,Nelayan Skala Kecil,,,,,,,,,,,,,,,2026-09-17 23:10:24.953977+00
719,13,Tersedianya Sarana dan Prasarana,Jumlah Sarana dan Prasarana,,,,,,,,,,,,,,2026-09-17 23:10:24.953977+00
720,13,Pemberdayaan Usaha Nelayan Skala,Pemberdayaan Usaha Nelayan,0,20,100000000,20,100000000,20,100000000,20,100000000,20,100000000,,,2026-09-17 23:10:24.953977+00
721,13,Kecil,Skala Kecil (Unit),,,,,,,,,,,,,,2026-09-17 23:10:24.953977+00
722,13,3.25.04 - PROGRAM PENGELOLAAN,,,,,,,,,,,,,,,2026-09-17 23:10:24.953977+00
723,13,PERIKANAN BUDIDAYA,,,,325000000,,325000000,,325000000,,325000000,,325000000,,,2026-09-17 23:10:24.953977+00
724,13,Meningkatnya produksi perikanan,Jumlah Produksi Perikanan Hasil,,,,,,,,,,,,00 - DINAS,,2026-09-17 23:10:24.953977+00
725,13,budidaya,Budidaya Ikan Lele (Ton),358,"358,9",325000000,"359,8",325000000,"362,7",325000000,"364,6",325000000,"367,5",325000000,KETAHANAN PANGAN DAN,,2026-09-17 23:10:24.953977+00
726,13,,Jumlah Produksi Perikanan Hasil,,,,,,,,,,,,,,2026-09-17 23:10:24.953977+00
727,13,,Budidaya Ikan Nila (Ton),2,"2,1",,"2,2",,"2,3",,"2,4",,"2,5",,,,2026-09-17 23:10:24.953977+00
728,13,3.25.04.2.02 - Pemberdayaan Pembudi,,,,,,,,,,,,,,,2026-09-17 23:10:24.953977+00
729,13,Daya Ikan Kecil,,,,100000000,,100000000,,104100000,,108800000,,108800000,,,2026-09-17 23:10:24.953977+00
730,13,,Jumlah Kelompok Pembudi Daya,,,,,,,,,,,,,,2026-09-17 23:10:24.953977+00
731,13,Prioritas Daerah Agro Industri,Ikan Kecil yang Mengikuti Pengembangan Kapasitas,5,10,100000000,10,100000000,10,104100000,10,108800000,10,108800000,,,2026-09-17 23:10:24.953977+00
732,13,,(Kelompok),,,,,,,,,,,,,,2026-09-17 23:10:24.953977+00
733,13,3.25.04.2.02.0001 - Pengembangan,,,,,,,,,,,,,,,2026-09-17 23:10:24.953977+00
734,13,Kapasitas Pembudi Daya Ikan Kecil,,,,100000000,,100000000,,104100000,,108800000,,108800000,,,2026-09-17 23:10:24.953977+00
735,13,,Jumlah Kelompok Pembudi Daya,,,,,,,,,,,,,,2026-09-17 23:10:24.953977+00
736,13,Terlaksananya Pengembangan,Ikan Kecil yang Mengikuti,,,,,,,,,,,,,,2026-09-17 23:10:24.953977+00
737,13,Kapasitas Pembudi Daya Ikan Kecil,Pengembangan Kapasitas,5,10,100000000,10,100000000,10,104100000,10,108800000,10,108800000,,,2026-09-17 23:10:24.953977+00
738,13,,(Kelompok),,,,,,,,,,,,,,2026-09-17 23:10:24.953977+00
739,13,3.25.04.2.04 - Pengelolaan,,,,,,,,,,,,,,,2026-09-17 23:10:24.953977+00
740,13,Pembudidayaan Ikan,,,,225000000,,225000000,,220900000,,216200000,,216200000,,,2026-09-17 23:10:24.953977+00
741,13,"Tersedianya data, informasi, dan",Jumlah Data dan Informasi,,,,,,,,,,,,,,2026-09-17 23:10:24.953977+00
742,13,prasarana pembudidayaan ikan di satu,Pembudidayaan Ikan dalam 1,12,12,,12,225000000,12,,12,216200000,12,,,,2026-09-17 23:10:24.953977+00
743,13,daerah kabupaten/kota,(Satu) Daerah Kabupaten/Kota,,,,,,,,,,,,,,2026-09-17 23:10:24.953977+00
744,13,,,,,225000000,,,,220900000,,,,216200000,,,2026-09-17 23:10:24.953977+00
745,13,,(Dokumen),,,,,,,,,,,,,,2026-09-17 23:10:24.953977+00
746,13,,Jumlah Prasarana Pembudidayaan,,,,,,,,,,,,,,2026-09-17 23:10:24.953977+00
747,13,,Ikan dalam 1 (Satu) Daerah,5,5,,5,,5,,5,,5,,,,2026-09-17 23:10:24.953977+00
748,13,,Kabupaten/Kota (Unit),,,,,,,,,,,,,,2026-09-17 23:10:24.953977+00
749,13,3.25.04.2.04.0001 - Penyediaan Data,,,,,,,,,,,,,,,2026-09-17 23:10:24.953977+00
750,13,dan Informasi Pembudidayaan Ikan,,,,50000000,,50000000,,50000000,,50000000,,50000000,,,2026-09-17 23:10:24.953977+00
751,13,dalam 1 (Satu) Daerah Kabupaten/Kota,,,,,,,,,,,,,,,2026-09-17 23:10:24.953977+00
752,13,Tersedianya Data dan Informasi,Jumlah Data dan Informasi,,,,,,,,,,,,,,2026-09-17 23:10:24.953977+00
753,13,Pembudidayaan Ikan dalam 1 (Satu),Pembudidayaan Ikan dalam 1,,12,50000000,12,,12,50000000,12,,12,50000000,,,2026-09-17 23:10:24.953977+00
754,13,Daerah Kabupaten/Kota,(Satu) Daerah Kabupaten/Kota,,,,,,,,,,,,,,2026-09-17 23:10:24.953977+00
755,13,,,12,,,,50000000,,,,50000000,,,,,2026-09-17 23:10:24.953977+00
756,13,,(Dokumen),,,,,,,,,,,,,,2026-09-17 23:10:24.953977+00
757,14,BIDANG URUSAN / PROGRAM /,,,,,,,,,,,,,,,2026-09-17 23:10:24.953977+00
758,14,OUTCOME / KEGIATAN /,INDIKATOR OUTCOME /,,,,,,,,,,,,,,2026-09-17 23:10:24.953977+00
759,14,,,,,,,2027,,,,2029,,,,,2026-09-17 23:10:24.953977+00
760,14,SUBKEGIATAN OUTPUT,OUTPUT,,,,,,,,,,,,,,2026-09-17 23:10:24.953977+00
761,14,,,TAHUN,,2026,,,,2028,,,,2030,PERANGKAT,,2026-09-17 23:10:24.953977+00
762,14,,,,TARGET,,TARGET,,TARGET,,TARGET,,TARGET,,,,2026-09-17 23:10:24.953977+00
763,14,3.25.04.2.04.0002 - Penyediaan,,,,,,,,,,,,,,,2026-09-17 23:10:24.953977+00
764,14,Prasarana Pembudidayaan Ikan dalam 1,,,,175000000,,175000000,,170900000,,166200000,,166200000,,,2026-09-17 23:10:24.953977+00
765,14,(Satu) Daerah Kabupaten/Kota,,,,,,,,,,,,,,,2026-09-17 23:10:24.953977+00
766,14,Tersedianya Prasarana Pembudidayaan,Jumlah Prasarana Pembudidayaan,,,,,,,,,,,,,,2026-09-17 23:10:24.953977+00
767,14,Ikan dalam 1 (Satu) Daerah,Ikan dalam 1 (Satu) Daerah,5,5,175000000,5,175000000,5,170900000,5,166200000,5,166200000,,,2026-09-17 23:10:24.953977+00
768,14,Kabupaten/Kota,Kabupaten/Kota (Unit),,,,,,,,,,,,,,2026-09-17 23:10:24.953977+00
769,14,3.25.05 - PROGRAM PENGAWASAN,,,,,,,,,,,,,,,2026-09-17 23:10:24.953977+00
770,14,SUMBER DAYA KELAUTAN DAN,,,,25000000,,25000000,,25000000,,25000000,,25000000,,,2026-09-17 23:10:24.953977+00
771,14,PERIKANAN,,,,,,,,,,,,,,,2026-09-17 23:10:24.953977+00
772,14,Meningkatnya Kelestarian Laut dan,Kepatuhan pelaku usaha kelautan,,,,,,,,,,,,00 - DINAS,,2026-09-17 23:10:24.953977+00
773,14,Keanekaragaman Hayati,dan perikanan (%),0,20,25000000,20,25000000,20,25000000,20,25000000,20,25000000,KETAHANAN PANGAN DAN,,2026-09-17 23:10:24.953977+00
774,14,3.25.05.2.01 - Pengawasan Sumber,,,,,,,,,,,,,,,2026-09-17 23:10:24.953977+00
775,14,"Daya Perikanan di Wilayah Sungai,",,,,,,,,,,,,,,,2026-09-17 23:10:24.953977+00
776,14,"Danau, Waduk, Rawa, dan Genangan Air",,,,25000000,,25000000,,25000000,,25000000,,25000000,,,2026-09-17 23:10:24.953977+00
777,14,Lainnya yang Dapat Diusahakan Dalam,,,,,,,,,,,,,,,2026-09-17 23:10:24.953977+00
778,14,Kabupaten/Kota,,,,,,,,,,,,,,,2026-09-17 23:10:24.953977+00
779,14,Terawasinya usaha budidaya ikan serta,Jumlah  pelaku usaha,,,,,,,,,,,,,,2026-09-17 23:10:24.953977+00
780,14,pemasaran dan pengolahan hasil,pembudidayaan ikan yang diperiksa,,,,,,,,,,,,,,2026-09-17 23:10:24.953977+00
781,14,perikanan sesuai kewenangan,kepatuhannya sesuai kewenangan,0,4,25000000,4,25000000,4,25000000,4,25000000,4,25000000,,,2026-09-17 23:10:24.953977+00
782,14,kabupaten/kota.,kabupaten/kota (Pelaku Usaha),,,,,,,,,,,,,,2026-09-17 23:10:24.953977+00
783,14,,Jumlah pelaku usaha pemasaran,,,,,,,,,,,,,,2026-09-17 23:10:24.953977+00
784,14,,hasil perikanan dan/atau usaha,,,,,,,,,,,,,,2026-09-17 23:10:24.953977+00
785,14,,pengolahan hasil perikanan sesuai,0,4,,4,,4,,4,,4,,,,2026-09-17 23:10:24.953977+00
786,14,,kewenangan kabupaten/kota,,,,,,,,,,,,,,2026-09-17 23:10:24.953977+00
787,14,,(Pelaku Usaha),,,,,,,,,,,,,,2026-09-17 23:10:24.953977+00
788,14,3.25.05.2.01.0004 - Pengawasan usaha,,,,,,,,,,,,,,,2026-09-17 23:10:24.953977+00
789,14,pembudidayaan ikan sesuai kewenangan,,,,10000000,,10000000,,10000000,,10000000,,10000000,,,2026-09-17 23:10:24.953977+00
790,14,kabupaten/kota,,,,,,,,,,,,,,,2026-09-17 23:10:24.953977+00
791,14,,Jumlah  pelaku usaha,,,,,,,,,,,,,,2026-09-17 23:10:24.953977+00
792,14,Terawasinya usaha pembudidayaan ikan,pembudidayaan ikan yang diperiksa,,,,,,,,,,,,,,2026-09-17 23:10:24.953977+00
793,14,sesuai kewenangan kabupaten/kota,kepatuhannya sesuai kewenangan,0,4,10000000,4,10000000,4,10000000,4,10000000,4,10000000,,,2026-09-17 23:10:24.953977+00
794,14,,kabupaten/kota (Pelaku Usaha),,,,,,,,,,,,,,2026-09-17 23:10:24.953977+00
795,14,3.25.05.2.01.0006 - Pengawasan usaha,,,,,,,,,,,,,,,2026-09-17 23:10:24.953977+00
796,14,pemasaran hasil perikanan dan/atau,,,,,,,,,,,,,,,2026-09-17 23:10:24.953977+00
797,14,usaha pengolahan hasil perikanan sesuai,,,,15000000,,15000000,,15000000,,15000000,,15000000,,,2026-09-17 23:10:24.953977+00
798,14,kewenangan kabupaten/kota,,,,,,,,,,,,,,,2026-09-17 23:10:24.953977+00
799,14,Usaha pemasaran hasil perikanan,Jumlah pelaku usaha pemasaran,,,,,,,,,,,,,,2026-09-17 23:10:24.953977+00
800,14,dan/atau usaha pengolahan hasil,hasil perikanan dan/atau usaha,,,,,,,,,,,,,,2026-09-17 23:10:24.953977+00
801,14,perikanan sesuai kewenangan,pengolahan hasil perikanan sesuai,0,4,15000000,4,15000000,4,15000000,4,15000000,4,15000000,,,2026-09-17 23:10:24.953977+00
802,14,kabupaten/kota yang diawasi,kewenangan kabupaten/kota (Pelaku Usaha),,,,,,,,,,,,,,2026-09-17 23:10:24.953977+00
803,14,Meningkatnya Kelestarian Laut dan,,,,,,,,,,,,,,,2026-09-17 23:10:24.953977+00
804,14,Keanekaragaman Hayati,,,,0,,0,,0,,0,,0,,,2026-09-17 23:10:24.953977+00
805,14,3.25.06 - PROGRAM PENGOLAHAN,,,,,,,,,,,,,,,2026-09-17 23:10:24.953977+00
806,14,DAN PEMASARAN HASIL PERIKANAN,,,,175000000,,176000000,,177100000,,178100000,,178100000,,,2026-09-17 23:10:24.953977+00
807,14,Meningkatnya konsumsi ikan oleh,,,,,,,,,,,,,00 - DINAS,,2026-09-17 23:10:24.953977+00
808,14,masyarakat,Angka Konsumsi Ikan (Kg/KAP/TH),28,29,175000000,29,176000000,29,177100000,29,178100000,29,178100000,KETAHANAN PANGAN DAN,,2026-09-17 23:10:24.953977+00
809,14,3.25.06.2.01 - Penerbitan Tanda Daftar,,,,,,,,,,,,,,,2026-09-17 23:10:24.953977+00
810,14,Usaha Pengolahan Hasil Perikanan bagi,,,,25000000,,25000000,,25000000,,25000000,,25000000,,,2026-09-17 23:10:24.953977+00
811,14,Usaha Skala Mikro dan Kecil,,,,,,,,,,,,,,,2026-09-17 23:10:24.953977+00
812,15,BIDANG URUSAN / PROGRAM /,,,,,,,,,,,,,,,2026-09-17 23:10:24.953977+00
813,15,OUTCOME / KEGIATAN /,INDIKATOR OUTCOME /,,,,,,,,,,,,,,2026-09-17 23:10:24.953977+00
814,15,,,,,,,2027,,,,2029,,,,,2026-09-17 23:10:24.953977+00
815,15,SUBKEGIATAN OUTPUT,OUTPUT,,,,,,,,,,,,,,2026-09-17 23:10:24.953977+00
816,15,,,TAHUN,,2026,,,,2028,,,,2030,PERANGKAT,,2026-09-17 23:10:24.953977+00
817,15,,,,TARGET,,TARGET,,TARGET,,TARGET,,TARGET,,,,2026-09-17 23:10:24.953977+00
818,15,Tersedianya Data dan Informasi Usaha,Jumlah Data dan Informasi  Usaha,,,,,,,,,,,,,,2026-09-17 23:10:24.953977+00
819,15,Pemasaran dan Pengolahan Hasil,Pemasaran dan Pengolahan Hasil,,,,,,,,,,,,,,2026-09-17 23:10:24.953977+00
820,15,Perikanan berdasarkan skala usaha dan,Perikanan berdasarkan skala usaha,0,4,25000000,4,25000000,4,25000000,4,25000000,4,25000000,,,2026-09-17 23:10:24.953977+00
821,15,risiko,dan risiko (Dokumen),,,,,,,,,,,,,,2026-09-17 23:10:24.953977+00
822,15,3.25.06.2.01.0005 - Penyediaan Data,,,,,,,,,,,,,,,2026-09-17 23:10:24.953977+00
823,15,dan Informasi Usaha Pemasaran dan,,,,,,,,,,,,,,,2026-09-17 23:10:24.953977+00
824,15,Pengolahan Hasil Perikanan dalam 1,,,,25000000,,25000000,,25000000,,25000000,,25000000,,,2026-09-17 23:10:24.953977+00
825,15,(Satu) Daerah Kabupaten/Kota,,,,,,,,,,,,,,,2026-09-17 23:10:24.953977+00
826,15,berdasarkan skala usaha dan risiko,,,,,,,,,,,,,,,2026-09-17 23:10:24.953977+00
827,15,Tersedianya Data dan Informasi Usaha,Jumlah Data dan Informasi  Usaha,,,,,,,,,,,,,,2026-09-17 23:10:24.953977+00
828,15,Pemasaran dan Pengolahan Hasil,Pemasaran dan Pengolahan Hasil,,,,,,,,,,,,,,2026-09-17 23:10:24.953977+00
829,15,Perikanan berdasarkan skala usaha dan,Perikanan berdasarkan skala usaha,0,4,25000000,4,25000000,4,25000000,4,25000000,4,25000000,,,2026-09-17 23:10:24.953977+00
830,15,risiko,dan risiko (Dokumen),,,,,,,,,,,,,,2026-09-17 23:10:24.953977+00
831,15,3.25.06.2.02 - Pembinaan Mutu dan,,,,,,,,,,,,,,,2026-09-17 23:10:24.953977+00
832,15,Keamanan Hasil Perikanan bagi Usaha,,,,,,,,,,,,,,,2026-09-17 23:10:24.953977+00
833,15,Pengolahan dan Pemasaran Skala Mikro,,,,25000000,,26000000,,27100000,,28100000,,28100000,,,2026-09-17 23:10:24.953977+00
834,15,dan Kecil,,,,,,,,,,,,,,,2026-09-17 23:10:24.953977+00
835,15,,Jumlah Unit Usaha Pengolahan dan,,,,,,,,,,,,,,2026-09-17 23:10:24.953977+00
836,15,Terlaksananya pembinaan terhadap,Pemasaran Hasil Perikanan yang,,,,,,,,,,,,,,2026-09-17 23:10:24.953977+00
837,15,Penerapan Persyaratan Perizinan,mendapatkan pembinaan terhadap,,,,,,,,,,,,,,2026-09-17 23:10:24.953977+00
838,15,Berusaha Pada Usaha Pengolahan dan,Penerapan Persyaratan Perizinan,,5,,,,,,,,,,,,2026-09-17 23:10:24.953977+00
839,15,Pemasaran Hasil Perikanan sesuai Skala,Berusaha Pada Usaha Pengolahan,,,,,,,,,,,,,,2026-09-17 23:10:24.953977+00
840,15,,,0,,25000000,5,26000000,5,27100000,5,28100000,5,28100000,,,2026-09-17 23:10:24.953977+00
841,15,Usaha dan Risiko,dan Pemasaran Hasil Perikanan sesuai Skala Usaha dan Risiko,,,,,,,,,,,,,,2026-09-17 23:10:24.953977+00
842,15,,(Unit Usaha),,,,,,,,,,,,,,2026-09-17 23:10:24.953977+00
843,15,3.25.06.2.02.0002 - Pembinaan terhadap,,,,,,,,,,,,,,,2026-09-17 23:10:24.953977+00
844,15,Penerapan Persyaratan Perizinan,,,,,,,,,,,,,,,2026-09-17 23:10:24.953977+00
845,15,Berusaha Pada Usaha Pengolahan dan,,,,25000000,,26000000,,27100000,,28100000,,28100000,,,2026-09-17 23:10:24.953977+00
846,15,Pemasaran Hasil Perikanan sesuai Skala,,,,,,,,,,,,,,,2026-09-17 23:10:24.953977+00
847,15,Usaha dan Risiko,,,,,,,,,,,,,,,2026-09-17 23:10:24.953977+00
848,15,,Jumlah Unit Usaha Pengolahan dan,,,,,,,,,,,,,,2026-09-17 23:10:24.953977+00
849,15,Terlaksananya pembinaan terhadap,Pemasaran Hasil Perikanan yang,,,,,,,,,,,,,,2026-09-17 23:10:24.953977+00
850,15,Penerapan Persyaratan Perizinan,mendapatkan pembinaan terhadap,,,,,,,,,,,,,,2026-09-17 23:10:24.953977+00
851,15,Berusaha Pada Usaha Pengolahan dan,Penerapan Persyaratan Perizinan,0,5,25000000,5,26000000,5,27100000,,,,,,,2026-09-17 23:10:24.953977+00
852,15,Pemasaran Hasil Perikanan sesuai Skala,Berusaha Pada Usaha Pengolahan,,,,,,,,,,,,,,2026-09-17 23:10:24.953977+00
853,15,,,,,,,,,,5,28100000,5,28100000,,,2026-09-17 23:10:24.953977+00
854,15,Usaha dan Risiko,dan Pemasaran Hasil Perikanan sesuai Skala Usaha dan Risiko,,,,,,,,,,,,,,2026-09-17 23:10:24.953977+00
855,15,,(Unit Usaha),,,,,,,,,,,,,,2026-09-17 23:10:24.953977+00
856,15,3.25.06.2.03 - Penyediaan dan,,,,,,,,,,,,,,,2026-09-17 23:10:24.953977+00
857,15,Penyaluran Bahan Baku Industri,,,,,,,,,,,,,,,2026-09-17 23:10:24.953977+00
858,15,Pengolahan Ikan dalam 1 (Satu) Daerah,,,,125000000,,125000000,,125000000,,125000000,,125000000,,,2026-09-17 23:10:24.953977+00
859,15,Kabupaten/ Kota,,,,,,,,,,,,,,,2026-09-17 23:10:24.953977+00
860,15,Meningkatnya ketersediaan ikan dan,Jumlah Pelaku Usaha Perikanan,,,,,,,,,,,,,,2026-09-17 23:10:24.953977+00
861,15,tersedianya fasilitas bagi pelaku usaha,Skala Mikro dan Kecil dalam 1,,,,,,,,,,,,,,2026-09-17 23:10:24.953977+00
862,15,perikanan skala mikro dan kecil di satu,(Satu) Daerah Kabupaten/Kota,,20,125000000,20,125000000,20,125000000,20,125000000,20,125000000,,,2026-09-17 23:10:24.953977+00
863,15,daerah kabupaten/kota,yang Terfasilitasi (Pelaku Usaha),,,,,,,,,,,,,,2026-09-17 23:10:24.953977+00
864,15,3.25.06.2.03.0002 - Pemberian Fasilitas,,,,,,,,,,,,,,,2026-09-17 23:10:24.953977+00
865,15,bagi Pelaku Usaha Perikanan Skala,,,,,,,,,,,,,,,2026-09-17 23:10:24.953977+00
866,15,Mikro dan Kecil dalam 1 (Satu) Daerah,,,,125000000,,125000000,,125000000,,125000000,,125000000,,,2026-09-17 23:10:24.953977+00
867,15,Kabupaten/Kota,,,,,,,,,,,,,,,2026-09-17 23:10:24.953977+00
868,15,Tersedianya Fasilitas bagi Pelaku Usaha,Jumlah Pelaku Usaha Perikanan,,,,,,,,,,,,,,2026-09-17 23:10:24.953977+00
869,15,Perikanan Skala Mikro dan Kecil dalam 1,Skala Mikro dan Kecil dalam 1,,20,125000000,,125000000,20,125000000,20,125000000,20,125000000,,,2026-09-17 23:10:24.953977+00
870,15,(Satu) Daerah Kabupaten/Kota,(Satu) Daerah Kabupaten/Kota,,,,,,,,,,,,,,2026-09-17 23:10:24.953977+00
871,15,,yang Terfasilitasi (Pelaku Usaha),,,,,,,,,,,,,,2026-09-17 23:10:24.953977+00
872,15,3.27 -  URUSAN PEMERINTAHAN,,,,,,,,,,,,,,,2026-09-17 23:10:24.953977+00
873,15,BIDANG PERTANIAN,,,,2748180000,,2807820000,,2873010000,,2939290000,,2939700000,,,2026-09-17 23:10:24.953977+00
874,15,3.27.01 - PROGRAM PENUNJANG,,,,,,,,,,,,,,,2026-09-17 23:10:24.953977+00
875,15,URUSAN PEMERINTAHAN DAERAH,,,,192180000,,197020000,,206210000,,215490000,,215900000,,,2026-09-17 23:10:24.953977+00
876,15,KABUPATEN/KOTA,,,,,,,,,,,,,,,2026-09-17 23:10:24.953977+00
877,16,BIDANG URUSAN / PROGRAM /,,,,,,,,,,,,,,,2026-09-17 23:10:24.953977+00
878,16,OUTCOME / KEGIATAN /,INDIKATOR OUTCOME /,,,,,,,,,,,,,,2026-09-17 23:10:24.953977+00
879,16,,,,,,,2027,,,,2029,,,,,2026-09-17 23:10:24.953977+00
880,16,SUBKEGIATAN OUTPUT,OUTPUT,,,,,,,,,,,,,,2026-09-17 23:10:24.953977+00
881,16,,,TAHUN,,2026,,,,2028,,,,2030,PERANGKAT DAERAH,KETERANGAN,2026-09-17 23:10:24.953977+00
882,16,,,,TARGET,,TARGET,,TARGET,,TARGET,,TARGET,,,,2026-09-17 23:10:24.953977+00
883,16,Meningkatnya kualitas Layanan Umum,Persentase BMD dalam kondisi baik,,,,,,,,,,,,01 - UPTD Rumah,,2026-09-17 23:10:24.953977+00
884,16,dan Kepegawaian Perangkat Daerah,dan termanfaatkan (%),100,100,192180000,100,197020000,100,206210000,100,215490000,100,215900000,Potong Hewan dan,,2026-09-17 23:10:24.953977+00
885,16,,Indeks Pelayanan Publik (%),79,79,,80,,81,,82,,82,,,,2026-09-17 23:10:24.953977+00
886,16,,Tingkat Kepuasan Pegawai,,,,,,,,,,,,,,2026-09-17 23:10:24.953977+00
887,16,,Perangkat Daerah (Skor),0,"3,5",,"3,8",,4,,"4,5",,"4,5",,,,2026-09-17 23:10:24.953977+00
888,16,,Tingkat Penerapan SPBE,,,,,,,,,,,,,,2026-09-17 23:10:24.953977+00
889,16,,Perangkat Daerah (Skor),0,60,,65,,75,,85,,90,,,,2026-09-17 23:10:24.953977+00
890,16,3.27.01.2.06 - Administrasi Umum,,,,,,,,,,,,,,,2026-09-17 23:10:24.953977+00
891,16,Perangkat Daerah,,,,29950000,,31290000,,32670000,,33720000,,34130000,,,2026-09-17 23:10:24.953977+00
892,16,Persentase Administrasi Umum,Jumlah Paket Komponen Instalasi,,,,,,,,,,,,,,2026-09-17 23:10:24.953977+00
893,16,Perangkat Daerah,Listrik/Penerangan Bangunan Kantor yang Disediakan (Paket),1,1,29950000,1,31290000,1,32670000,1,33720000,1,34130000,,,2026-09-17 23:10:24.953977+00
894,16,,Jumlah Dokumen Bahan Bacaan,,,,,,,,,,,,,,2026-09-17 23:10:24.953977+00
895,16,,dan Peraturan,,,,,,,,,,,,,,2026-09-17 23:10:24.953977+00
896,16,,Perundang-Undangan yang,1,1,,1,,1,,1,,1,,,,2026-09-17 23:10:24.953977+00
897,16,,Disediakan (Dokumen),,,,,,,,,,,,,,2026-09-17 23:10:24.953977+00
898,16,,Jumlah Paket Peralatan dan,,,,,,,,,,,,,,2026-09-17 23:10:24.953977+00
899,16,,Perlengkapan Kantor yang,1,1,,1,,1,,1,,1,,,,2026-09-17 23:10:24.953977+00
900,16,,Disediakan (Paket),,,,,,,,,,,,,,2026-09-17 23:10:24.953977+00
901,16,,Jumlah Paket Barang Cetakan dan,,,,,,,,,,,,,,2026-09-17 23:10:24.953977+00
902,16,,Penggandaan yang Disediakan,1,1,,1,,1,,1,,1,,,,2026-09-17 23:10:24.953977+00
903,16,,(Paket),,,,,,,,,,,,,,2026-09-17 23:10:24.953977+00
904,16,,Jumlah Paket Bahan Logistik,,,,,,,,,,,,,,2026-09-17 23:10:24.953977+00
905,16,,Kantor yang Disediakan (Paket),1,1,,1,,1,,1,,1,,,,2026-09-17 23:10:24.953977+00
906,16,,Jumlah Paket Peralatan Rumah,,,,,,,,,,,,,,2026-09-17 23:10:24.953977+00
907,16,,Tangga yang Disediakan (Paket),1,1,,1,,1,,1,,1,,,,2026-09-17 23:10:24.953977+00
908,16,3.27.01.2.06.0001 - Penyediaan,,,,,,,,,,,,,,,2026-09-17 23:10:24.953977+00
909,16,Komponen Instalasi,,,,2000000,,2050000,,2100000,,2150000,,2150000,,,2026-09-17 23:10:24.953977+00
910,16,Listrik/Penerangan Bangunan Kantor,,,,,,,,,,,,,,,2026-09-17 23:10:24.953977+00
911,16,Tersedianya Komponen Instalasi,Jumlah Paket Komponen Instalasi,,,,,,,,,,,,,,2026-09-17 23:10:24.953977+00
912,16,Listrik/Penerangan Bangunan Kantor,Listrik/Penerangan Bangunan Kantor yang Disediakan (Paket),1,1,2000000,1,2050000,1,2100000,1,2150000,1,2150000,,,2026-09-17 23:10:24.953977+00
913,16,3.27.01.2.06.0002 - Penyediaan,,,,,,,,,,,,,,,2026-09-17 23:10:24.953977+00
914,16,Peralatan dan Perlengkapan Kantor,,,,5000000,,5250000,,5510000,,5790000,,5790000,,,2026-09-17 23:10:24.953977+00
915,16,Tersedianya Peralatan dan,Jumlah Paket Peralatan dan,,,,,,,,,,,,,,2026-09-17 23:10:24.953977+00
916,16,Perlengkapan Kantor,Perlengkapan Kantor yang Disediakan (Paket),1,1,5000000,1,5250000,1,5510000,1,5790000,1,5790000,,,2026-09-17 23:10:24.953977+00
917,16,3.27.01.2.06.0003 - Penyediaan,,,,,,,,,,,,,,,2026-09-17 23:10:24.953977+00
918,16,Peralatan Rumah Tangga,,,,5000000,,5130000,,5260000,,5390000,,5390000,,,2026-09-17 23:10:24.953977+00
919,16,Tersedianya Peralatan Rumah Tangga,Jumlah Paket Peralatan Rumah Tangga yang Disediakan (Paket),1,1,5000000,1,5130000,1,5260000,1,5390000,1,5390000,,,2026-09-17 23:10:24.953977+00
920,16,3.27.01.2.06.0004 - Penyediaan Bahan,,,,,,,,,,,,,,,2026-09-17 23:10:24.953977+00
921,16,Logistik Kantor,,,,7500000,,7880000,,8270000,,8270000,,8680000,,,2026-09-17 23:10:24.953977+00
922,16,Tersedianya Bahan Logistik Kantor,Jumlah Paket Bahan Logistik Kantor yang Disediakan (Paket),1,1,7500000,1,7880000,1,8270000,1,8270000,1,8680000,,,2026-09-17 23:10:24.953977+00
923,16,3.27.01.2.06.0005 - Penyediaan Barang,,,,,,,,,,,,,,,2026-09-17 23:10:24.953977+00
924,16,Cetakan dan Penggandaan,,,,5000000,,5250000,,5510000,,5790000,,5790000,,,2026-09-17 23:10:24.953977+00
925,16,Tersedianya Barang Cetakan dan,Jumlah Paket Barang Cetakan dan,,,,,,,,,,,,,,2026-09-17 23:10:24.953977+00
926,16,Penggandaan,Penggandaan yang Disediakan (Paket),1,1,5000000,1,5250000,1,5510000,1,5790000,1,5790000,,,2026-09-17 23:10:24.953977+00
927,16,3.27.01.2.06.0006 - Penyediaan Bahan,,,,,,,,,,,,,,,2026-09-17 23:10:24.953977+00
928,16,Bacaan dan Peraturan,,,,5450000,,5730000,,6020000,,6330000,,6330000,,,2026-09-17 23:10:24.953977+00
929,16,Perundang-undangan,,,,,,,,,,,,,,,2026-09-17 23:10:24.953977+00
930,17,BIDANG URUSAN / PROGRAM /,,,,,,,,,,,,,,,2026-09-17 23:10:24.953977+00
931,17,OUTCOME / KEGIATAN /,INDIKATOR OUTCOME /,,,,,,,,,,,,,,2026-09-17 23:10:24.953977+00
932,17,,,,,,,2027,,,,2029,,,,,2026-09-17 23:10:24.953977+00
933,17,SUBKEGIATAN OUTPUT,OUTPUT,,,,,,,,,,,,,,2026-09-17 23:10:24.953977+00
934,17,,,TAHUN,,2026,,,,2028,,,,2030,PERANGKAT DAERAH,KETERANGAN,2026-09-17 23:10:24.953977+00
935,17,,,,TARGET,,TARGET,,TARGET,,TARGET,,TARGET,,,,2026-09-17 23:10:24.953977+00
936,17,,Jumlah Dokumen Bahan Bacaan,,,,,,,,,,,,,,2026-09-17 23:10:24.953977+00
937,17,Tersedianya Bahan Bacaan dan,dan Peraturan,,,,,,,,,,,,,,2026-09-17 23:10:24.953977+00
938,17,Peraturan Perundang-undangan,Perundang-Undangan yang,1,1,5450000,1,5730000,1,6020000,1,6330000,1,6330000,,,2026-09-17 23:10:24.953977+00
939,17,,Disediakan (Dokumen),,,,,,,,,,,,,,2026-09-17 23:10:24.953977+00
940,17,3.27.01.2.08 - Penyediaan Jasa,,,,,,,,,,,,,,,2026-09-17 23:10:24.953977+00
941,17,Penunjang Urusan Pemerintahan Daerah,,,,51850000,,52870000,,55510000,,58290000,,58290000,,,2026-09-17 23:10:24.953977+00
942,17,Persentase Penyediaan Jasa Penunjang,Jumlah Laporan Penyediaan Jasa,,,,,,,,,,,,,,2026-09-17 23:10:24.953977+00
943,17,Urusan Pemerintahan Daerah,Surat Menyurat (Laporan),1,1,51850000,,52870000,,55510000,,58290000,,58290000,,,2026-09-17 23:10:24.953977+00
944,17,,Jumlah Laporan Penyediaan Jasa,,,,,,,,,,,,,,2026-09-17 23:10:24.953977+00
945,17,,"Komunikasi, Sumber Daya Air dan",12,12,,12,,12,,12,,12,,,,2026-09-17 23:10:24.953977+00
946,17,,Listrik yang Disediakan (Laporan),,,,,,,,,,,,,,2026-09-17 23:10:24.953977+00
947,17,3.27.01.2.08.0001 - Penyediaan Jasa,,,,,,,,,,,,,,,2026-09-17 23:10:24.953977+00
948,17,Surat Menyurat,,,,1500000,,0,,0,,0,,0,,,2026-09-17 23:10:24.953977+00
949,17,Terlaksananya Penyediaan Jasa Surat,Jumlah Laporan Penyediaan Jasa,,,,,,,,,,,,,,2026-09-17 23:10:24.953977+00
950,17,Menyurat,Surat Menyurat (Laporan),1,1,1500000,,0,,0,,0,,0,,,2026-09-17 23:10:24.953977+00
951,17,3.27.01.2.08.0002 - Penyediaan Jasa,,,,,,,,,,,,,,,2026-09-17 23:10:24.953977+00
952,17,"Komunikasi, Sumber Daya Air dan Listrik",,,,50350000,,52870000,,55510000,,58290000,,58290000,,,2026-09-17 23:10:24.953977+00
953,17,"Tersedianya Jasa Komunikasi, Sumber",Jumlah Laporan Penyediaan Jasa,,,,,,,,,,,,,,2026-09-17 23:10:24.953977+00
954,17,Daya Air dan Listrik,"Komunikasi, Sumber Daya Air dan Listrik yang Disediakan (Laporan)",12,12,50350000,12,52870000,12,55510000,12,58290000,12,58290000,,,2026-09-17 23:10:24.953977+00
955,17,3.27.01.2.09 - Pemeliharaan Barang Milik,,,,,,,,,,,,,,,2026-09-17 23:10:24.953977+00
956,17,Daerah Penunjang Urusan Pemerintahan,,,,6400000,,6600000,,6800000,,7010000,,7010000,,,2026-09-17 23:10:24.953977+00
957,17,Daerah,,,,,,,,,,,,,,,2026-09-17 23:10:24.953977+00
958,17,Persentase Pemeliharaan Barang Milik,,,,,,,,,,,,,,,2026-09-17 23:10:24.953977+00
959,17,Daerah Penunjang Urusan Pemerintah,Jumlah Peralatan dan Mesin,1,1,6400000,1,,,,,,,,,,2026-09-17 23:10:24.953977+00
960,17,Daerah,Lainnya yang Dipelihara  (Unit),,,,,,,,,,,,,,2026-09-17 23:10:24.953977+00
961,17,,,,,,,6600000,1,6800000,1,7010000,1,7010000,,,2026-09-17 23:10:24.953977+00
962,17,3.27.01.2.09.0006 - Pemeliharaan,,,,,,,,,,,,,,,2026-09-17 23:10:24.953977+00
963,17,Peralatan dan Mesin Lainnya,,,,6400000,,6600000,,6800000,,7010000,,7010000,,,2026-09-17 23:10:24.953977+00
964,17,Terlaksananya Pemeliharaan Peralatan,Jumlah Peralatan dan Mesin,,,,,,,,,,,,,,2026-09-17 23:10:24.953977+00
965,17,dan Mesin Lainnya,Lainnya yang Dipelihara  (Unit),1,1,6400000,1,6600000,1,6800000,1,7010000,1,7010000,,,2026-09-17 23:10:24.953977+00
966,17,Meningkatnya kualitas Layanan Umum,,,,,,,,,,,,,2.09.3.27.3.25.02.00,,2026-09-17 23:10:24.953977+00
967,17,dan Kepegawaian Perangkat Daerah,Indeks Pelayanan Publik (%),79,79,192180000,80,197020000,81,206210000,82,215490000,82,215900000,02 - UPTD Kawasan Pertanian Terpadu,,2026-09-17 23:10:24.953977+00
968,17,,Tingkat Penerapan SPBE,,,,,,,,,,,,,,2026-09-17 23:10:24.953977+00
969,17,,Perangkat Daerah (Skor),0,60,,65,,75,,85,,90,,,,2026-09-17 23:10:24.953977+00
970,17,,Persentase BMD dalam kondisi baik,,,,,,,,,,,,,,2026-09-17 23:10:24.953977+00
971,17,,dan termanfaatkan (%),100,100,,100,,100,,100,,100,,,,2026-09-17 23:10:24.953977+00
972,17,,Tingkat Kepuasan Pegawai,,,,,,,,,,,,,,2026-09-17 23:10:24.953977+00
973,17,,Perangkat Daerah (Skor),0,"3,5",,"3,8",,4,,"4,5",,"4,5",,,,2026-09-17 23:10:24.953977+00
974,17,3.27.01.2.06 - Administrasi Umum,,,,,,,,,,,,,,,2026-09-17 23:10:24.953977+00
975,17,Perangkat Daerah,,,,29950000,,31290000,,32670000,,34130000,,34130000,,,2026-09-17 23:10:24.953977+00
976,17,,Jumlah Dokumen Bahan Bacaan,,,,,,,,,,,,,,2026-09-17 23:10:24.953977+00
977,17,Persentase Administrasi Umum,dan Peraturan,,,,,,,,,,,,,,2026-09-17 23:10:24.953977+00
978,17,Perangkat Daerah,Perundang-Undangan yang,1,1,29950000,1,31290000,1,32670000,1,34130000,1,34130000,,,2026-09-17 23:10:24.953977+00
979,17,,Disediakan (Dokumen),,,,,,,,,,,,,,2026-09-17 23:10:24.953977+00
980,17,,Jumlah Paket Peralatan dan,,,,,,,,,,,,,,2026-09-17 23:10:24.953977+00
981,17,,Perlengkapan Kantor yang,1,1,,1,,1,,1,,1,,,,2026-09-17 23:10:24.953977+00
982,17,,Disediakan (Paket),,,,,,,,,,,,,,2026-09-17 23:10:24.953977+00
983,17,,Jumlah Paket Barang Cetakan dan,,,,,,,,,,,,,,2026-09-17 23:10:24.953977+00
984,17,,Penggandaan yang Disediakan,1,1,,1,,1,,1,,1,,,,2026-09-17 23:10:24.953977+00
985,17,,(Paket),,,,,,,,,,,,,,2026-09-17 23:10:24.953977+00
986,17,,Jumlah Paket Bahan Logistik,,,,,,,,,,,,,,2026-09-17 23:10:24.953977+00
987,17,,Kantor yang Disediakan (Paket),1,1,,1,,1,,1,,1,,,,2026-09-17 23:10:24.953977+00
988,17,,Jumlah Paket Peralatan Rumah,,,,,,,,,,,,,,2026-09-17 23:10:24.953977+00
989,17,,Tangga yang Disediakan (Paket),1,1,,1,,1,,1,,1,,,,2026-09-17 23:10:24.953977+00
990,17,,Jumlah Paket Komponen Instalasi,,,,,,,,,,,,,,2026-09-17 23:10:24.953977+00
991,17,,Listrik/Penerangan Bangunan,1,1,,1,,1,,1,,1,,,,2026-09-17 23:10:24.953977+00
992,17,,Kantor yang Disediakan (Paket),,,,,,,,,,,,,,2026-09-17 23:10:24.953977+00
993,18,BIDANG URUSAN / PROGRAM /,,,,,,,,,,,,,,,2026-09-17 23:10:24.953977+00
994,18,OUTCOME / KEGIATAN /,INDIKATOR OUTCOME /,,,,,,,,,,,,,,2026-09-17 23:10:24.953977+00
995,18,,,,,,,2027,,,,2029,,,,,2026-09-17 23:10:24.953977+00
996,18,SUBKEGIATAN OUTPUT,OUTPUT,,,,,,,,,,,,,,2026-09-17 23:10:24.953977+00
997,18,,,TAHUN,,2026,,,,2028,,,,2030,PERANGKAT DAERAH,KETERANGAN,2026-09-17 23:10:24.953977+00
998,18,,,,TARGET,,TARGET,,TARGET,,TARGET,,TARGET,,,,2026-09-17 23:10:24.953977+00
999,18,3.27.01.2.06.0001 - Penyediaan,,,,,,,,,,,,,,,2026-09-17 23:10:24.953977+00
1000,18,Komponen Instalasi,,,,2000000,,2050000,,2100000,,2150000,,2150000,,,2026-09-17 23:10:24.953977+00
1001,18,Listrik/Penerangan Bangunan Kantor,,,,,,,,,,,,,,,2026-09-17 23:10:24.953977+00
1002,18,Tersedianya Komponen Instalasi,Jumlah Paket Komponen Instalasi,,,,,,,,,,,,,,2026-09-17 23:10:24.953977+00
1003,18,Listrik/Penerangan Bangunan Kantor,Listrik/Penerangan Bangunan Kantor yang Disediakan (Paket),1,1,2000000,1,2050000,1,2100000,1,2150000,1,2150000,,,2026-09-17 23:10:24.953977+00
1004,18,3.27.01.2.06.0002 - Penyediaan,,,,,,,,,,,,,,,2026-09-17 23:10:24.953977+00
1005,18,Peralatan dan Perlengkapan Kantor,,,,5000000,,5250000,,5510000,,5790000,,5790000,,,2026-09-17 23:10:24.953977+00
1006,18,Tersedianya Peralatan dan,Jumlah Paket Peralatan dan,,,,,,,,,,,,,,2026-09-17 23:10:24.953977+00
1007,18,Perlengkapan Kantor,Perlengkapan Kantor yang Disediakan (Paket),1,1,5000000,1,5250000,1,5510000,1,5790000,1,5790000,,,2026-09-17 23:10:24.953977+00
1008,18,3.27.01.2.06.0003 - Penyediaan,,,,,,,,,,,,,,,2026-09-17 23:10:24.953977+00
1009,18,Peralatan Rumah Tangga,,,,5000000,,5130000,,5260000,,5390000,,5390000,,,2026-09-17 23:10:24.953977+00
1010,18,Tersedianya Peralatan Rumah Tangga,Jumlah Paket Peralatan Rumah Tangga yang Disediakan (Paket),1,1,5000000,1,5130000,1,5260000,1,5390000,1,5390000,,,2026-09-17 23:10:24.953977+00
1011,18,3.27.01.2.06.0004 - Penyediaan Bahan,,,,,,,,,,,,,,,2026-09-17 23:10:24.953977+00
1012,18,Logistik Kantor,,,,7500000,,7880000,,8270000,,8680000,,8680000,,,2026-09-17 23:10:24.953977+00
1013,18,Tersedianya Bahan Logistik Kantor,Jumlah Paket Bahan Logistik Kantor yang Disediakan (Paket),1,1,7500000,1,7880000,1,8270000,1,8680000,1,8680000,,,2026-09-17 23:10:24.953977+00
1014,18,3.27.01.2.06.0005 - Penyediaan Barang,,,,,,,,,,,,,,,2026-09-17 23:10:24.953977+00
1015,18,Cetakan dan Penggandaan,,,,5000000,,5250000,,5510000,,5790000,,5790000,,,2026-09-17 23:10:24.953977+00
1016,18,Tersedianya Barang Cetakan dan,Jumlah Paket Barang Cetakan dan,,,,,,,,,,,,,,2026-09-17 23:10:24.953977+00
1017,18,Penggandaan,Penggandaan yang Disediakan (Paket),1,1,5000000,1,5250000,1,5510000,1,5790000,1,5790000,,,2026-09-17 23:10:24.953977+00
1018,18,3.27.01.2.06.0006 - Penyediaan Bahan,,,,,,,,,,,,,,,2026-09-17 23:10:24.953977+00
1019,18,Bacaan dan Peraturan,,,,5450000,,5730000,,6020000,,6330000,,6330000,,,2026-09-17 23:10:24.953977+00
1020,18,Perundang-undangan,,,,,,,,,,,,,,,2026-09-17 23:10:24.953977+00
1021,18,,Jumlah Dokumen Bahan Bacaan,,,,,,,,,,,,,,2026-09-17 23:10:24.953977+00
1022,18,Tersedianya Bahan Bacaan dan,dan Peraturan,,,,,,,,,,,,,,2026-09-17 23:10:24.953977+00
1023,18,Peraturan Perundang-undangan,Perundang-Undangan yang,1,1,5450000,1,5730000,1,6020000,1,6330000,1,6330000,,,2026-09-17 23:10:24.953977+00
1024,18,,Disediakan (Dokumen),,,,,,,,,,,,,,2026-09-17 23:10:24.953977+00
1025,18,3.27.01.2.08 - Penyediaan Jasa,,,,,,,,,,,,,,,2026-09-17 23:10:24.953977+00
1026,18,Penunjang Urusan Pemerintahan Daerah,,,,44580000,,45230000,,47490000,,49860000,,49860000,,,2026-09-17 23:10:24.953977+00
1027,18,Persentase Penyediaan Jasa Penunjang,Jumlah Laporan Penyediaan Jasa,,,,,,,,,,,,,,2026-09-17 23:10:24.953977+00
1028,18,Urusan Pemerintahan,Surat Menyurat (Laporan),1,1,44580000,,45230000,,47490000,,49860000,,49860000,,,2026-09-17 23:10:24.953977+00
1029,18,,Jumlah Laporan Penyediaan Jasa,,,,,,,,,,,,,,2026-09-17 23:10:24.953977+00
1030,18,,"Komunikasi, Sumber Daya Air dan",11,1,,1,,1,,1,,1,,,,2026-09-17 23:10:24.953977+00
1031,18,,Listrik yang Disediakan (Laporan),,,,,,,,,,,,,,2026-09-17 23:10:24.953977+00
1032,18,3.27.01.2.08.0001 - Penyediaan Jasa,,,,,,,,,,,,,,,2026-09-17 23:10:24.953977+00
1033,18,Surat Menyurat,,,,1500000,,0,,0,,0,,0,,,2026-09-17 23:10:24.953977+00
1034,18,Terlaksananya Penyediaan Jasa Surat,Jumlah Laporan Penyediaan Jasa,,,,,,,,,,,,,,2026-09-17 23:10:24.953977+00
1035,18,Menyurat,Surat Menyurat (Laporan),1,1,1500000,,0,,0,,0,,0,,,2026-09-17 23:10:24.953977+00
1036,18,3.27.01.2.08.0002 - Penyediaan Jasa,,,,,,,,,,,,,,,2026-09-17 23:10:24.953977+00
1037,18,"Komunikasi, Sumber Daya Air dan Listrik",,,,43080000,,45230000,,47490000,,49860000,,49860000,,,2026-09-17 23:10:24.953977+00
1038,18,"Tersedianya Jasa Komunikasi, Sumber",Jumlah Laporan Penyediaan Jasa,,,,,,,,,,,,,,2026-09-17 23:10:24.953977+00
1039,18,Daya Air dan Listrik,"Komunikasi, Sumber Daya Air dan Listrik yang Disediakan (Laporan)",11,1,43080000,1,45230000,1,47490000,1,49860000,1,49860000,,,2026-09-17 23:10:24.953977+00
1040,18,Meningkatnya kualitas Layanan Umum,,,,,,,,,,,,,2.09.3.27.3.25.02.00,,2026-09-17 23:10:24.953977+00
1041,18,dan Kepegawaian Perangkat Daerah,Indeks Pelayanan Publik (%),79,79,192180000,80,197020000,81,206210000,82,215490000,82,215900000,03 - UPTD Pusat Kesehatan Hewan,,2026-09-17 23:10:24.953977+00
1042,18,,Tingkat Penerapan SPBE,,,,,,,,,,,,,,2026-09-17 23:10:24.953977+00
1043,18,,Perangkat Daerah (Skor),0,60,,65,,75,,85,,90,,,,2026-09-17 23:10:24.953977+00
1044,18,,Tingkat Kepuasan Pegawai,,,,,,,,,,,,,,2026-09-17 23:10:24.953977+00
1045,18,,Perangkat Daerah (Skor),0,"3,5",,"3,8",,4,,"4,5",,"4,5",,,,2026-09-17 23:10:24.953977+00
1046,18,,Persentase BMD dalam kondisi baik,,,,,,,,,,,,,,2026-09-17 23:10:24.953977+00
1047,18,,dan termanfaatkan (%),100,100,,100,,100,,100,,100,,,,2026-09-17 23:10:24.953977+00
1048,19,BIDANG URUSAN / PROGRAM /,,,,,,,,,,,,,,,2026-09-17 23:10:24.953977+00
1049,19,OUTCOME / KEGIATAN /,INDIKATOR OUTCOME /,,,,,,,,,,,,,,2026-09-17 23:10:24.953977+00
1050,19,,,,,,,2027,,,,2029,,,,,2026-09-17 23:10:24.953977+00
1051,19,SUBKEGIATAN OUTPUT,OUTPUT,,,,,,,,,,,,,,2026-09-17 23:10:24.953977+00
1052,19,,,TAHUN,,2026,,,,2028,,,,2030,PERANGKAT DAERAH,KETERANGAN,2026-09-17 23:10:24.953977+00
1053,19,,,,TARGET,,TARGET,,TARGET,,TARGET,,TARGET,,,,2026-09-17 23:10:24.953977+00
1054,19,3.27.01.2.06 - Administrasi Umum,,,,,,,,,,,,,,,2026-09-17 23:10:24.953977+00
1055,19,Perangkat Daerah,,,,27950000,,29240000,,30570000,,31980000,,31980000,,,2026-09-17 23:10:24.953977+00
1056,19,Persentase Administrasi Umum,Jumlah Paket Bahan Logistik,,,,,,,,,,,,,,2026-09-17 23:10:24.953977+00
1057,19,Perangkat Daerah,Kantor yang Disediakan (Paket),1,1,27950000,1,29240000,1,30570000,1,31980000,1,31980000,,,2026-09-17 23:10:24.953977+00
1058,19,,Jumlah Dokumen Bahan Bacaan,,,,,,,,,,,,,,2026-09-17 23:10:24.953977+00
1059,19,,dan Peraturan,,,,,,,,,,,,,,2026-09-17 23:10:24.953977+00
1060,19,,Perundang-Undangan yang,,1,,1,,1,,1,,1,,,,2026-09-17 23:10:24.953977+00
1061,19,,Disediakan (Dokumen),,,,,,,,,,,,,,2026-09-17 23:10:24.953977+00
1062,19,,Jumlah Paket Peralatan Rumah,,,,,,,,,,,,,,2026-09-17 23:10:24.953977+00
1063,19,,Tangga yang Disediakan (Paket),1,1,,1,,1,,1,,1,,,,2026-09-17 23:10:24.953977+00
1064,19,,Jumlah Paket Peralatan dan,,,,,,,,,,,,,,2026-09-17 23:10:24.953977+00
1065,19,,Perlengkapan Kantor yang,1,1,,1,,1,,1,,1,,,,2026-09-17 23:10:24.953977+00
1066,19,,Disediakan (Paket),,,,,,,,,,,,,,2026-09-17 23:10:24.953977+00
1067,19,,Jumlah Paket Barang Cetakan dan,,,,,,,,,,,,,,2026-09-17 23:10:24.953977+00
1068,19,,Penggandaan yang Disediakan,1,1,,1,,1,,1,,1,,,,2026-09-17 23:10:24.953977+00
1069,19,,(Paket),,,,,,,,,,,,,,2026-09-17 23:10:24.953977+00
1070,19,3.27.01.2.06.0002 - Penyediaan,,,,,,,,,,,,,,,2026-09-17 23:10:24.953977+00
1071,19,Peralatan dan Perlengkapan Kantor,,,,5000000,,5250000,,5510000,,5790000,,5790000,,,2026-09-17 23:10:24.953977+00
1072,19,Tersedianya Peralatan dan,Jumlah Paket Peralatan dan,,,,,,,,,,,,,,2026-09-17 23:10:24.953977+00
1073,19,Perlengkapan Kantor,Perlengkapan Kantor yang Disediakan (Paket),1,1,5000000,1,5250000,1,5510000,1,5790000,1,5790000,,,2026-09-17 23:10:24.953977+00
1074,19,3.27.01.2.06.0003 - Penyediaan,,,,,,,,,,,,,,,2026-09-17 23:10:24.953977+00
1075,19,Peralatan Rumah Tangga,,,,5000000,,5130000,,5260000,,5390000,,5390000,,,2026-09-17 23:10:24.953977+00
1076,19,Tersedianya Peralatan Rumah Tangga,Jumlah Paket Peralatan Rumah Tangga yang Disediakan (Paket),1,1,5000000,1,5130000,1,5260000,1,5390000,1,5390000,,,2026-09-17 23:10:24.953977+00
1077,19,3.27.01.2.06.0004 - Penyediaan Bahan,,,,,,,,,,,,,,,2026-09-17 23:10:24.953977+00
1078,19,Logistik Kantor,,,,7500000,,7880000,,8270000,,8680000,,8680000,,,2026-09-17 23:10:24.953977+00
1079,19,Tersedianya Bahan Logistik Kantor,Jumlah Paket Bahan Logistik Kantor yang Disediakan (Paket),1,1,7500000,1,7880000,1,8270000,1,8680000,1,8680000,,,2026-09-17 23:10:24.953977+00
1080,19,3.27.01.2.06.0005 - Penyediaan Barang,,,,,,,,,,,,,,,2026-09-17 23:10:24.953977+00
1081,19,Cetakan dan Penggandaan,,,,5000000,,5250000,,5510000,,5790000,,5790000,,,2026-09-17 23:10:24.953977+00
1082,19,Tersedianya Barang Cetakan dan,Jumlah Paket Barang Cetakan dan,,,,,,,,,,,,,,2026-09-17 23:10:24.953977+00
1083,19,Penggandaan,Penggandaan yang Disediakan (Paket),1,1,5000000,1,5250000,1,5510000,1,5790000,1,5790000,,,2026-09-17 23:10:24.953977+00
1084,19,3.27.01.2.06.0006 - Penyediaan Bahan,,,,,,,,,,,,,,,2026-09-17 23:10:24.953977+00
1085,19,Bacaan dan Peraturan,,,,5450000,,5730000,,6020000,,6330000,,6330000,,,2026-09-17 23:10:24.953977+00
1086,19,Perundang-undangan,,,,,,,,,,,,,,,2026-09-17 23:10:24.953977+00
1087,19,,Jumlah Dokumen Bahan Bacaan,,,,,,,,,,,,,,2026-09-17 23:10:24.953977+00
1088,19,Tersedianya Bahan Bacaan dan,dan Peraturan,,,,,,,,,,,,,,2026-09-17 23:10:24.953977+00
1089,19,Peraturan Perundang-undangan,Perundang-Undangan yang,,1,5450000,1,5730000,1,6020000,1,6330000,1,6330000,,,2026-09-17 23:10:24.953977+00
1090,19,,Disediakan (Dokumen),,,,,,,,,,,,,,2026-09-17 23:10:24.953977+00
1091,19,3.27.01.2.08 - Penyediaan Jasa,,,,,,,,,,,,,,,2026-09-17 23:10:24.953977+00
1092,19,Penunjang Urusan Pemerintahan Daerah,,,,1500000,,500000,,500000,,500000,,500000,,,2026-09-17 23:10:24.953977+00
1093,19,Persentase Penyediaan Jasa Penunjang,Jumlah Laporan Penyediaan Jasa,,,,,,,,,,,,,,2026-09-17 23:10:24.953977+00
1094,19,Urusan Pemerintahan Daerah,Surat Menyurat (Laporan),1,1,1500000,1,500000,1,500000,1,500000,1,500000,,,2026-09-17 23:10:24.953977+00
1095,19,3.27.01.2.08.0001 - Penyediaan Jasa,,,,,,,,,,,,,,,2026-09-17 23:10:24.953977+00
1096,19,Surat Menyurat,,,,1500000,,500000,,500000,,500000,,500000,,,2026-09-17 23:10:24.953977+00
1097,19,Terlaksananya Penyediaan Jasa Surat,Jumlah Laporan Penyediaan Jasa,,,,,,,,,,,,,,2026-09-17 23:10:24.953977+00
1098,19,Menyurat,Surat Menyurat (Laporan),1,1,1500000,1,500000,1,500000,1,500000,1,500000,,,2026-09-17 23:10:24.953977+00
1099,19,3.27.02 - PROGRAM PENYEDIAAN DAN,,,,,,,,,,,,,,,2026-09-17 23:10:24.953977+00
1100,19,PENGEMBANGAN SARANA,,,,1175000000,,1175000000,,1175000000,,1175000000,,1175000000,,,2026-09-17 23:10:24.953977+00
1101,19,PERTANIAN,,,,,,,,,,,,,,,2026-09-17 23:10:24.953977+00
1102,19,Meningkatnya distribusi dan kualitas,Peningkatan Produksi Komoditas,,,,,,,,,,,,00 - DINAS,,2026-09-17 23:10:24.953977+00
1103,19,sarana pertanian,Peternakan (Persentase),1,"1,5",1175000000,"1,5",1175000000,"1,5",1175000000,"1,5",1175000000,"1,5",1175000000,KETAHANAN PANGAN DAN,,2026-09-17 23:10:24.953977+00
1104,20,BIDANG URUSAN / PROGRAM /,,,,,,,,,,,,,,,2026-09-17 23:10:24.953977+00
1105,20,OUTCOME / KEGIATAN /,INDIKATOR OUTCOME /,,,,,,,,,,,,,,2026-09-17 23:10:24.953977+00
1106,20,,,,,,,2027,,,,2029,,,,,2026-09-17 23:10:24.953977+00
1107,20,SUBKEGIATAN OUTPUT,OUTPUT,,,,,,,,,,,,,,2026-09-17 23:10:24.953977+00
1108,20,,,TAHUN,,2026,,,,2028,,,,2030,PERANGKAT,,2026-09-17 23:10:24.953977+00
1109,20,,,,TARGET,,TARGET,,TARGET,,TARGET,,TARGET,,,,2026-09-17 23:10:24.953977+00
1110,20,,Jumlah Produksi Tanaman,,,,,,,,,,,,,,2026-09-17 23:10:24.953977+00
1111,20,,Hortikultura Jenis Cabai (Ton),"107,6","107,65",,"107,7",,"107,75",,"107,8",,"107,85",,,,2026-09-17 23:10:24.953977+00
1112,20,,Jumlah Produksi Tanaman,,,,,,,,,,,,,,2026-09-17 23:10:24.953977+00
1113,20,,Hortikultura jenis bawang merah,"90,3","90,35",,"90,4",,"90,45",,"90,5",,"90,55",,,,2026-09-17 23:10:24.953977+00
1114,20,,(Ton),,,,,,,,,,,,,,2026-09-17 23:10:24.953977+00
1115,20,,Jumlah Produksi Padi (Ton),"10.460,36",10.461,,10.461,,10.462,,10.462,,10.463,,,,2026-09-17 23:10:24.953977+00
1116,20,,Jumlah Produksi Melon (Ton),"38,5",39,,"39,5",,40,,"40,5",,41,,,,2026-09-17 23:10:24.953977+00
1117,20,,Jumlah Produksi Kacang Tanah,,,,,,,,,,,,,,2026-09-17 23:10:24.953977+00
1118,20,,(Ton),369,370,,"370,5",,371,,"371,5",,372,,,,2026-09-17 23:10:24.953977+00
1119,20,,Jumlah Produksi Jagung (Ton),"150,3","150,8",,"151,3",,"151,8",,"152,3",,"152,8",,,,2026-09-17 23:10:24.953977+00
1120,20,3.27.02.2.01 - Pengawasan Penggunaan,,,,,,,,,,,,,,,2026-09-17 23:10:24.953977+00
1121,20,Sarana Pertanian,,,,555000000,,555000000,,555000000,,555000000,,555000000,,,2026-09-17 23:10:24.953977+00
1122,20,Penyelenggaraan Pasar Tani (Prioritas,Jumlah pengawasan penggunaan,,,,,,,,,,,,,,2026-09-17 23:10:24.953977+00
1123,20,Daerah),sarana pascapanen hortikultura (Laporan),0,1,175000000,1,175000000,1,175000000,1,175000000,1,175000000,,,2026-09-17 23:10:24.953977+00
1124,20,3.27.02.2.01.0016 - Pengawasan,,,,,,,,,,,,,,,2026-09-17 23:10:24.953977+00
1125,20,Penggunaan Sarana Pascapanen,,,,175000000,,175000000,,175000000,,175000000,,175000000,,,2026-09-17 23:10:24.953977+00
1126,20,Hortikultura,,,,,,,,,,,,,,,2026-09-17 23:10:24.953977+00
1127,20,Terawasinya penggunaan sarana,Jumlah pengawasan penggunaan,,,,,,,,,,,,,,2026-09-17 23:10:24.953977+00
1128,20,pascapanen hortikultura,sarana pascapanen hortikultura (Laporan),0,1,175000000,1,175000000,1,175000000,1,175000000,1,175000000,,,2026-09-17 23:10:24.953977+00
1129,20,Terlaksananya pengawasan dan,,,,,,,,,,,,,,,2026-09-17 23:10:24.953977+00
1130,20,pendampingan penggunaan sarana,,,,,,,,,,,,,,,2026-09-17 23:10:24.953977+00
1131,20,"pendukung pertanian, termasuk",Jumlah Pendampingan,,,,,,,,,,,,,,2026-09-17 23:10:24.953977+00
1132,20,ketersediaan benih bersertifikat dan,Penggunaan Sarana Pendukung,1,1,380000000,1,380000000,1,380000000,1,380000000,1,380000000,,,2026-09-17 23:10:24.953977+00
1133,20,"sarana pascapanen sesuai komoditas,",Pertanian (Laporan),,,,,,,,,,,,,,2026-09-17 23:10:24.953977+00
1134,20,"teknologi, dan spesifik lokasi",,,,,,,,,,,,,,,2026-09-17 23:10:24.953977+00
1135,20,,Jumlah benih bersertifikat tanaman,,,,,,,,,,,,,,2026-09-17 23:10:24.953977+00
1136,20,,pangan berbentuk biji/benih yang,0,2,,2,,2,,2,,2,,,,2026-09-17 23:10:24.953977+00
1137,20,,diperbanyak (Ton),,,,,,,,,,,,,,2026-09-17 23:10:24.953977+00
1138,20,,Jumlah Pengawasan Penggunaan,,,,,,,,,,,,,,2026-09-17 23:10:24.953977+00
1139,20,,Sarana Pendukung Pertanian,,,,,,,,,,,,,,2026-09-17 23:10:24.953977+00
1140,20,,"Sesuai dengan Komoditas,",1,1,,1,,1,,1,,1,,,,2026-09-17 23:10:24.953977+00
1141,20,,Teknologi dan Spesifik Lokasi,,,,,,,,,,,,,,2026-09-17 23:10:24.953977+00
1142,20,,(Laporan),,,,,,,,,,,,,,2026-09-17 23:10:24.953977+00
1143,20,3.27.02.2.01.0001 - Pengawasan,,,,,,,,,,,,,,,2026-09-17 23:10:24.953977+00
1144,20,Penggunaan Sarana Pendukung,,,,,,,,,,,,,,,2026-09-17 23:10:24.953977+00
1145,20,"Pertanian Sesuai dengan Komoditas,",,,,130000000,,130000000,,130000000,,130000000,,130000000,,,2026-09-17 23:10:24.953977+00
1146,20,Teknologi dan Spesifik Lokasi,,,,,,,,,,,,,,,2026-09-17 23:10:24.953977+00
1147,20,Terawasinya Penggunaan Sarana,Jumlah Pengawasan Penggunaan,,,,,,,,,,,,,,2026-09-17 23:10:24.953977+00
1148,20,Pendukung Pertanian Sesuai dengan,Sarana Pendukung Pertanian,,,,,,,,,,,,,,2026-09-17 23:10:24.953977+00
1149,20,"Komoditas, Teknologi dan Spesifik","Sesuai dengan Komoditas,",1,1,130000000,1,130000000,1,130000000,1,130000000,1,130000000,,,2026-09-17 23:10:24.953977+00
1150,20,Lokasi,Teknologi dan Spesifik Lokasi (Laporan),,,,,,,,,,,,,,2026-09-17 23:10:24.953977+00
1151,20,3.27.02.2.01.0002 - Pendampingan,,,,,,,,,,,,,,,2026-09-17 23:10:24.953977+00
1152,20,Penggunaan Sarana Pendukung,,,,50000000,,50000000,,50000000,,50000000,,50000000,,,2026-09-17 23:10:24.953977+00
1153,20,Pertanian,,,,,,,,,,,,,,,2026-09-17 23:10:24.953977+00
1154,20,Terlaksananya Pendampingan,Jumlah Pendampingan,,,,,,,,,,,,,,2026-09-17 23:10:24.953977+00
1155,20,Penggunaan Sarana Pendukung,Penggunaan Sarana Pendukung,1,1,50000000,1,50000000,1,50000000,1,50000000,1,50000000,,,2026-09-17 23:10:24.953977+00
1156,20,Pertanian,Pertanian (Laporan),,,,,,,,,,,,,,2026-09-17 23:10:24.953977+00
1157,20,3.27.02.2.01.0003 - Perbanyakan Benih,,,,,,,,,,,,,,,2026-09-17 23:10:24.953977+00
1158,20,Bersertifikat Tanaman Pangan Berbentuk,,,,200000000,,200000000,,200000000,,200000000,,200000000,,,2026-09-17 23:10:24.953977+00
1159,20,Biji/Benih,,,,,,,,,,,,,,,2026-09-17 23:10:24.953977+00
1160,20,Tersedianya benih bersertifikat Tanaman,Jumlah benih bersertifikat tanaman,,,,,,,,,,,,,,2026-09-17 23:10:24.953977+00
1161,20,Pangan Berbentuk biji/benih,pangan berbentuk biji/benih yang diperbanyak (Ton),0,2,200000000,2,200000000,2,200000000,2,200000000,2,200000000,,,2026-09-17 23:10:24.953977+00
1162,21,BIDANG URUSAN / PROGRAM /,,,,,,,,,,,,,,,2026-09-17 23:10:24.953977+00
1163,21,OUTCOME / KEGIATAN /,INDIKATOR OUTCOME /,,,,,,,,,,,,,,2026-09-17 23:10:24.953977+00
1164,21,,,,,,,2027,,,,2029,,,,,2026-09-17 23:10:24.953977+00
1165,21,SUBKEGIATAN OUTPUT,OUTPUT,,,,,,,,,,,,,,2026-09-17 23:10:24.953977+00
1166,21,,,TAHUN,,2026,,,,2028,,,,2030,PERANGKAT DAERAH,KETERANGAN,2026-09-17 23:10:24.953977+00
1167,21,,,,TARGET,,TARGET,,TARGET,,TARGET,,TARGET,,,,2026-09-17 23:10:24.953977+00
1168,21,3.27.02.2.02 - Pengelolaan Sumber Daya,,,,,,,,,,,,,,,2026-09-17 23:10:24.953977+00
1169,21,"Genetik (SDG) Hewan, Tumbuhan, dan",,,,,,,,,,,,,,,2026-09-17 23:10:24.953977+00
1170,21,Mikro Organisme Kewenangan,,,,425000000,,425000000,,425000000,,425000000,,425000000,,,2026-09-17 23:10:24.953977+00
1171,21,Kabupaten/Kota,,,,,,,,,,,,,,,2026-09-17 23:10:24.953977+00
1172,21,Meningkatnya kualitas dan pemanfaatan,Jumlah Pelaksanaan Peningkatan,,,,,,,,,,,,,,2026-09-17 23:10:24.953977+00
1173,21,SDG Hewan/Tanaman,Kualitas SDG Hewan/Tanaman (Dokumen),1,1,75000000,1,75000000,1,75000000,1,75000000,1,75000000,,,2026-09-17 23:10:24.953977+00
1174,21,3.27.02.2.02.0002 - Peningkatan Kualitas,,,,,,,,,,,,,,,2026-09-17 23:10:24.953977+00
1175,21,SDG Hewan/Tanaman,,,,75000000,,75000000,,75000000,,75000000,,75000000,,,2026-09-17 23:10:24.953977+00
1176,21,Meningkatnya Kualitas SDG,Jumlah Pelaksanaan Peningkatan,,,,,,,,,,,,,,2026-09-17 23:10:24.953977+00
1177,21,Hewan/Tanaman,Kualitas SDG Hewan/Tanaman (Dokumen),1,1,75000000,1,75000000,1,75000000,1,75000000,1,75000000,,,2026-09-17 23:10:24.953977+00
1178,21,Pengembangan Kawasan Agroindustri,Jumlah Pemanfaatan SDG,,,,,,,,,,,,,,2026-09-17 23:10:24.953977+00
1179,21,(Prioritas Daerah),Hewan/Tanaman (Dokumen),0,1,350000000,1,350000000,1,350000000,1,350000000,1,350000000,,,2026-09-17 23:10:24.953977+00
1180,21,3.27.02.2.02.0003 - Pemanfaatan SDG,,,,,,,,,,,,,,,2026-09-17 23:10:24.953977+00
1181,21,Hewan/Tanaman,,,,350000000,,350000000,,350000000,,350000000,,350000000,,,2026-09-17 23:10:24.953977+00
1182,21,Termanfaatkannya SDG,Jumlah Pemanfaatan SDG,,,,,,,,,,,,,,2026-09-17 23:10:24.953977+00
1183,21,Hewan/Tanaman,Hewan/Tanaman (Dokumen),0,1,350000000,1,350000000,1,350000000,1,350000000,1,350000000,,,2026-09-17 23:10:24.953977+00
1184,21,3.27.02.2.03 - Peningkatan Mutu dan,,,,,,,,,,,,,,,2026-09-17 23:10:24.953977+00
1185,21,Peredaran Benih/Bibit Ternak dan,,,,,,,,,,,,,,,2026-09-17 23:10:24.953977+00
1186,21,Tanaman Pakan Ternak serta Pakan,,,,25000000,,25000000,,25000000,,25000000,,25000000,,,2026-09-17 23:10:24.953977+00
1187,21,dalam Daerah Kabupaten/Kota,,,,,,,,,,,,,,,2026-09-17 23:10:24.953977+00
1188,21,"Terawasinya Mutu Benih/Bibit Ternak,",Jumlah Pengawasan Mutu,,,,,,,,,,,,,,2026-09-17 23:10:24.953977+00
1189,21,Bahan Pakan/Pakan/Tanaman Skala,"Benih/Bibit Ternak, Bahan",,1,25000000,1,,1,25000000,1,,1,25000000,,,2026-09-17 23:10:24.953977+00
1190,21,Kecil,Pakan/Pakan/Tanaman Skala Kecil,,,,,,,,,,,,,,2026-09-17 23:10:24.953977+00
1191,21,,,1,,,,25000000,,,,25000000,,,,,2026-09-17 23:10:24.953977+00
1192,21,,(Laporan),,,,,,,,,,,,,,2026-09-17 23:10:24.953977+00
1193,21,3.27.02.2.03.0001 - Pengawasan Mutu,,,,,,,,,,,,,,,2026-09-17 23:10:24.953977+00
1194,21,"Benih/Bibit Ternak, Bahan",,,,25000000,,25000000,,25000000,,25000000,,25000000,,,2026-09-17 23:10:24.953977+00
1195,21,Pakan/Pakan/Tanaman Skala Kecil,,,,,,,,,,,,,,,2026-09-17 23:10:24.953977+00
1196,21,"Terawasinya Mutu Benih/Bibit Ternak,",Jumlah Pengawasan Mutu,,,,,,,,,,,,,,2026-09-17 23:10:24.953977+00
1197,21,Bahan Pakan/Pakan/Tanaman Skala,"Benih/Bibit Ternak, Bahan",,,,1,,1,,1,,1,,,,2026-09-17 23:10:24.953977+00
1198,21,Kecil,Pakan/Pakan/Tanaman Skala Kecil,,,,,,,,,,,,,,2026-09-17 23:10:24.953977+00
1199,21,,,1,1,25000000,,25000000,,25000000,,25000000,,25000000,,,2026-09-17 23:10:24.953977+00
1200,21,,(Laporan),,,,,,,,,,,,,,2026-09-17 23:10:24.953977+00
1201,21,3.27.02.2.04 - Pengawasan Obat Hewan,,,,,,,,,,,,,,,2026-09-17 23:10:24.953977+00
1202,21,di Tingkat Pengecer,,,,0,,0,,0,,0,,0,,,2026-09-17 23:10:24.953977+00
1203,21,"Terperiksanya Mutu, Khasiat dan","Jumlah Pemeriksaan Mutu, Khasiat",,,,,,,,,,,,,,2026-09-17 23:10:24.953977+00
1204,21,Keamanan Obat Hewan,dan Keamanan Obat Hewan yang Beredar (Laporan),,,0,,0,,0,,0,,0,,,2026-09-17 23:10:24.953977+00
1205,21,"3.27.02.2.04.0001 - Pemeriksaan Mutu,",,,,,,,,,,,,,,,2026-09-17 23:10:24.953977+00
1206,21,Khasiat dan Keamanan Peredaran Obat,,,,0,,0,,0,,0,,0,,,2026-09-17 23:10:24.953977+00
1207,21,Hewan,,,,,,,,,,,,,,,2026-09-17 23:10:24.953977+00
1208,21,"Terperiksanya Mutu, Khasiat dan","Jumlah Pemeriksaan Mutu, Khasiat",,,,,,,,,,,,,,2026-09-17 23:10:24.953977+00
1209,21,Keamanan Obat Hewan,dan Keamanan Obat Hewan yang Beredar (Laporan),,,0,,0,,0,,0,,0,,,2026-09-17 23:10:24.953977+00
1210,21,3.27.02.2.06 - Penyediaan Benih/Bibit,,,,,,,,,,,,,,,2026-09-17 23:10:24.953977+00
1211,21,Ternak dan Hijauan Pakan Ternak yang,,,,,,,,,,,,,,,2026-09-17 23:10:24.953977+00
1212,21,Sumbernya dalam 1 (Satu) Daerah,,,,170000000,,170000000,,170000000,,170000000,,170000000,,,2026-09-17 23:10:24.953977+00
1213,21,Kabupaten/Kota Lain,,,,,,,,,,,,,,,2026-09-17 23:10:24.953977+00
1214,21,"Tersedianya hijauan pakan, bibit, dan",Jumlah benih ternak yang,,,,,,,,,,,,,,2026-09-17 23:10:24.953977+00
1215,21,benih ternak dari daerah kabupaten/kota,sumbernya dari daerah,,500,170000000,500,170000000,500,170000000,500,170000000,500,170000000,,,2026-09-17 23:10:24.953977+00
1216,21,lain,kabupaten/kota lain (Dosis),,,,,,,,,,,,,,2026-09-17 23:10:24.953977+00
1217,21,,Jumlah bibit ternak yang,,,,,,,,,,,,,,2026-09-17 23:10:24.953977+00
1218,21,,sumbernya dari daerah,,10,,10,,10,,10,,10,,,,2026-09-17 23:10:24.953977+00
1219,21,,kabupaten/kota lain (Ekor),,,,,,,,,,,,,,2026-09-17 23:10:24.953977+00
1220,21,,Jumlah Hijauan Pakan Ternak yang,,,,,,,,,,,,,,2026-09-17 23:10:24.953977+00
1221,21,,Sumbernya dari Daerah,,10,,10,,10,,10,,10,,,,2026-09-17 23:10:24.953977+00
1222,21,,Kabupaten/Kota Lain (Ton),,,,,,,,,,,,,,2026-09-17 23:10:24.953977+00
1223,22,BIDANG URUSAN / PROGRAM /,,,,,,,,,,,,,,,2026-09-17 23:10:24.953977+00
1224,22,OUTCOME / KEGIATAN /,INDIKATOR OUTCOME /,,,,,,,,,,,,,,2026-09-17 23:10:24.953977+00
1225,22,,,,,,,2027,,,,2029,,,,,2026-09-17 23:10:24.953977+00
1226,22,SUBKEGIATAN OUTPUT,OUTPUT,,,,,,,,,,,,,,2026-09-17 23:10:24.953977+00
1227,22,,,TAHUN,,2026,,,,2028,,,,2030,PERANGKAT,,2026-09-17 23:10:24.953977+00
1228,22,,,,TARGET,,TARGET,,TARGET,,TARGET,,TARGET,,,,2026-09-17 23:10:24.953977+00
1229,22,3.27.02.2.06.0002 - Pengadaan Hijauan,,,,,,,,,,,,,,,2026-09-17 23:10:24.953977+00
1230,22,Pakan Ternak yang Sumbernya dari,,,,75000000,,75000000,,75000000,,75000000,,75000000,,,2026-09-17 23:10:24.953977+00
1231,22,Daerah Kabupaten/Kota Lain,,,,,,,,,,,,,,,2026-09-17 23:10:24.953977+00
1232,22,Tersedianya Hijauan Pakan Ternak yang,Jumlah Hijauan Pakan Ternak yang,,,,,,,,,,,,,,2026-09-17 23:10:24.953977+00
1233,22,Sumbernya dari Daerah Kabupaten/Kota,Sumbernya dari Daerah,,10,75000000,10,75000000,10,75000000,10,75000000,10,75000000,,,2026-09-17 23:10:24.953977+00
1234,22,Lain,Kabupaten/Kota Lain (Ton),,,,,,,,,,,,,,2026-09-17 23:10:24.953977+00
1235,22,3.27.02.2.06.0003 - Pengadaan Bibit,,,,,,,,,,,,,,,2026-09-17 23:10:24.953977+00
1236,22,Ternak yang Sumbernya dari Daerah,,,,85000000,,85000000,,85000000,,85000000,,85000000,,,2026-09-17 23:10:24.953977+00
1237,22,Kabupaten/Kota Lain,,,,,,,,,,,,,,,2026-09-17 23:10:24.953977+00
1238,22,Tersedianya bibit ternak yang sumbernya,Jumlah bibit ternak yang,,,,,,,,,,,,,,2026-09-17 23:10:24.953977+00
1239,22,dari daerah kabupaten/kota lain,sumbernya dari daerah kabupaten/kota lain (Ekor),,10,85000000,10,85000000,10,85000000,10,85000000,10,85000000,,,2026-09-17 23:10:24.953977+00
1240,22,3.27.02.2.06.0004 - Pengadaan Benih,,,,,,,,,,,,,,,2026-09-17 23:10:24.953977+00
1241,22,Ternak yang Sumbernya dari Daerah,,,,10000000,,10000000,,10000000,,10000000,,10000000,,,2026-09-17 23:10:24.953977+00
1242,22,Kabupaten/Kota Lain,,,,,,,,,,,,,,,2026-09-17 23:10:24.953977+00
1243,22,Tersedianya benih ternak yang,Jumlah benih ternak yang,,,,,,,,,,,,,,2026-09-17 23:10:24.953977+00
1244,22,sumbernya dari daerah kabupaten/kota,sumbernya dari daerah,,500,10000000,500,10000000,500,10000000,500,10000000,500,10000000,,,2026-09-17 23:10:24.953977+00
1245,22,lain,kabupaten/kota lain (Dosis),,,,,,,,,,,,,,2026-09-17 23:10:24.953977+00
1246,22,3.27.03 - PROGRAM PENYEDIAAN DAN,,,,,,,,,,,,,,,2026-09-17 23:10:24.953977+00
1247,22,PENGEMBANGAN PRASARANA,,,,494000000,,546800000,,600700000,,655600000,,655600000,,,2026-09-17 23:10:24.953977+00
1248,22,PERTANIAN,,,,,,,,,,,,,,,2026-09-17 23:10:24.953977+00
1249,22,Meningkatnya distribusi dan kualitas,Cakupan Luas Lahan Pertanian,,,,,,,,,,,,00 - DINAS,,2026-09-17 23:10:24.953977+00
1250,22,prasarana pertanian,yang Ditetapkan Menjadi LP2B (Ha),"53,19",55,494000000,55,546800000,55,600700000,55,655600000,55,655600000,KETAHANAN PANGAN DAN,,2026-09-17 23:10:24.953977+00
1251,22,3.27.03.2.01 - Pengembangan,,,,,,,,,,,,,,,2026-09-17 23:10:24.953977+00
1252,22,Prasarana Pertanian,,,,174000000,,201800000,,205700000,,240600000,,240600000,,,2026-09-17 23:10:24.953977+00
1253,22,Terlaksananya koordinasi prasarana,,,,,,,,,,,,,,,2026-09-17 23:10:24.953977+00
1254,22,"pertanian, pengelolaan kawasan dan",Luas kawasan pertanian  yang,,,,,,,,,,,,,,2026-09-17 23:10:24.953977+00
1255,22,lahan pertanian pangan berkelanjutan di,termanfaatkan (Ha),0,1,174000000,1,201800000,1,205700000,1,240600000,1,240600000,,,2026-09-17 23:10:24.953977+00
1256,22,kabupaten/kota,,,,,,,,,,,,,,,2026-09-17 23:10:24.953977+00
1257,22,,Peta Lahan Pertanian Pangan,,,,,,,,,,,,,,2026-09-17 23:10:24.953977+00
1258,22,,Berkelanjutan/LP2B (Dokumen),,,,,,,,,,,,,,2026-09-17 23:10:24.953977+00
1259,22,,Lahan Pertanian Pangan,,,,,,,,,,,,,,2026-09-17 23:10:24.953977+00
1260,22,,"Berkelanjutan/LP2B, Kawasan",,,,,,,,,,,,,,2026-09-17 23:10:24.953977+00
1261,22,,Pertanian Pangan,,,,,,,,,,,,,,2026-09-17 23:10:24.953977+00
1262,22,,Berkelanjutan/KP2B dan Lahan,1,1,,1,,1,,1,,1,,,,2026-09-17 23:10:24.953977+00
1263,22,,Cadangan Pertanian Pangan,,,,,,,,,,,,,,2026-09-17 23:10:24.953977+00
1264,22,,Berkelanjutan/LCP2B yang dikelola,,,,,,,,,,,,,,2026-09-17 23:10:24.953977+00
1265,22,,(Dokumen),,,,,,,,,,,,,,2026-09-17 23:10:24.953977+00
1266,22,,Jumlah Koordinasi dan Sinkronisasi,,,,,,,,,,,,,,2026-09-17 23:10:24.953977+00
1267,22,,Prasarana Pendukung Pertanian,1,1,,1,,1,,1,,1,,,,2026-09-17 23:10:24.953977+00
1268,22,,Lainnya (Laporan),,,,,,,,,,,,,,2026-09-17 23:10:24.953977+00
1269,22,3.27.03.2.01.0003 - Koordinasi dan,,,,,,,,,,,,,,,2026-09-17 23:10:24.953977+00
1270,22,Sinkronisasi Prasarana Pendukung,,,,30000000,,30000000,,30000000,,50000000,,50000000,,,2026-09-17 23:10:24.953977+00
1271,22,Pertanian Lainnya,,,,,,,,,,,,,,,2026-09-17 23:10:24.953977+00
1272,22,Terlaksananya Koordinasi dan,Jumlah Koordinasi dan Sinkronisasi,,,,,,,,,,,,,,2026-09-17 23:10:24.953977+00
1273,22,Sinkronisasi Prasarana Pendukung,Prasarana Pendukung Pertanian,1,1,30000000,1,30000000,1,30000000,1,50000000,1,50000000,,,2026-09-17 23:10:24.953977+00
1274,22,Pertanian Lainnya,Lainnya (Laporan),,,,,,,,,,,,,,2026-09-17 23:10:24.953977+00
1275,22,3.27.03.2.01.0005 - Pengendalian dan,,,,,,,,,,,,,,,2026-09-17 23:10:24.953977+00
1276,22,Pemanfaatan Kawasan Pertanian,,,,95000000,,121800000,,111800000,,130600000,,130600000,,,2026-09-17 23:10:24.953977+00
1277,22,Terkendali dan termanfaatkannya,Luas kawasan pertanian  yang,,,,,,,,,,,,,,2026-09-17 23:10:24.953977+00
1278,22,kawasan pertanian,termanfaatkan (Ha),0,1,95000000,1,121800000,1,111800000,1,130600000,1,130600000,,,2026-09-17 23:10:24.953977+00
1279,23,BIDANG URUSAN / PROGRAM /,,,,,,,,,,,,,,,2026-09-17 23:10:24.953977+00
1280,23,OUTCOME / KEGIATAN /,INDIKATOR OUTCOME /,,,,,,,,,,,,,,2026-09-17 23:10:24.953977+00
1281,23,,,,,,,2027,,,,2029,,,,,2026-09-17 23:10:24.953977+00
1282,23,SUBKEGIATAN OUTPUT,OUTPUT,,,,,,,,,,,,,,2026-09-17 23:10:24.953977+00
1283,23,,,TAHUN,,2026,,,,2028,,,,2030,PERANGKAT,,2026-09-17 23:10:24.953977+00
1284,23,,,,TARGET,,TARGET,,TARGET,,TARGET,,TARGET,,,,2026-09-17 23:10:24.953977+00
1285,23,3.27.03.2.01.0015 - Pengelolaan Lahan,,,,,,,,,,,,,,,2026-09-17 23:10:24.953977+00
1286,23,"Pertanian Pangan Berkelanjutan/LP2B,",,,,,,,,,,,,,,,2026-09-17 23:10:24.953977+00
1287,23,Kawasan Pertanian Pangan,,,,,,,,,,,,,,,2026-09-17 23:10:24.953977+00
1288,23,Berkelanjutan/KP2B dan Lahan,,,,49000000,,50000000,,53900000,,60000000,,60000000,,,2026-09-17 23:10:24.953977+00
1289,23,Cadangan Pertanian Pangan,,,,,,,,,,,,,,,2026-09-17 23:10:24.953977+00
1290,23,Berkelanjutan/LCP2B di Kabupaten/Kota,,,,,,,,,,,,,,,2026-09-17 23:10:24.953977+00
1291,23,,Lahan Pertanian Pangan,,,,,,,,,,,,,,2026-09-17 23:10:24.953977+00
1292,23,Terkelolanya Lahan Pertanian Pangan,"Berkelanjutan/LP2B, Kawasan",,,,,,,,,,,,,,2026-09-17 23:10:24.953977+00
1293,23,"Berkelanjutan/LP2B, Kawasan Pertanian",Pertanian Pangan,,,,,,,,,,,,,,2026-09-17 23:10:24.953977+00
1294,23,Pangan Berkelanjutan/KP2B dan Lahan,Berkelanjutan/KP2B dan Lahan,1,1,49000000,1,50000000,1,53900000,1,60000000,1,60000000,,,2026-09-17 23:10:24.953977+00
1295,23,Cadangan Pertanian Pangan,Cadangan Pertanian Pangan,,,,,,,,,,,,,,2026-09-17 23:10:24.953977+00
1296,23,Berkelanjutan/LCP2B di Kabupaten/Kota,Berkelanjutan/LCP2B yang dikelola,,,,,,,,,,,,,,2026-09-17 23:10:24.953977+00
1297,23,,(Dokumen),,,,,,,,,,,,,,2026-09-17 23:10:24.953977+00
1298,23,3.27.03.2.01.0016 - Penyusunan Peta,,,,,,,,,,,,,,,2026-09-17 23:10:24.953977+00
1299,23,"Kawasan, Lahan dan Lahan Cadangan",,,,,,,,,,,,,,,2026-09-17 23:10:24.953977+00
1300,23,Pertanian Pangan Berkelanjutan di,,,,0,,0,,10000000,,0,,0,,,2026-09-17 23:10:24.953977+00
1301,23,Kabupaten/Kota,,,,,,,,,,,,,,,2026-09-17 23:10:24.953977+00
1302,23,"Tersusunnya Peta Kawasan, Lahan dan",,,,,,,,,,,,,,,2026-09-17 23:10:24.953977+00
1303,23,Lahan Cadangan Pertanian Pangan,Peta Lahan Pertanian Pangan,,,,,0,,10000000,,,,0,,,2026-09-17 23:10:24.953977+00
1304,23,Berkelanjutan di Kabupaten/Kota,Berkelanjutan/LP2B (Dokumen),,,,,,,,,,,,,,2026-09-17 23:10:24.953977+00
1305,23,,,,,0,,,,,,0,,,,,2026-09-17 23:10:24.953977+00
1306,23,Meningkatnya distribusi dan kualitas,Jenis Prasarana Pertanian dan,,,,,,,,,,,,01 - UPTD Rumah,,2026-09-17 23:10:24.953977+00
1307,23,prasarana pertanian,Peternakan yang Terbangun (Jenis),2,2,494000000,2,546800000,2,600700000,2,655600000,2,655600000,Potong Hewan dan,,2026-09-17 23:10:24.953977+00
1308,23,3.27.03.2.02 - Pembangunan Prasarana,,,,,,,,,,,,,,,2026-09-17 23:10:24.953977+00
1309,23,Pertanian,,,,300000000,,325000000,,375000000,,395000000,,395000000,,,2026-09-17 23:10:24.953977+00
1310,23,Persentase Pembangunan Prasarana,Jumlah Prasarana Pertanian,,,,,,,,,,,,,,2026-09-17 23:10:24.953977+00
1311,23,Pertanian,"Lainnya yang Dibangun, Direhabilitasi dan Dipelihara (Unit)",1,1,300000000,1,325000000,1,375000000,1,395000000,1,395000000,,,2026-09-17 23:10:24.953977+00
1312,23,"3.27.03.2.02.0009 - Pembangunan,",,,,,,,,,,,,,,,2026-09-17 23:10:24.953977+00
1313,23,Rehabilitasi dan Pemeliharaan,,,,300000000,,325000000,,375000000,,395000000,,395000000,,,2026-09-17 23:10:24.953977+00
1314,23,Prasarana Pertanian Lainnya,,,,,,,,,,,,,,,2026-09-17 23:10:24.953977+00
1315,23,"Terbangun, Terehabilitasi dan",Jumlah Prasarana Pertanian,,,,,,,,,,,,,,2026-09-17 23:10:24.953977+00
1316,23,Terpeliharanya Prasarana Pertanian,"Lainnya yang Dibangun,",1,1,300000000,1,325000000,1,375000000,1,395000000,1,395000000,,,2026-09-17 23:10:24.953977+00
1317,23,Lainnya,Direhabilitasi dan Dipelihara (Unit),,,,,,,,,,,,,,2026-09-17 23:10:24.953977+00
1318,23,Meningkatnya distribusi dan kualitas,Jenis Prasarana Pertanian dan,,,,,,,,,,,,2.09.3.27.3.25.02.00,,2026-09-17 23:10:24.953977+00
1319,23,prasarana pertanian,Peternakan yang Terbangun (Jenis),1,1,494000000,1,546800000,1,600700000,1,655600000,1,655600000,02 - UPTD Kawasan Pertanian Terpadu,,2026-09-17 23:10:24.953977+00
1320,23,3.27.03.2.02 - Pembangunan Prasarana,,,,,,,,,,,,,,,2026-09-17 23:10:24.953977+00
1321,23,Pertanian,,,,20000000,,20000000,,20000000,,20000000,,20000000,,,2026-09-17 23:10:24.953977+00
1322,23,Persentase Pembangunan Prasarana,Jumlah Prasarana Pertanian,,,,,,,,,,,,,,2026-09-17 23:10:24.953977+00
1323,23,Pertanian,"Lainnya yang Dibangun, Direhabilitasi dan Dipelihara (Unit)",1,1,20000000,1,20000000,1,20000000,1,20000000,1,20000000,,,2026-09-17 23:10:24.953977+00
1324,23,"3.27.03.2.02.0009 - Pembangunan,",,,,,,,,,,,,,,,2026-09-17 23:10:24.953977+00
1325,23,Rehabilitasi dan Pemeliharaan,,,,20000000,,20000000,,20000000,,20000000,,20000000,,,2026-09-17 23:10:24.953977+00
1326,23,Prasarana Pertanian Lainnya,,,,,,,,,,,,,,,2026-09-17 23:10:24.953977+00
1327,23,"Terbangun, Terehabilitasi dan",Jumlah Prasarana Pertanian,,,,,,,,,,,,,,2026-09-17 23:10:24.953977+00
1328,23,Terpeliharanya Prasarana Pertanian,"Lainnya yang Dibangun,",1,1,20000000,1,20000000,1,20000000,1,20000000,1,20000000,,,2026-09-17 23:10:24.953977+00
1329,23,Lainnya,Direhabilitasi dan Dipelihara (Unit),,,,,,,,,,,,,,2026-09-17 23:10:24.953977+00
1330,23,Meningkatnya distribusi dan kualitas,,,,,,,,,,,,,2.09.3.27.3.25.02.00,,2026-09-17 23:10:24.953977+00
1331,23,prasarana pertanian,,,,494000000,,546800000,,600700000,,655600000,,655600000,03 - UPTD Pusat Kesehatan Hewan,,2026-09-17 23:10:24.953977+00
1332,23,3.27.04 - PROGRAM PENGENDALIAN,,,,,,,,,,,,,,,2026-09-17 23:10:24.953977+00
1333,23,KESEHATAN HEWAN DAN,,,,,,,,,,,,,,,2026-09-17 23:10:24.953977+00
1334,23,KESEHATAN MASYARAKAT,,,,572000000,,572000000,,572000000,,572000000,,572000000,,,2026-09-17 23:10:24.953977+00
1335,23,VETERINER,,,,,,,,,,,,,,,2026-09-17 23:10:24.953977+00
1336,24,BIDANG URUSAN / PROGRAM /,,,,,,,,,,,,,,,2026-09-17 23:10:24.953977+00
1337,24,OUTCOME / KEGIATAN /,INDIKATOR OUTCOME /,,,,,,,,,,,,,,2026-09-17 23:10:24.953977+00
1338,24,,,,,,,2027,,,,2029,,,,,2026-09-17 23:10:24.953977+00
1339,24,SUBKEGIATAN OUTPUT,OUTPUT,,,,,,,,,,,,,,2026-09-17 23:10:24.953977+00
1340,24,,,TAHUN,,2026,,,,2028,,,,2030,PERANGKAT DAERAH,KETERANGAN,2026-09-17 23:10:24.953977+00
1341,24,,,,TARGET,,TARGET,,TARGET,,TARGET,,TARGET,,,,2026-09-17 23:10:24.953977+00
1342,24,Meningkatnya pengendalian kesehatan,Persentase Unit Usaha Pangan,,,,,,,,,,,,,,2026-09-17 23:10:24.953977+00
1343,24,hewan dan kesehatan masyarakat,Asal Hewan yang Memiliki Sertifikat,,,,,,,,,,,,,,2026-09-17 23:10:24.953977+00
1344,24,,,,100,572000000,100,,100,572000000,100,,100,572000000,,,2026-09-17 23:10:24.953977+00
1345,24,veteriner,Pra NKV atau NKV (Nomor Kontrol,,,,,,,,,,,,,,2026-09-17 23:10:24.953977+00
1346,24,,,100,,,,572000000,,,,572000000,,,KETAHANAN,,2026-09-17 23:10:24.953977+00
1347,24,,Veteriner) (Persentase),,,,,,,,,,,,PANGAN DAN PERTANIAN,,2026-09-17 23:10:24.953977+00
1348,24,,Tingkat Pengendalian Penyakit,,,,,,,,,,,,,,2026-09-17 23:10:24.953977+00
1349,24,,Hewan Menular Strategis (PHMS),1,1,,1,,1,,1,,1,,,,2026-09-17 23:10:24.953977+00
1350,24,,(Dokumen),,,,,,,,,,,,,,2026-09-17 23:10:24.953977+00
1351,24,3.27.04.2.01 - Penjaminan Kesehatan,,,,,,,,,,,,,,,2026-09-17 23:10:24.953977+00
1352,24,"Hewan, Penutupan dan Pembukaan",,,,,,,,,,,,,,,2026-09-17 23:10:24.953977+00
1353,24,Daerah Wabah Penyakit Hewan Menular,,,,247000000,,247000000,,247000000,,247000000,,247000000,,,2026-09-17 23:10:24.953977+00
1354,24,Dalam daerah Kabupaten/Kota,,,,,,,,,,,,,,,2026-09-17 23:10:24.953977+00
1355,24,"Terbentuknya kader zoonosis,",Jumlah wilayah atau kawasan yang,,,,,,,,,,,,,,2026-09-17 23:10:24.953977+00
1356,24,terlaksananya surveilans dan,mengalami penurunan kasus,,,,,,,,,,,,,,2026-09-17 23:10:24.953977+00
1357,24,"manajemen risiko, serta menurunnya",penyakit hewan  menular dan,,1,247000000,1,247000000,1,247000000,1,247000000,1,247000000,,,2026-09-17 23:10:24.953977+00
1358,24,kasus penyakit hewan menular dan,zoonosis dalam 1 (satu) Daerah,,,,,,,,,,,,,,2026-09-17 23:10:24.953977+00
1359,24,zoonosis di kabupaten/kota.,Kabupaten/kota (Laporan),,,,,,,,,,,,,,2026-09-17 23:10:24.953977+00
1360,24,,Jumlah kader zoonosis (Orang),,8,,8,,8,,8,,8,,,,2026-09-17 23:10:24.953977+00
1361,24,3.27.04.2.01.0004 - Pemberdayaan,,,,,,,,,,,,,,,2026-09-17 23:10:24.953977+00
1362,24,Masyarakat dalam Pengendalian,,,,50000000,,50000000,,50000000,,50000000,,50000000,,,2026-09-17 23:10:24.953977+00
1363,24,Zoonosis,,,,,,,,,,,,,,,2026-09-17 23:10:24.953977+00
1364,24,Terbentuknya kader zoonosis,Jumlah kader zoonosis (Orang),,8,50000000,8,50000000,8,50000000,8,50000000,8,50000000,,,2026-09-17 23:10:24.953977+00
1365,24,3.27.04.2.01.0008 - Pemberantasan,,,,,,,,,,,,,,,2026-09-17 23:10:24.953977+00
1366,24,Penyakit Hewan Menular dan Zoonosis,,,,197000000,,197000000,,197000000,,197000000,,197000000,,,2026-09-17 23:10:24.953977+00
1367,24,dalam 1 (satu) Daerah Kabupaten/Kota,,,,,,,,,,,,,,,2026-09-17 23:10:24.953977+00
1368,24,,Jumlah wilayah atau kawasan yang,,,,,,,,,,,,,,2026-09-17 23:10:24.953977+00
1369,24,Menurunnya kasus penyakit hewan,mengalami penurunan kasus,,,,,,,,,,,,,,2026-09-17 23:10:24.953977+00
1370,24,menular dan Zoonosis dalam 1 (satu),penyakit hewan  menular dan,,1,197000000,1,197000000,1,197000000,1,197000000,1,197000000,,,2026-09-17 23:10:24.953977+00
1371,24,Daerah Kabupaten/kota,zoonosis dalam 1 (satu) Daerah,,,,,,,,,,,,,,2026-09-17 23:10:24.953977+00
1372,24,,Kabupaten/kota (Laporan),,,,,,,,,,,,,,2026-09-17 23:10:24.953977+00
1373,24,3.27.04.2.04 - Penerapan dan,,,,,,,,,,,,,,,2026-09-17 23:10:24.953977+00
1374,24,Pengawasan Persyaratan Teknis,,,,25000000,,25000000,,25000000,,25000000,,25000000,,,2026-09-17 23:10:24.953977+00
1375,24,Kesehatan Masyarakat Veteriner,,,,,,,,,,,,,,,2026-09-17 23:10:24.953977+00
1376,24,Terlaksananya Pengujian Laboratorium,Jumlah Pengujian Laboratorium,,,,,,,,,,,,,,2026-09-17 23:10:24.953977+00
1377,24,Kesehatan Masyarakat Veteriner,Kesehatan Masyarakat Veteriner (Dokumen),,1,25000000,1,25000000,1,25000000,1,25000000,1,25000000,,,2026-09-17 23:10:24.953977+00
1378,24,3.27.04.2.04.0004 - Pengujian,,,,,,,,,,,,,,,2026-09-17 23:10:24.953977+00
1379,24,Laboratorium Kesehatan Masyarakat,,,,25000000,,25000000,,25000000,,25000000,,25000000,,,2026-09-17 23:10:24.953977+00
1380,24,Veteriner,,,,,,,,,,,,,,,2026-09-17 23:10:24.953977+00
1381,24,Terlaksananya Pengujian Laboratorium,Jumlah Pengujian Laboratorium,,,,,,,,,,,,,,2026-09-17 23:10:24.953977+00
1382,24,Kesehatan Masyarakat Veteriner,Kesehatan Masyarakat Veteriner (Dokumen),,1,25000000,1,25000000,1,25000000,1,25000000,1,25000000,,,2026-09-17 23:10:24.953977+00
1383,24,Meningkatnya pengendalian kesehatan,Tingkat Pengendalian Penyakit,,,,,,,,,,,,2.09.3.27.3.25.02.00,,2026-09-17 23:10:24.953977+00
1384,24,hewan dan kesehatan masyarakat,Hewan Menular Strategis (PHMS),1,1,572000000,1,572000000,1,572000000,1,572000000,1,572000000,03 - UPTD Pusat,,2026-09-17 23:10:24.953977+00
1385,24,veteriner,(Dokumen),,,,,,,,,,,,Kesehatan Hewan,,2026-09-17 23:10:24.953977+00
1386,24,3.27.04.2.03 - Pengelolaan Pelayanan,,,,,,,,,,,,,,,2026-09-17 23:10:24.953977+00
1387,24,Jasa Laboratorium dan Jasa Medik,,,,300000000,,300000000,,300000000,,300000000,,300000000,,,2026-09-17 23:10:24.953977+00
1388,24,Veteriner dalam Daerah Kabupaten/Kota,,,,,,,,,,,,,,,2026-09-17 23:10:24.953977+00
1389,24,Persentase Pengelolaan Pelayanan Jasa,,,,,,,,,,,,,,,2026-09-17 23:10:24.953977+00
1390,24,Laboratorium dan Jasa Medik Veteriner,Jumlah Pelayanan Jasa,,,,1,300000000,,,,,,,,,2026-09-17 23:10:24.953977+00
1391,24,dalam Daerah Kabupaten/Kota,Laboratorium (Laporan),,,,,,,,,,,,,,2026-09-17 23:10:24.953977+00
1392,24,,,,1,300000000,,,1,300000000,1,300000000,1,300000000,,,2026-09-17 23:10:24.953977+00
1393,24,,Jumlah Pelayanan Jasa Medik,,,,,,,,,,,,,,2026-09-17 23:10:24.953977+00
1394,24,,Veteriner (Laporan),,1,,1,,1,,1,,1,,,,2026-09-17 23:10:24.953977+00
1395,24,3.27.04.2.03.0001 - Penyediaan,,,,,,,,,,,,,,,2026-09-17 23:10:24.953977+00
1396,24,Pelayanan Jasa Laboratorium,,,,100000000,,100000000,,100000000,,100000000,,100000000,,,2026-09-17 23:10:24.953977+00
1397,24,Tersedianya Pelayanan Jasa,Jumlah Pelayanan Jasa,,,,,,,,,,,,,,2026-09-17 23:10:24.953977+00
1398,24,Laboratorium,Laboratorium (Laporan),,1,100000000,1,100000000,1,100000000,1,100000000,1,100000000,,,2026-09-17 23:10:24.953977+00
1399,25,BIDANG URUSAN / PROGRAM /,,,,,,,,,,,,,,,2026-09-17 23:10:24.953977+00
1400,25,OUTCOME / KEGIATAN /,INDIKATOR OUTCOME /,,,,,,,,,,,,,,2026-09-17 23:10:24.953977+00
1401,25,,,,,,,2027,,,,2029,,,,,2026-09-17 23:10:24.953977+00
1402,25,SUBKEGIATAN OUTPUT,OUTPUT,,,,,,,,,,,,,,2026-09-17 23:10:24.953977+00
1403,25,,,TAHUN,,2026,,,,2028,,,,2030,PERANGKAT,,2026-09-17 23:10:24.953977+00
1404,25,,,,TARGET,,TARGET,,TARGET,,TARGET,,TARGET,,,,2026-09-17 23:10:24.953977+00
1405,25,3.27.04.2.03.0002 - Penyediaan,,,,,,,,,,,,,,,2026-09-17 23:10:24.953977+00
1406,25,Pelayanan Jasa Medik Veteriner,,,,200000000,,200000000,,200000000,,200000000,,200000000,,,2026-09-17 23:10:24.953977+00
1407,25,Tersedianya Pelayanan Jasa Medik,Jumlah Pelayanan Jasa Medik,,,,,,,,,,,,,,2026-09-17 23:10:24.953977+00
1408,25,Veteriner,Veteriner (Laporan),,1,200000000,1,200000000,1,200000000,1,200000000,1,200000000,,,2026-09-17 23:10:24.953977+00
1409,25,3.27.05 - PROGRAM PENGENDALIAN,,,,,,,,,,,,,,,2026-09-17 23:10:24.953977+00
1410,25,DAN PENANGGULANGAN BENCANA,,,,100000000,,102000000,,104100000,,106200000,,106200000,,,2026-09-17 23:10:24.953977+00
1411,25,PERTANIAN,,,,,,,,,,,,,,,2026-09-17 23:10:24.953977+00
1412,25,Meningkatnya pengendalian dan,Persentase Penanganan Dampak,,,,,,,,,,,,00 - DINAS,,2026-09-17 23:10:24.953977+00
1413,25,penanggulangan bencana pertanian,Perubahan Iklim Terhadap Pertanian (Persentase),100,100,100000000,100,102000000,100,104100000,100,106200000,100,106200000,KETAHANAN PANGAN DAN,,2026-09-17 23:10:24.953977+00
1414,25,,Persentase Penanganan Bencana,,,,,,,,,,,,,,2026-09-17 23:10:24.953977+00
1415,25,,Pertanian (Persentase),100,100,,100,,100,,100,,100,,,,2026-09-17 23:10:24.953977+00
1416,25,3.27.05.2.01 - Pengendalian dan,,,,,,,,,,,,,,,2026-09-17 23:10:24.953977+00
1417,25,Penanggulangan Bencana Pertanian,,,,100000000,,102000000,,104100000,,106200000,,106200000,,,2026-09-17 23:10:24.953977+00
1418,25,Kabupaten/Kota,,,,,,,,,,,,,,,2026-09-17 23:10:24.953977+00
1419,25,"Terkendalinya OPT, dampak perubahan",,,,,,,,,,,,,,,2026-09-17 23:10:24.953977+00
1420,25,"iklim, dan bencana non-alam zoonosis",Jumlah Area Terdampak,,,,,,,,,,,,,,2026-09-17 23:10:24.953977+00
1421,25,serta terlaksananya penanggulangan,Perubahan Iklim (DPI) Tanaman,,,,1,102000000,1,,,,,,,,2026-09-17 23:10:24.953977+00
1422,25,bencana alam di bidang peternakan dan,"Pangan, Hortikultura, dan",,,,,,,,,,,,,,2026-09-17 23:10:24.953977+00
1423,25,,,0,1,100000000,,,,104100000,1,106200000,1,106200000,,,2026-09-17 23:10:24.953977+00
1424,25,kesehatan hewan.,Perkebunan yang Ditangani (Ha),,,,,,,,,,,,,,2026-09-17 23:10:24.953977+00
1425,25,,Jumlah kegiatan Penanggulangan,,,,,,,,,,,,,,2026-09-17 23:10:24.953977+00
1426,25,,Bencana Alam Bidang Peternakan,1,1,,1,,1,,1,,1,,,,2026-09-17 23:10:24.953977+00
1427,25,,dan Kesehatan Hewan (laporan),,,,,,,,,,,,,,2026-09-17 23:10:24.953977+00
1428,25,,Jumlah Luas Serangan Organisme,,,,,,,,,,,,,,2026-09-17 23:10:24.953977+00
1429,25,,Pengganggu Tumbuhan (OPT),,,,,,,,,,,,,,2026-09-17 23:10:24.953977+00
1430,25,,"Tanaman Pangan, Hortikultura, dan",1,1,,1,,1,,1,,1,,,,2026-09-17 23:10:24.953977+00
1431,25,,Perkebunan yang Dikendalikan,,,,,,,,,,,,,,2026-09-17 23:10:24.953977+00
1432,25,,(Ha),,,,,,,,,,,,,,2026-09-17 23:10:24.953977+00
1433,25,,Jumlah Wilayah Penanggulangan,,,,,,,,,,,,,,2026-09-17 23:10:24.953977+00
1434,25,,Bencana Non Alam yang Bersifat,1,1,,1,,1,,1,,1,,,,2026-09-17 23:10:24.953977+00
1435,25,,Zoonosis (laporan),,,,,,,,,,,,,,2026-09-17 23:10:24.953977+00
1436,25,3.27.05.2.01.0001 - Pengendalian,,,,,,,,,,,,,,,2026-09-17 23:10:24.953977+00
1437,25,Organisme Pengganggu Tumbuhan,,,,,,,,,,,,,,,2026-09-17 23:10:24.953977+00
1438,25,"(OPT) Tanaman Pangan, Hortikultura,",,,,25000000,,27000000,,25100000,,25000000,,25000000,,,2026-09-17 23:10:24.953977+00
1439,25,dan Perkebunan,,,,,,,,,,,,,,,2026-09-17 23:10:24.953977+00
1440,25,,Jumlah Luas Serangan Organisme,,,,,,,,,,,,,,2026-09-17 23:10:24.953977+00
1441,25,Terkendalinya Organisme Pengganggu,Pengganggu Tumbuhan (OPT),,,,,,,,,,,,,,2026-09-17 23:10:24.953977+00
1442,25,"Tumbuhan (OPT) Tanaman Pangan,","Tanaman Pangan, Hortikultura, dan",1,1,25000000,1,27000000,1,25100000,1,25000000,1,25000000,,,2026-09-17 23:10:24.953977+00
1443,25,"Hortikultura, dan Perkebunan",Perkebunan yang Dikendalikan,,,,,,,,,,,,,,2026-09-17 23:10:24.953977+00
1444,25,,(Ha),,,,,,,,,,,,,,2026-09-17 23:10:24.953977+00
1445,25,3.27.05.2.01.0002 - Penanganan,,,,,,,,,,,,,,,2026-09-17 23:10:24.953977+00
1446,25,Dampak Perubahan Iklim (DPI) Tanaman,,,,25000000,,25000000,,27000000,,27000000,,27000000,,,2026-09-17 23:10:24.953977+00
1447,25,"Pangan, Hortikultura, dan Perkebunan",,,,,,,,,,,,,,,2026-09-17 23:10:24.953977+00
1448,25,Tertanganinya Dampak Perubahan Iklim,Jumlah Area Terdampak,,,,,,,,,,,,,,2026-09-17 23:10:24.953977+00
1449,25,"(DPI) Tanaman Pangan, Hortikultura,",Perubahan Iklim (DPI) Tanaman,,1,,1,25000000,1,,1,27000000,1,,,,2026-09-17 23:10:24.953977+00
1450,25,dan Perkebunan,"Pangan, Hortikultura, dan",,,,,,,,,,,,,,2026-09-17 23:10:24.953977+00
1451,25,,,0,,25000000,,,,27000000,,,,27000000,,,2026-09-17 23:10:24.953977+00
1452,25,,Perkebunan yang Ditangani (Ha),,,,,,,,,,,,,,2026-09-17 23:10:24.953977+00
1453,25,3.27.05.2.01.0004 - Penanggulangan,,,,,,,,,,,,,,,2026-09-17 23:10:24.953977+00
1454,25,Bencana Non Alam yang Bersifat,,,,25000000,,25000000,,27000000,,27100000,,27100000,,,2026-09-17 23:10:24.953977+00
1455,25,Zoonosis,,,,,,,,,,,,,,,2026-09-17 23:10:24.953977+00
1456,25,Tertanggulanginya Bencana Non Alam,Jumlah Wilayah Penanggulangan,,,,,,,,,,,,,,2026-09-17 23:10:24.953977+00
1457,25,yang Bersifat Zoonosis,Bencana Non Alam yang Bersifat Zoonosis (laporan),1,1,25000000,1,25000000,1,27000000,1,27100000,1,27100000,,,2026-09-17 23:10:24.953977+00
1458,25,3.27.05.2.01.0007 - Penanggulangan,,,,,,,,,,,,,,,2026-09-17 23:10:24.953977+00
1459,25,Bencana Alam Bidang Peternakan dan,,,,25000000,,25000000,,25000000,,27100000,,27100000,,,2026-09-17 23:10:24.953977+00
1460,25,kesehatan hewan,,,,,,,,,,,,,,,2026-09-17 23:10:24.953977+00
1461,26,BIDANG URUSAN / PROGRAM /,,,,,,,,,,,,,,,2026-09-17 23:10:24.953977+00
1462,26,OUTCOME / KEGIATAN /,INDIKATOR OUTCOME /,,,,,,,,,,,,,,2026-09-17 23:10:24.953977+00
1463,26,,,,,,,2027,,,,2029,,,,,2026-09-17 23:10:24.953977+00
1464,26,SUBKEGIATAN OUTPUT,OUTPUT,,,,,,,,,,,,,,2026-09-17 23:10:24.953977+00
1465,26,,,TAHUN,,2026,,,,2028,,,,2030,PERANGKAT,,2026-09-17 23:10:24.953977+00
1466,26,,,,TARGET,,TARGET,,TARGET,,TARGET,,TARGET,,,,2026-09-17 23:10:24.953977+00
1467,26,Terlaksananya Penanggulangan,Jumlah kegiatan Penanggulangan,,,,,,,,,,,,,,2026-09-17 23:10:24.953977+00
1468,26,Bencana Alam Bidang Peternakan dan,Bencana Alam Bidang Peternakan,1,1,25000000,1,25000000,1,25000000,1,27100000,1,27100000,,,2026-09-17 23:10:24.953977+00
1469,26,Kesehatan Hewan,dan Kesehatan Hewan (laporan),,,,,,,,,,,,,,2026-09-17 23:10:24.953977+00
1470,26,Meningkatnya pengendalian dan,,,,,,,,,,,,,2.09.3.27.3.25.02.00,,2026-09-17 23:10:24.953977+00
1471,26,penanggulangan bencana pertanian,,,,0,,0,,0,,0,,0,02 - UPTD Kawasan Pertanian Terpadu,,2026-09-17 23:10:24.953977+00
1472,26,3.27.06 - PROGRAM PERIZINAN,,,,,,,,,,,,,,,2026-09-17 23:10:24.953977+00
1473,26,USAHA PERTANIAN,,,,25000000,,25000000,,25000000,,25000000,,25000000,,,2026-09-17 23:10:24.953977+00
1474,26,Meningkatnya pengendalian dan,Persentase Izin Usaha Pertanian,,,,,,,,,,,,00 - DINAS,,2026-09-17 23:10:24.953977+00
1475,26,kemudahan perizinan usaha pertanian,yang Diterbitkan (Persentase),100,100,25000000,100,25000000,100,25000000,100,25000000,100,25000000,KETAHANAN PANGAN DAN,,2026-09-17 23:10:24.953977+00
1476,26,3.27.06.2.01 - Penerbitan Izin Usaha,,,,,,,,,,,,,,,2026-09-17 23:10:24.953977+00
1477,26,Pertanian yang Kegiatan Usahanya,,,,10000000,,10000000,,10000000,,10000000,,10000000,,,2026-09-17 23:10:24.953977+00
1478,26,dalam Daerah Kabupaten/Kota,,,,,,,,,,,,,,,2026-09-17 23:10:24.953977+00
1479,26,Terbina dan terawasinya penerapan,Jumlah izin usaha pertanian yang,,,,,,,,,,,,,,2026-09-17 23:10:24.953977+00
1480,26,standar dan izin usaha pertanian,dibina dan diawasi (Laporan),0,1,10000000,1,10000000,1,10000000,1,10000000,1,10000000,,,2026-09-17 23:10:24.953977+00
1481,26,3.27.06.2.01.0005 - Pembinaan  dan,,,,,,,,,,,,,,,2026-09-17 23:10:24.953977+00
1482,26,Pengawasan  Penerapan standar dan,,,,10000000,,10000000,,10000000,,10000000,,10000000,,,2026-09-17 23:10:24.953977+00
1483,26,Izin Usaha Pertanian,,,,,,,,,,,,,,,2026-09-17 23:10:24.953977+00
1484,26,Terbina dan terawasinya penerapan,Jumlah izin usaha pertanian yang,,,,,,,,,,,,,,2026-09-17 23:10:24.953977+00
1485,26,standar dan izin usaha pertanian,dibina dan diawasi (Laporan),0,1,10000000,1,10000000,1,10000000,1,10000000,1,10000000,,,2026-09-17 23:10:24.953977+00
1486,26,3.27.06.2.02 - Penerbitan Izin Usaha,,,,,,,,,,,,,,,2026-09-17 23:10:24.953977+00
1487,26,"Produksi Benih/Bibit Ternak dan Pakan,",,,,,,,,,,,,,,,2026-09-17 23:10:24.953977+00
1488,26,"Fasilitas Pemeliharaan Hewan, Rumah",,,,15000000,,15000000,,15000000,,15000000,,15000000,,,2026-09-17 23:10:24.953977+00
1489,26,"Sakit Hewan/Pasar Hewan, Rumah",,,,,,,,,,,,,,,2026-09-17 23:10:24.953977+00
1490,26,Potong Hewan,,,,,,,,,,,,,,,2026-09-17 23:10:24.953977+00
1491,26,Terlaksananya penatausahaan dan,Jumlah Penatausahaan Penerbitan,,,,,,,,,,,,,,2026-09-17 23:10:24.953977+00
1492,26,terawasinya pelaksanaan izin usaha,Izin Usaha Produksi Benih/Bibit,,,,,,,,,,,,,,2026-09-17 23:10:24.953977+00
1493,26,"produksi benih/bibit ternak, pakan,","Ternak dan Pakan, Fasilitas",,,,,,,,,,,,,,2026-09-17 23:10:24.953977+00
1494,26,"fasilitas pemeliharaan hewan, rumah","Pemeliharaan Hewan, Rumah Sakit",,1,15000000,1,15000000,1,15000000,1,15000000,1,15000000,,,2026-09-17 23:10:24.953977+00
1495,26,"sakit hewan, pasar hewan, serta layanan","Hewan/Pasar Hewan, Rumah",,,,,,,,,,,,,,2026-09-17 23:10:24.953977+00
1496,26,veteriner terkait,Potong Hewan (Dokumen),,,,,,,,,,,,,,2026-09-17 23:10:24.953977+00
1497,26,3.27.06.2.02.0001 - Penatausahaan,,,,,,,,,,,,,,,2026-09-17 23:10:24.953977+00
1498,26,Penerbitan Izin Usaha Produksi,,,,,,,,,,,,,,,2026-09-17 23:10:24.953977+00
1499,26,"Benih/Bibit Ternak dan Pakan, Fasilitas",,,,,,,,,,,,,,,2026-09-17 23:10:24.953977+00
1500,26,"Pemeliharaan Hewan, Rumah Sakit",,,,15000000,,15000000,,15000000,,15000000,,15000000,,,2026-09-17 23:10:24.953977+00
1501,26,"Hewan/Pasar Hewan, Rumah Potong",,,,,,,,,,,,,,,2026-09-17 23:10:24.953977+00
1502,26,Hewan,,,,,,,,,,,,,,,2026-09-17 23:10:24.953977+00
1503,26,Terlaksananya Penatausahaan,Jumlah Penatausahaan Penerbitan,,,,,,,,,,,,,,2026-09-17 23:10:24.953977+00
1504,26,Penerbitan Izin Usaha Produksi,Izin Usaha Produksi Benih/Bibit,,,,,,,,,,,,,,2026-09-17 23:10:24.953977+00
1505,26,"Benih/Bibit Ternak dan Pakan, Fasilitas","Ternak dan Pakan, Fasilitas",,,,,,,,,,,,,,2026-09-17 23:10:24.953977+00
1506,26,"Pemeliharaan Hewan, Rumah Sakit","Pemeliharaan Hewan, Rumah Sakit",,1,15000000,1,15000000,1,15000000,1,15000000,1,15000000,,,2026-09-17 23:10:24.953977+00
1507,26,"Hewan/Pasar Hewan, Rumah Potong","Hewan/Pasar Hewan, Rumah",,,,,,,,,,,,,,2026-09-17 23:10:24.953977+00
1508,26,Hewan,Potong Hewan (Dokumen),,,,,,,,,,,,,,2026-09-17 23:10:24.953977+00
1509,26,3.27.07 - PROGRAM PENYULUHAN,,,,,,,,,,,,,,,2026-09-17 23:10:24.953977+00
1510,26,PERTANIAN,,,,190000000,,190000000,,190000000,,190000000,,190000000,,,2026-09-17 23:10:24.953977+00
1511,26,Meningkatnya kapasitas SDM bidang,Persentase SDM Penyuluh,,,,,,,,,,,,00 - DINAS,,2026-09-17 23:10:24.953977+00
1512,26,penyuluhan pertanian,Pertanian yang Ditingkatkan (Persentase),100,100,190000000,100,190000000,100,190000000,100,190000000,100,190000000,KETAHANAN PANGAN DAN,,2026-09-17 23:10:24.953977+00
1513,26,3.27.07.2.01 - Pelaksanaan Penyuluhan,,,,,,,,,,,,,,,2026-09-17 23:10:24.953977+00
1514,26,Pertanian,,,,190000000,,190000000,,190000000,,190000000,,190000000,,,2026-09-17 23:10:24.953977+00
1515,27,BIDANG URUSAN / PROGRAM /,,,,,,,,,,,,,,,2026-09-17 23:10:24.953977+00
1516,27,OUTCOME / KEGIATAN /,INDIKATOR OUTCOME /,,,,,,,,,,,,,,2026-09-17 23:10:24.953977+00
1517,27,,,,,,,2027,,,,2029,,,,,2026-09-17 23:10:24.953977+00
1518,27,SUBKEGIATAN OUTPUT,OUTPUT,,,,,,,,,,,,,,2026-09-17 23:10:24.953977+00
1519,27,,,TAHUN,,2026,,,,2028,,,,2030,PERANGKAT,,2026-09-17 23:10:24.953977+00
1520,27,,,,TARGET,,TARGET,,TARGET,,TARGET,,TARGET,,,,2026-09-17 23:10:24.953977+00
1521,27,Terlaksananya peningkatan kapasitas,,,,,,,,,,,,,,,2026-09-17 23:10:24.953977+00
1522,27,kelembagaan serta tersedianya dan,Jumlah Kelembagaan Penyuluhan,,,,,,,,,,,,,,2026-09-17 23:10:24.953977+00
1523,27,termanfaatkannya sarana prasarana,Pertanian di Kecamatan dan Desa,,,,,,,,,,,,,,2026-09-17 23:10:24.953977+00
1524,27,penyuluhan pertanian di kecamatan dan,yang Ditingkatkan Kapasitasnya,,,,,,,,,,,,,,2026-09-17 23:10:24.953977+00
1525,27,,,1,1,190000000,1,190000000,1,190000000,1,190000000,1,190000000,,,2026-09-17 23:10:24.953977+00
1526,27,desa.,(Unit),,,,,,,,,,,,,,2026-09-17 23:10:24.953977+00
1527,27,3.27.07.2.01.0001 - Peningkatan,,,,,,,,,,,,,,,2026-09-17 23:10:24.953977+00
1528,27,Kapasitas Kelembagaan Penyuluhan,,,,190000000,,190000000,,190000000,,190000000,,190000000,,,2026-09-17 23:10:24.953977+00
1529,27,Pertanian di Kecamatan dan Desa,,,,,,,,,,,,,,,2026-09-17 23:10:24.953977+00
1530,27,Terlaksananya Peningkatan Kapasitas,Jumlah Kelembagaan Penyuluhan,,,,,,,,,,,,,,2026-09-17 23:10:24.953977+00
1531,27,Kelembagaan Penyuluhan Pertanian di,Pertanian di Kecamatan dan Desa,1,1,190000000,,190000000,1,190000000,1,190000000,1,190000000,,,2026-09-17 23:10:24.953977+00
1532,27,Kecamatan dan Desa,yang Ditingkatkan Kapasitasnya,,,,,,,,,,,,,,2026-09-17 23:10:24.953977+00
1533,27,,(Unit),,,,,,,,,,,,,,2026-09-17 23:10:24.953977+00
1534,27,Meningkatnya kapasitas SDM bidang,,,,,,,,,,,,,2.09.3.27.3.25.02.00,,2026-09-17 23:10:24.953977+00
1535,27,penyuluhan pertanian,,,,0,,0,,0,,0,,0,02 - UPTD Kawasan Pertanian Terpadu,,2026-09-17 23:10:24.953977+00