id,page_num,nspk_sasaran_rpjmd,tujuan,sasaran,outcome,output,indikator,program_kegiatan_subkegiatan,keterangan,created_at
1,1,NSPK DAN SASARAN,,,,,,,,2026-09-17 23:10:11.68718+00
2,1,RPJMD YANG RELEVAN,TUJUAN,SASARAN,OUTCOME,OUTPUT,INDIKATOR,,,2026-09-17 23:10:11.68718+00
3,1,,,,,,,PROGRAM / KEGIATAN /,,2026-09-17 23:10:11.68718+00
4,1,,,,,,,SUBKEGIATAN,KETERANGAN,2026-09-17 23:10:11.68718+00
5,1,2.09.3.27.3.25.02.0000 - DINAS KETAHANAN PANGAN DAN PERTANIAN,,,,,,,,2026-09-17 23:10:11.68718+00
6,1,- S.2.1 - Terwujudnya,Mewujudkan ekosistem dan,,,,Kontribusi sektor pertanian,,,2026-09-17 23:10:11.68718+00
7,1,ekosistem dan ruang,ruang pertumbuhan ekonomi,,,,terhadap PDRB (%),,,2026-09-17 23:10:11.68718+00
8,1,pertumbuhan ekonomi yang,"yang inklusif, memperkuat",,,,,,,2026-09-17 23:10:11.68718+00
9,1,inklusif,perlindungan sosial bagi,,,,,,,2026-09-17 23:10:11.68718+00
10,1,- S.6.2 - Meningkatnya Daya,"masyarakat, serta",,,,,,,2026-09-17 23:10:11.68718+00
11,1,Beli dan Ketahanan Pangan,meningkatkan daya beli serta,,,,,,,2026-09-17 23:10:11.68718+00
12,1,Masyarakat,"ketahanan pangan, dan",,,,,,,2026-09-17 23:10:11.68718+00
13,1,- S.6.1 - Meningkatnya,mengoptimalkan akuntabilitas,,,,,,,2026-09-17 23:10:11.68718+00
14,1,perlindungan sosial,kinerja pemerintah daerah,,,,,,,2026-09-17 23:10:11.68718+00
15,1,Masyarakat,,,,,,,,2026-09-17 23:10:11.68718+00
16,1,- S.4.3 - Meningkatnya,,,,,,,,2026-09-17 23:10:11.68718+00
17,1,akuntabilitas kinerja,,,,,,,,2026-09-17 23:10:11.68718+00
18,1,pemerintah daerah,,,,,,,,2026-09-17 23:10:11.68718+00
19,1,,,meningkatkan akuntabilitas,,,Indeks Reformasi Birokrasi,,,2026-09-17 23:10:11.68718+00
20,1,,,kinerja pemerintah daerah yang,,,Perangkat Daerah (poin),,,2026-09-17 23:10:11.68718+00
21,1,,,efektif dan efisien,,,,,,2026-09-17 23:10:11.68718+00
22,1,,,,Meningkatnya kualitas,,Tingkat Kepuasan Pegawai,2.09.01 - PROGRAM,,2026-09-17 23:10:11.68718+00
23,1,,,,Layanan Umum dan,,Perangkat Daerah (Skor),PENUNJANG URUSAN,,2026-09-17 23:10:11.68718+00
24,1,,,,Kepegawaian Perangkat,,,PEMERINTAHAN DAERAH,,2026-09-17 23:10:11.68718+00
25,1,,,,Daerah,,,KABUPATEN/KOTA,,2026-09-17 23:10:11.68718+00
26,1,,,,,,Tingkat Penerapan SPBE,2.09.01 - PROGRAM,,2026-09-17 23:10:11.68718+00
27,1,,,,,,Perangkat Daerah (Skor),PENUNJANG URUSAN,,2026-09-17 23:10:11.68718+00
28,1,,,,,,,PEMERINTAHAN DAERAH,,2026-09-17 23:10:11.68718+00
29,1,,,,,,,KABUPATEN/KOTA,,2026-09-17 23:10:11.68718+00
30,1,,,,,,Indeks Pelayanan Publik (%),2.09.01 - PROGRAM,,2026-09-17 23:10:11.68718+00
31,1,,,,,,,PENUNJANG URUSAN,,2026-09-17 23:10:11.68718+00
32,1,,,,,,,PEMERINTAHAN DAERAH,,2026-09-17 23:10:11.68718+00
33,1,,,,,,,KABUPATEN/KOTA,,2026-09-17 23:10:11.68718+00
34,1,,,,,,Persentase BMD dalam kondisi,2.09.01 - PROGRAM,,2026-09-17 23:10:11.68718+00
35,1,,,,,,baik dan termanfaatkan (%),PENUNJANG URUSAN,,2026-09-17 23:10:11.68718+00
36,1,,,,,,,PEMERINTAHAN DAERAH,,2026-09-17 23:10:11.68718+00
37,1,,,,,,,KABUPATEN/KOTA,,2026-09-17 23:10:11.68718+00
38,1,,,,,Persentase Administrasi,"Jumlah Dokumen Monitoring,",2.09.01.2.05 - Administrasi,,2026-09-17 23:10:11.68718+00
39,1,,,,,Kepegawaian Perangkat,"Evaluasi, dan Penilaian Kinerja",Kepegawaian Perangkat,,2026-09-17 23:10:11.68718+00
40,1,,,,,Daerah,Pegawai (Dokumen),Daerah,,2026-09-17 23:10:11.68718+00
41,1,,,,,,"Jumlah Dokumen Monitoring,","2.09.01.2.05.0005 - Monitoring,",,2026-09-17 23:10:11.68718+00
42,1,,,,,,"Evaluasi, dan Penilaian Kinerja","Evaluasi, dan Penilaian Kinerja",,2026-09-17 23:10:11.68718+00
43,1,,,,,,Pegawai (Dokumen),Pegawai,,2026-09-17 23:10:11.68718+00
44,1,,,,,Persentase Administrasi,Jumlah Dokumen Bahan,2.09.01.2.06 - Administrasi,,2026-09-17 23:10:11.68718+00
45,1,,,,,Umum Perangkat Daerah,Bacaan dan Peraturan,Umum Perangkat Daerah,,2026-09-17 23:10:11.68718+00
46,1,,,,,,Perundang-Undangan yang,,,2026-09-17 23:10:11.68718+00
47,1,,,,,,Disediakan (Dokumen),,,2026-09-17 23:10:11.68718+00
48,2,NSPK DAN SASARAN,,,,,,,,2026-09-17 23:10:11.68718+00
49,2,RPJMD YANG RELEVAN,TUJUAN,SASARAN,OUTCOME,OUTPUT,INDIKATOR,,,2026-09-17 23:10:11.68718+00
50,2,,,,,,,PROGRAM / KEGIATAN /,,2026-09-17 23:10:11.68718+00
51,2,,,,,,,SUBKEGIATAN,KETERANGAN,2026-09-17 23:10:11.68718+00
52,2,,,,,,Jumlah Dokumen Dukungan,2.09.01.2.06 - Administrasi,,2026-09-17 23:10:11.68718+00
53,2,,,,,,Pelaksanaan Sistem,Umum Perangkat Daerah,,2026-09-17 23:10:11.68718+00
54,2,,,,,,Pemerintahan Berbasis,,,2026-09-17 23:10:11.68718+00
55,2,,,,,,Elektronik pada SKPD,,,2026-09-17 23:10:11.68718+00
56,2,,,,,,(Dokumen),,,2026-09-17 23:10:11.68718+00
57,2,,,,,,Jumlah Dokumen,2.09.01.2.06 - Administrasi,,2026-09-17 23:10:11.68718+00
58,2,,,,,,Penatausahaan Arsip Dinamis,Umum Perangkat Daerah,,2026-09-17 23:10:11.68718+00
59,2,,,,,,pada SKPD (Dokumen),,,2026-09-17 23:10:11.68718+00
60,2,,,,,,Jumlah Laporan,2.09.01.2.06 - Administrasi,,2026-09-17 23:10:11.68718+00
61,2,,,,,,Penyelenggaraan Rapat,Umum Perangkat Daerah,,2026-09-17 23:10:11.68718+00
62,2,,,,,,Koordinasi dan Konsultasi,,,2026-09-17 23:10:11.68718+00
63,2,,,,,,SKPD (Laporan),,,2026-09-17 23:10:11.68718+00
64,2,,,,,,Jumlah Paket Bahan Logistik,2.09.01.2.06 - Administrasi,,2026-09-17 23:10:11.68718+00
65,2,,,,,,Kantor yang Disediakan,Umum Perangkat Daerah,,2026-09-17 23:10:11.68718+00
66,2,,,,,,(Paket),,,2026-09-17 23:10:11.68718+00
67,2,,,,,,Jumlah Paket Barang Cetakan,2.09.01.2.06 - Administrasi,,2026-09-17 23:10:11.68718+00
68,2,,,,,,dan Penggandaan yang,Umum Perangkat Daerah,,2026-09-17 23:10:11.68718+00
69,2,,,,,,Disediakan (Paket),,,2026-09-17 23:10:11.68718+00
70,2,,,,,,Jumlah Paket Komponen,2.09.01.2.06 - Administrasi,,2026-09-17 23:10:11.68718+00
71,2,,,,,,Instalasi Listrik/Penerangan,Umum Perangkat Daerah,,2026-09-17 23:10:11.68718+00
72,2,,,,,,Bangunan Kantor yang,,,2026-09-17 23:10:11.68718+00
73,2,,,,,,Disediakan (Paket),,,2026-09-17 23:10:11.68718+00
74,2,,,,,,Jumlah Paket Peralatan dan,2.09.01.2.06 - Administrasi,,2026-09-17 23:10:11.68718+00
75,2,,,,,,Perlengkapan Kantor yang,Umum Perangkat Daerah,,2026-09-17 23:10:11.68718+00
76,2,,,,,,Disediakan (Paket),,,2026-09-17 23:10:11.68718+00
77,2,,,,,,Jumlah Paket Peralatan,2.09.01.2.06 - Administrasi,,2026-09-17 23:10:11.68718+00
78,2,,,,,,Rumah Tangga yang,Umum Perangkat Daerah,,2026-09-17 23:10:11.68718+00
79,2,,,,,,Disediakan (Paket),,,2026-09-17 23:10:11.68718+00
80,2,,,,,,Jumlah Paket Komponen,2.09.01.2.06.0001 -,,2026-09-17 23:10:11.68718+00
81,2,,,,,,Instalasi Listrik/Penerangan,Penyediaan Komponen,,2026-09-17 23:10:11.68718+00
82,2,,,,,,Bangunan Kantor yang,Instalasi,,2026-09-17 23:10:11.68718+00
83,2,,,,,,Disediakan (Paket),,,2026-09-17 23:10:11.68718+00
84,2,,,,,,,Listrik/Penerangan Bangunan,,2026-09-17 23:10:11.68718+00
85,2,,,,,,,Kantor,,2026-09-17 23:10:11.68718+00
86,2,,,,,,Jumlah Paket Peralatan dan,2.09.01.2.06.0002 -,,2026-09-17 23:10:11.68718+00
87,2,,,,,,Perlengkapan Kantor yang,Penyediaan Peralatan dan,,2026-09-17 23:10:11.68718+00
88,2,,,,,,Disediakan (Paket),Perlengkapan Kantor,,2026-09-17 23:10:11.68718+00
89,2,,,,,,Jumlah Paket Peralatan,2.09.01.2.06.0003 -,,2026-09-17 23:10:11.68718+00
90,2,,,,,,Rumah Tangga yang,Penyediaan Peralatan Rumah,,2026-09-17 23:10:11.68718+00
91,2,,,,,,Disediakan (Paket),Tangga,,2026-09-17 23:10:11.68718+00
92,2,,,,,,Jumlah Paket Bahan Logistik,2.09.01.2.06.0004 -,,2026-09-17 23:10:11.68718+00
93,2,,,,,,Kantor yang Disediakan,Penyediaan Bahan Logistik,,2026-09-17 23:10:11.68718+00
94,2,,,,,,(Paket),Kantor,,2026-09-17 23:10:11.68718+00
95,2,,,,,,Jumlah Paket Barang Cetakan,2.09.01.2.06.0005 -,,2026-09-17 23:10:11.68718+00
96,2,,,,,,dan Penggandaan yang,Penyediaan Barang Cetakan,,2026-09-17 23:10:11.68718+00
97,2,,,,,,Disediakan (Paket),dan Penggandaan,,2026-09-17 23:10:11.68718+00
98,2,,,,,,Jumlah Dokumen Bahan,2.09.01.2.06.0006 -,,2026-09-17 23:10:11.68718+00
99,2,,,,,,Bacaan dan Peraturan,Penyediaan Bahan Bacaan dan,,2026-09-17 23:10:11.68718+00
100,2,,,,,,Perundang-Undangan yang,Peraturan,,2026-09-17 23:10:11.68718+00
101,2,,,,,,Disediakan (Dokumen),Perundang-undangan,,2026-09-17 23:10:11.68718+00
102,2,,,,,,Jumlah Laporan,2.09.01.2.06.0009 -,,2026-09-17 23:10:11.68718+00
103,2,,,,,,Penyelenggaraan Rapat,Penyelenggaraan Rapat,,2026-09-17 23:10:11.68718+00
104,2,,,,,,Koordinasi dan Konsultasi,Koordinasi dan Konsultasi,,2026-09-17 23:10:11.68718+00
105,2,,,,,,SKPD (Laporan),SKPD,,2026-09-17 23:10:11.68718+00
106,3,NSPK DAN SASARAN,,,,,,,,2026-09-17 23:10:11.68718+00
107,3,RPJMD YANG RELEVAN,TUJUAN,SASARAN,OUTCOME,OUTPUT,INDIKATOR,,,2026-09-17 23:10:11.68718+00
108,3,,,,,,,PROGRAM / KEGIATAN /,,2026-09-17 23:10:11.68718+00
109,3,,,,,,,SUBKEGIATAN,KETERANGAN,2026-09-17 23:10:11.68718+00
110,3,,,,,,Jumlah Dokumen,2.09.01.2.06.0010 -,,2026-09-17 23:10:11.68718+00
111,3,,,,,,Penatausahaan Arsip Dinamis,Penatausahaan Arsip Dinamis,,2026-09-17 23:10:11.68718+00
112,3,,,,,,pada SKPD (Dokumen),pada SKPD,,2026-09-17 23:10:11.68718+00
113,3,,,,,,Jumlah Dokumen Dukungan,2.09.01.2.06.0011 - Dukungan,,2026-09-17 23:10:11.68718+00
114,3,,,,,,Pelaksanaan Sistem,Pelaksanaan Sistem,,2026-09-17 23:10:11.68718+00
115,3,,,,,,Pemerintahan Berbasis,Pemerintahan Berbasis,,2026-09-17 23:10:11.68718+00
116,3,,,,,,Elektronik pada SKPD,Elektronik pada SKPD,,2026-09-17 23:10:11.68718+00
117,3,,,,,,(Dokumen),,,2026-09-17 23:10:11.68718+00
118,3,,,,,Persentase Pengadaan Barang,Jumlah Unit Peralatan dan,2.09.01.2.07 - Pengadaan,,2026-09-17 23:10:11.68718+00
119,3,,,,,Milik Daerah Penunjang,Mesin Lainnya yang,Barang Milik Daerah,,2026-09-17 23:10:11.68718+00
120,3,,,,,Urusan Pemerintah Daerah,Disediakan (Unit),Penunjang Urusan Pemerintah,,2026-09-17 23:10:11.68718+00
121,3,,,,,,,Daerah,,2026-09-17 23:10:11.68718+00
122,3,,,,,,Jumlah Unit Peralatan dan,2.09.01.2.07.0006 - Pengadaan,,2026-09-17 23:10:11.68718+00
123,3,,,,,,Mesin Lainnya yang,Peralatan dan Mesin Lainnya,,2026-09-17 23:10:11.68718+00
124,3,,,,,,Disediakan (Unit),,,2026-09-17 23:10:11.68718+00
125,3,,,,,Persentase Penyediaan Jasa,Jumlah Laporan Penyediaan,2.09.01.2.08 - Penyediaan,,2026-09-17 23:10:11.68718+00
126,3,,,,,Penunjang Urusan,"Jasa Komunikasi, Sumber",Jasa Penunjang Urusan,,2026-09-17 23:10:11.68718+00
127,3,,,,,Pemerintahan Daerah,Daya Air dan Listrik yang,Pemerintahan Daerah,,2026-09-17 23:10:11.68718+00
128,3,,,,,,Disediakan (Laporan),,,2026-09-17 23:10:11.68718+00
129,3,,,,,,Jumlah Laporan Penyediaan,2.09.01.2.08 - Penyediaan,,2026-09-17 23:10:11.68718+00
130,3,,,,,,Jasa Pelayanan Umum Kantor,Jasa Penunjang Urusan,,2026-09-17 23:10:11.68718+00
131,3,,,,,,yang Disediakan (Laporan),Pemerintahan Daerah,,2026-09-17 23:10:11.68718+00
132,3,,,,,,Jumlah Laporan Penyediaan,2.09.01.2.08 - Penyediaan,,2026-09-17 23:10:11.68718+00
133,3,,,,,,Jasa Peralatan dan,Jasa Penunjang Urusan,,2026-09-17 23:10:11.68718+00
134,3,,,,,,Perlengkapan Kantor yang,Pemerintahan Daerah,,2026-09-17 23:10:11.68718+00
135,3,,,,,,Disediakan (Laporan),,,2026-09-17 23:10:11.68718+00
136,3,,,,,,Jumlah Laporan Penyediaan,2.09.01.2.08 - Penyediaan,,2026-09-17 23:10:11.68718+00
137,3,,,,,,Jasa Surat Menyurat (Laporan),Jasa Penunjang Urusan,,2026-09-17 23:10:11.68718+00
138,3,,,,,,,Pemerintahan Daerah,,2026-09-17 23:10:11.68718+00
139,3,,,,,,Jumlah Laporan Penyediaan,2.09.01.2.08.0001 -,,2026-09-17 23:10:11.68718+00
140,3,,,,,,Jasa Surat Menyurat (Laporan),Penyediaan Jasa Surat,,2026-09-17 23:10:11.68718+00
141,3,,,,,,,Menyurat,,2026-09-17 23:10:11.68718+00
142,3,,,,,,Jumlah Laporan Penyediaan,2.09.01.2.08.0002 -,,2026-09-17 23:10:11.68718+00
143,3,,,,,,"Jasa Komunikasi, Sumber","Penyediaan Jasa Komunikasi,",,2026-09-17 23:10:11.68718+00
144,3,,,,,,Daya Air dan Listrik yang,Sumber Daya Air dan Listrik,,2026-09-17 23:10:11.68718+00
145,3,,,,,,Disediakan (Laporan),,,2026-09-17 23:10:11.68718+00
146,3,,,,,,Jumlah Laporan Penyediaan,2.09.01.2.08.0003 -,,2026-09-17 23:10:11.68718+00
147,3,,,,,,Jasa Peralatan dan,Penyediaan Jasa Peralatan,,2026-09-17 23:10:11.68718+00
148,3,,,,,,Perlengkapan Kantor yang,dan Perlengkapan Kantor,,2026-09-17 23:10:11.68718+00
149,3,,,,,,Disediakan (Laporan),,,2026-09-17 23:10:11.68718+00
150,3,,,,,,Jumlah Laporan Penyediaan,2.09.01.2.08.0004 -,,2026-09-17 23:10:11.68718+00
151,3,,,,,,Jasa Pelayanan Umum Kantor,Penyediaan Jasa Pelayanan,,2026-09-17 23:10:11.68718+00
152,3,,,,,,yang Disediakan (Laporan),Umum Kantor,,2026-09-17 23:10:11.68718+00
153,3,,,,,Persentase Pemeliharaan,Jumlah Kendaraan Dinas,2.09.01.2.09 - Pemeliharaan,,2026-09-17 23:10:11.68718+00
154,3,,,,,Barang Milik Daerah,Operasional atau Lapangan,Barang Milik Daerah,,2026-09-17 23:10:11.68718+00
155,3,,,,,Penunjang Urusan,yang Dipelihara dan,Penunjang Urusan,,2026-09-17 23:10:11.68718+00
156,3,,,,,Pemerintahan Daerah,dibayarkan Pajak dan,Pemerintahan Daerah,,2026-09-17 23:10:11.68718+00
157,3,,,,,,Perizinannya (Unit) Jumlah Kendaraan Perorangan,2.09.01.2.09 - Pemeliharaan,,2026-09-17 23:10:11.68718+00
158,3,,,,,,Dinas atau Kendaraan Dinas,Barang Milik Daerah,,2026-09-17 23:10:11.68718+00
159,3,,,,,,Jabatan yang Dipelihara dan,Penunjang Urusan,,2026-09-17 23:10:11.68718+00
160,3,,,,,,dibayarkan Pajaknya (Unit),Pemerintahan Daerah,,2026-09-17 23:10:11.68718+00
161,4,NSPK DAN SASARAN,,,,,,,,2026-09-17 23:10:11.68718+00
162,4,RPJMD YANG RELEVAN,TUJUAN,SASARAN,OUTCOME,OUTPUT,INDIKATOR,,,2026-09-17 23:10:11.68718+00
163,4,,,,,,,PROGRAM / KEGIATAN /,,2026-09-17 23:10:11.68718+00
164,4,,,,,,,SUBKEGIATAN,KETERANGAN,2026-09-17 23:10:11.68718+00
165,4,,,,,,Jumlah Mebel yang Dipelihara,2.09.01.2.09 - Pemeliharaan,,2026-09-17 23:10:11.68718+00
166,4,,,,,,(Unit),Barang Milik Daerah,,2026-09-17 23:10:11.68718+00
167,4,,,,,,,Penunjang Urusan,,2026-09-17 23:10:11.68718+00
168,4,,,,,,,Pemerintahan Daerah,,2026-09-17 23:10:11.68718+00
169,4,,,,,,Jumlah Peralatan dan Mesin,2.09.01.2.09 - Pemeliharaan,,2026-09-17 23:10:11.68718+00
170,4,,,,,,Lainnya yang Dipelihara  (Unit),Barang Milik Daerah,,2026-09-17 23:10:11.68718+00
171,4,,,,,,,Penunjang Urusan,,2026-09-17 23:10:11.68718+00
172,4,,,,,,,Pemerintahan Daerah,,2026-09-17 23:10:11.68718+00
173,4,,,,,,Jumlah Sarana dan Prasarana,2.09.01.2.09 - Pemeliharaan,,2026-09-17 23:10:11.68718+00
174,4,,,,,,Gedung Kantor atau Bangunan,Barang Milik Daerah,,2026-09-17 23:10:11.68718+00
175,4,,,,,,Lainnya yang,Penunjang Urusan,,2026-09-17 23:10:11.68718+00
176,4,,,,,,Dipelihara/Direhabilitasi (Unit),Pemerintahan Daerah,,2026-09-17 23:10:11.68718+00
177,4,,,,,,Jumlah Kendaraan Perorangan,2.09.01.2.09.0001 -,,2026-09-17 23:10:11.68718+00
178,4,,,,,,Dinas atau Kendaraan Dinas,Penyediaan Jasa,,2026-09-17 23:10:11.68718+00
179,4,,,,,,Jabatan yang Dipelihara dan,"Pemeliharaan, Biaya",,2026-09-17 23:10:11.68718+00
180,4,,,,,,dibayarkan Pajaknya (Unit),"Pemeliharaan, dan Pajak",,2026-09-17 23:10:11.68718+00
181,4,,,,,,,Kendaraan Perorangan Dinas,,2026-09-17 23:10:11.68718+00
182,4,,,,,,,atau Kendaraan Dinas Jabatan,,2026-09-17 23:10:11.68718+00
183,4,,,,,,Jumlah Kendaraan Dinas,2.09.01.2.09.0002 -,,2026-09-17 23:10:11.68718+00
184,4,,,,,,Operasional atau Lapangan,Penyediaan Jasa,,2026-09-17 23:10:11.68718+00
185,4,,,,,,yang Dipelihara dan,"Pemeliharaan, Biaya",,2026-09-17 23:10:11.68718+00
186,4,,,,,,dibayarkan Pajak dan,"Pemeliharaan, Pajak dan",,2026-09-17 23:10:11.68718+00
187,4,,,,,,Perizinannya (Unit),Perizinan Kendaraan Dinas,,2026-09-17 23:10:11.68718+00
188,4,,,,,,,Operasional atau Lapangan,,2026-09-17 23:10:11.68718+00
189,4,,,,,,Jumlah Mebel yang Dipelihara,2.09.01.2.09.0005 -,,2026-09-17 23:10:11.68718+00
190,4,,,,,,(Unit),Pemeliharaan Mebel,,2026-09-17 23:10:11.68718+00
191,4,,,,,,Jumlah Peralatan dan Mesin,2.09.01.2.09.0006 -,,2026-09-17 23:10:11.68718+00
192,4,,,,,,Lainnya yang Dipelihara  (Unit),Pemeliharaan Peralatan dan,,2026-09-17 23:10:11.68718+00
193,4,,,,,,,Mesin Lainnya,,2026-09-17 23:10:11.68718+00
194,4,,,,,,Jumlah Sarana dan Prasarana,2.09.01.2.09.0010 -,,2026-09-17 23:10:11.68718+00
195,4,,,,,,Gedung Kantor atau Bangunan,Pemeliharaan/Rehabilitasi,,2026-09-17 23:10:11.68718+00
196,4,,,,,,Lainnya yang,Sarana dan Prasarana Gedung,,2026-09-17 23:10:11.68718+00
197,4,,,,,,Dipelihara/Direhabilitasi (Unit),Kantor atau Bangunan Lainnya,,2026-09-17 23:10:11.68718+00
198,4,,,,Meningkatnya kualitas,,Kinerja pendapatan retribusi,2.09.01 - PROGRAM,,2026-09-17 23:10:11.68718+00
199,4,,,,"Perencanaan, Pengendalian,",,kewenangan perangkat daerah,PENUNJANG URUSAN,,2026-09-17 23:10:11.68718+00
200,4,,,,dan Evaluasi Program,,(OPD penghasil) (%),PEMERINTAHAN DAERAH,,2026-09-17 23:10:11.68718+00
201,4,,,,Kegiatan Serta Pengelolaan,,,KABUPATEN/KOTA,,2026-09-17 23:10:11.68718+00
202,4,,,,Keuangan Perangkat Daerah,,,,,2026-09-17 23:10:11.68718+00
203,4,,,,,,Nilai SAKIP Perangkat Daerah,2.09.01 - PROGRAM,,2026-09-17 23:10:11.68718+00
204,4,,,,,,(poin),PENUNJANG URUSAN,,2026-09-17 23:10:11.68718+00
205,4,,,,,,,PEMERINTAHAN DAERAH,,2026-09-17 23:10:11.68718+00
206,4,,,,,,,KABUPATEN/KOTA,,2026-09-17 23:10:11.68718+00
207,4,,,,,,Tingkat Kinerja Keuangan,2.09.01 - PROGRAM,,2026-09-17 23:10:11.68718+00
208,4,,,,,,Perangkat Daerah (Skor),PENUNJANG URUSAN,,2026-09-17 23:10:11.68718+00
209,4,,,,,,,PEMERINTAHAN DAERAH,,2026-09-17 23:10:11.68718+00
210,4,,,,,,,KABUPATEN/KOTA,,2026-09-17 23:10:11.68718+00
211,4,,,,,"Persentase Perencanaan,",Jumlah Berita Acara Hasil,"2.09.01.2.01 - Perencanaan,",,2026-09-17 23:10:11.68718+00
212,4,,,,,"Penganggaran, dan Evaluasi",Forum Perangkat Daerah,"Penganggaran, dan Evaluasi",,2026-09-17 23:10:11.68718+00
213,4,,,,,Kinerja Perangkat Daerah,Berdasarkan Bidang Urusan,Kinerja Perangkat Daerah,,2026-09-17 23:10:11.68718+00
214,4,,,,,,yang Diampu dalam Rangka,,,2026-09-17 23:10:11.68718+00
215,4,,,,,,Penyusunan Dokumen,,,2026-09-17 23:10:11.68718+00
216,4,,,,,,Perencanaan Perangkat,,,2026-09-17 23:10:11.68718+00
217,4,,,,,,Daerah (Berita Acara),,,2026-09-17 23:10:11.68718+00
218,5,NSPK DAN SASARAN,,,,,,,,2026-09-17 23:10:11.68718+00
219,5,RPJMD YANG RELEVAN,TUJUAN,SASARAN,OUTCOME,OUTPUT,INDIKATOR,,,2026-09-17 23:10:11.68718+00
220,5,,,,,,,PROGRAM / KEGIATAN /,,2026-09-17 23:10:11.68718+00
221,5,,,,,,,SUBKEGIATAN,KETERANGAN,2026-09-17 23:10:11.68718+00
222,5,,,,,,Jumlah Data Statistik Sektoral,"2.09.01.2.01 - Perencanaan,",,2026-09-17 23:10:11.68718+00
223,5,,,,,,Daerah yang Telah,"Penganggaran, dan Evaluasi",,2026-09-17 23:10:11.68718+00
224,5,,,,,,Dikumpulkan dan Diperiksa,Kinerja Perangkat Daerah,,2026-09-17 23:10:11.68718+00
225,5,,,,,,Lingkup Perangkat Daerah,,,2026-09-17 23:10:11.68718+00
226,5,,,,,,(Data),,,2026-09-17 23:10:11.68718+00
227,5,,,,,,Jumlah Dokumen DPA-SKPD,"2.09.01.2.01 - Perencanaan,",,2026-09-17 23:10:11.68718+00
228,5,,,,,,dan Laporan Hasil Koordinasi,"Penganggaran, dan Evaluasi",,2026-09-17 23:10:11.68718+00
229,5,,,,,,Penyusunan Dokumen,Kinerja Perangkat Daerah,,2026-09-17 23:10:11.68718+00
230,5,,,,,,DPA-SKPD (Dokumen),,,2026-09-17 23:10:11.68718+00
231,5,,,,,,Jumlah Dokumen Hasil,"2.09.01.2.01 - Perencanaan,",,2026-09-17 23:10:11.68718+00
232,5,,,,,,Penyelenggaraan Walidata,"Penganggaran, dan Evaluasi",,2026-09-17 23:10:11.68718+00
233,5,,,,,,Pendukung Statistik Sektoral,Kinerja Perangkat Daerah,,2026-09-17 23:10:11.68718+00
234,5,,,,,,Daerah (Dokumen),,,2026-09-17 23:10:11.68718+00
235,5,,,,,,Jumlah Dokumen,"2.09.01.2.01 - Perencanaan,",,2026-09-17 23:10:11.68718+00
236,5,,,,,,Perencanaan Perangkat,"Penganggaran, dan Evaluasi",,2026-09-17 23:10:11.68718+00
237,5,,,,,,Daerah  (Dokumen),Kinerja Perangkat Daerah,,2026-09-17 23:10:11.68718+00
238,5,,,,,,Jumlah Dokumen Perubahan,"2.09.01.2.01 - Perencanaan,",,2026-09-17 23:10:11.68718+00
239,5,,,,,,DPA-SKPD dan Laporan Hasil,"Penganggaran, dan Evaluasi",,2026-09-17 23:10:11.68718+00
240,5,,,,,,Koordinasi Penyusunan,Kinerja Perangkat Daerah,,2026-09-17 23:10:11.68718+00
241,5,,,,,,Dokumen Perubahan,,,2026-09-17 23:10:11.68718+00
242,5,,,,,,DPA-SKPD (Dokumen),,,2026-09-17 23:10:11.68718+00
243,5,,,,,,Jumlah Dokumen Perubahan,"2.09.01.2.01 - Perencanaan,",,2026-09-17 23:10:11.68718+00
244,5,,,,,,RKA-SKPD dan Laporan Hasil,"Penganggaran, dan Evaluasi",,2026-09-17 23:10:11.68718+00
245,5,,,,,,Koordinasi Penyusunan,Kinerja Perangkat Daerah,,2026-09-17 23:10:11.68718+00
246,5,,,,,,Dokumen Perubahan,,,2026-09-17 23:10:11.68718+00
247,5,,,,,,RKA-SKPD (Dokumen),,,2026-09-17 23:10:11.68718+00
248,5,,,,,,Jumlah Dokumen RKA-SKPD,"2.09.01.2.01 - Perencanaan,",,2026-09-17 23:10:11.68718+00
249,5,,,,,,dan Laporan Hasil Koordinasi,"Penganggaran, dan Evaluasi",,2026-09-17 23:10:11.68718+00
250,5,,,,,,Penyusunan Dokumen,Kinerja Perangkat Daerah,,2026-09-17 23:10:11.68718+00
251,5,,,,,,RKA-SKPD (Dokumen),,,2026-09-17 23:10:11.68718+00
252,5,,,,,,Jumlah Laporan Capaian,"2.09.01.2.01 - Perencanaan,",,2026-09-17 23:10:11.68718+00
253,5,,,,,,Kinerja dan Ikhtisar Realisasi,"Penganggaran, dan Evaluasi",,2026-09-17 23:10:11.68718+00
254,5,,,,,,Kinerja SKPD dan Laporan,Kinerja Perangkat Daerah,,2026-09-17 23:10:11.68718+00
255,5,,,,,,Hasil Koordinasi Penyusunan,,,2026-09-17 23:10:11.68718+00
256,5,,,,,,Laporan Capaian Kinerja dan,,,2026-09-17 23:10:11.68718+00
257,5,,,,,,Ikhtisar Realisasi Kinerja,,,2026-09-17 23:10:11.68718+00
258,5,,,,,,SKPD (Laporan),,,2026-09-17 23:10:11.68718+00
259,5,,,,,,Jumlah Laporan Evaluasi,"2.09.01.2.01 - Perencanaan,",,2026-09-17 23:10:11.68718+00
260,5,,,,,,Kinerja Perangkat Daerah,"Penganggaran, dan Evaluasi",,2026-09-17 23:10:11.68718+00
261,5,,,,,,(Laporan),Kinerja Perangkat Daerah,,2026-09-17 23:10:11.68718+00
262,5,,,,,,Jumlah Dokumen,2.09.01.2.01.0001 -,,2026-09-17 23:10:11.68718+00
263,5,,,,,,Perencanaan Perangkat,Penyusunan Dokumen,,2026-09-17 23:10:11.68718+00
264,5,,,,,,Daerah  (Dokumen),Perencanaan Perangkat,,2026-09-17 23:10:11.68718+00
265,5,,,,,,,Daerah,,2026-09-17 23:10:11.68718+00
266,5,,,,,,Jumlah Dokumen RKA-SKPD,2.09.01.2.01.0002 - Koordinasi,,2026-09-17 23:10:11.68718+00
267,5,,,,,,dan Laporan Hasil Koordinasi,dan Penyusunan Dokumen,,2026-09-17 23:10:11.68718+00
268,5,,,,,,Penyusunan Dokumen,RKA-SKPD,,2026-09-17 23:10:11.68718+00
269,5,,,,,,RKA-SKPD (Dokumen),,,2026-09-17 23:10:11.68718+00
270,5,,,,,,Jumlah Dokumen Perubahan,2.09.01.2.01.0003 - Koordinasi,,2026-09-17 23:10:11.68718+00
271,5,,,,,,RKA-SKPD dan Laporan Hasil,dan Penyusunan Dokumen,,2026-09-17 23:10:11.68718+00
272,5,,,,,,Koordinasi Penyusunan,Perubahan RKA-SKPD,,2026-09-17 23:10:11.68718+00
273,5,,,,,,Dokumen Perubahan,,,2026-09-17 23:10:11.68718+00
274,5,,,,,,RKA-SKPD (Dokumen),,,2026-09-17 23:10:11.68718+00
275,6,NSPK DAN SASARAN,,,,,,,,2026-09-17 23:10:11.68718+00
276,6,RPJMD YANG RELEVAN,TUJUAN,SASARAN,OUTCOME,OUTPUT,INDIKATOR,,,2026-09-17 23:10:11.68718+00
277,6,,,,,,,PROGRAM / KEGIATAN /,,2026-09-17 23:10:11.68718+00
278,6,,,,,,,SUBKEGIATAN,KETERANGAN,2026-09-17 23:10:11.68718+00
279,6,,,,,,Jumlah Dokumen DPA-SKPD,2.09.01.2.01.0004 - Koordinasi,,2026-09-17 23:10:11.68718+00
280,6,,,,,,dan Laporan Hasil Koordinasi,dan Penyusunan DPA-SKPD,,2026-09-17 23:10:11.68718+00
281,6,,,,,,Penyusunan Dokumen,,,2026-09-17 23:10:11.68718+00
282,6,,,,,,DPA-SKPD (Dokumen),,,2026-09-17 23:10:11.68718+00
283,6,,,,,,Jumlah Dokumen Perubahan,2.09.01.2.01.0005 - Koordinasi,,2026-09-17 23:10:11.68718+00
284,6,,,,,,DPA-SKPD dan Laporan Hasil,dan Penyusunan Perubahan,,2026-09-17 23:10:11.68718+00
285,6,,,,,,Koordinasi Penyusunan,DPA- SKPD,,2026-09-17 23:10:11.68718+00
286,6,,,,,,Dokumen Perubahan,,,2026-09-17 23:10:11.68718+00
287,6,,,,,,DPA-SKPD (Dokumen),,,2026-09-17 23:10:11.68718+00
288,6,,,,,,Jumlah Laporan Capaian,2.09.01.2.01.0006 - Koordinasi,,2026-09-17 23:10:11.68718+00
289,6,,,,,,Kinerja dan Ikhtisar Realisasi,dan Penyusunan Laporan,,2026-09-17 23:10:11.68718+00
290,6,,,,,,Kinerja SKPD dan Laporan,Capaian Kinerja dan Ikhtisar,,2026-09-17 23:10:11.68718+00
291,6,,,,,,Hasil Koordinasi Penyusunan,Realisasi Kinerja SKPD,,2026-09-17 23:10:11.68718+00
292,6,,,,,,Laporan Capaian Kinerja dan,,,2026-09-17 23:10:11.68718+00
293,6,,,,,,Ikhtisar Realisasi Kinerja,,,2026-09-17 23:10:11.68718+00
294,6,,,,,,SKPD (Laporan),,,2026-09-17 23:10:11.68718+00
295,6,,,,,,Jumlah Laporan Evaluasi,2.09.01.2.01.0007 - Evaluasi,,2026-09-17 23:10:11.68718+00
296,6,,,,,,Kinerja Perangkat Daerah,Kinerja Perangkat Daerah,,2026-09-17 23:10:11.68718+00
297,6,,,,,,(Laporan),,,2026-09-17 23:10:11.68718+00
298,6,,,,,,Jumlah Dokumen Hasil,2.09.01.2.01.0008 -,,2026-09-17 23:10:11.68718+00
299,6,,,,,,Penyelenggaraan Walidata,Penyelenggaraan Walidata,,2026-09-17 23:10:11.68718+00
300,6,,,,,,Pendukung Statistik Sektoral,Pendukung Statistik Sektoral,,2026-09-17 23:10:11.68718+00
301,6,,,,,,Daerah (Dokumen),Daerah,,2026-09-17 23:10:11.68718+00
302,6,,,,,,Jumlah Data Statistik Sektoral,2.09.01.2.01.0009 -,,2026-09-17 23:10:11.68718+00
303,6,,,,,,Daerah yang Telah,Pelaksanaan Pengumpulan,,2026-09-17 23:10:11.68718+00
304,6,,,,,,Dikumpulkan dan Diperiksa,Data Statistik Sektoral Daerah,,2026-09-17 23:10:11.68718+00
305,6,,,,,,Lingkup Perangkat Daerah,,,2026-09-17 23:10:11.68718+00
306,6,,,,,,(Data),,,2026-09-17 23:10:11.68718+00
307,6,,,,,,Jumlah Berita Acara Hasil,2.09.01.2.01.0010 -,,2026-09-17 23:10:11.68718+00
308,6,,,,,,Forum Perangkat Daerah,Pelaksanaan Forum Perangkat,,2026-09-17 23:10:11.68718+00
309,6,,,,,,Berdasarkan Bidang Urusan,Daerah Berdasarkan Bidang,,2026-09-17 23:10:11.68718+00
310,6,,,,,,yang Diampu dalam Rangka,Urusan yang Diampu dalam,,2026-09-17 23:10:11.68718+00
311,6,,,,,,Penyusunan Dokumen,Rangka Penyusunan Dokumen,,2026-09-17 23:10:11.68718+00
312,6,,,,,,Perencanaan Perangkat,Perencanaan Perangkat,,2026-09-17 23:10:11.68718+00
313,6,,,,,,Daerah (Berita Acara),Daerah,,2026-09-17 23:10:11.68718+00
314,6,,,,,Persentase Administrasi,Jumlah Dokumen Pelaporan,2.09.01.2.02 - Administrasi,,2026-09-17 23:10:11.68718+00
315,6,,,,,Keuangan Perangkat Daerah,dan Analisis Prognosis,Keuangan Perangkat Daerah,,2026-09-17 23:10:11.68718+00
316,6,,,,,,Realisasi Anggaran,,,2026-09-17 23:10:11.68718+00
317,6,,,,,,(Dokumen),,,2026-09-17 23:10:11.68718+00
318,6,,,,,,Jumlah Dokumen,2.09.01.2.02 - Administrasi,,2026-09-17 23:10:11.68718+00
319,6,,,,,,Penatausahaan dan,Keuangan Perangkat Daerah,,2026-09-17 23:10:11.68718+00
320,6,,,,,,Pengujian/Verifikasi Keuangan,,,2026-09-17 23:10:11.68718+00
321,6,,,,,,SKPD (Dokumen),,,2026-09-17 23:10:11.68718+00
322,6,,,,,,Jumlah Laporan Keuangan,2.09.01.2.02 - Administrasi,,2026-09-17 23:10:11.68718+00
323,6,,,,,,Akhir Tahun SKPD dan,Keuangan Perangkat Daerah,,2026-09-17 23:10:11.68718+00
324,6,,,,,,Laporan Hasil Koordinasi,,,2026-09-17 23:10:11.68718+00
325,6,,,,,,Penyusunan Laporan,,,2026-09-17 23:10:11.68718+00
326,6,,,,,,Keuangan Akhir Tahun SKPD,,,2026-09-17 23:10:11.68718+00
327,6,,,,,,(Laporan),,,2026-09-17 23:10:11.68718+00
328,7,NSPK DAN SASARAN,,,,,,,,2026-09-17 23:10:11.68718+00
329,7,RPJMD YANG RELEVAN,TUJUAN,SASARAN,OUTCOME,OUTPUT,INDIKATOR,,,2026-09-17 23:10:11.68718+00
330,7,,,,,,,PROGRAM / KEGIATAN /,,2026-09-17 23:10:11.68718+00
331,7,,,,,,,SUBKEGIATAN,KETERANGAN,2026-09-17 23:10:11.68718+00
332,7,,,,,,Jumlah Laporan Keuangan,2.09.01.2.02 - Administrasi,,2026-09-17 23:10:11.68718+00
333,7,,,,,,Bulanan/ Triwulanan/,Keuangan Perangkat Daerah,,2026-09-17 23:10:11.68718+00
334,7,,,,,,Semesteran SKPD dan,,,2026-09-17 23:10:11.68718+00
335,7,,,,,,Laporan Koordinasi,,,2026-09-17 23:10:11.68718+00
336,7,,,,,,Penyusunan Laporan,,,2026-09-17 23:10:11.68718+00
337,7,,,,,,Keuangan,,,2026-09-17 23:10:11.68718+00
338,7,,,,,,Bulanan/Triwulanan/Semestera,,,2026-09-17 23:10:11.68718+00
339,7,,,,,,n SKPD (Laporan),,,2026-09-17 23:10:11.68718+00
340,7,,,,,,Jumlah Orang yang Menerima,2.09.01.2.02 - Administrasi,,2026-09-17 23:10:11.68718+00
341,7,,,,,,Gaji dan Tunjangan ASN,Keuangan Perangkat Daerah,,2026-09-17 23:10:11.68718+00
342,7,,,,,,(Orang/bulan),,,2026-09-17 23:10:11.68718+00
343,7,,,,,,Jumlah Orang yang Menerima,2.09.01.2.02.0001 -,,2026-09-17 23:10:11.68718+00
344,7,,,,,,Gaji dan Tunjangan ASN,Penyediaan Gaji dan,,2026-09-17 23:10:11.68718+00
345,7,,,,,,(Orang/bulan),Tunjangan ASN,,2026-09-17 23:10:11.68718+00
346,7,,,,,,Jumlah Dokumen,2.09.01.2.02.0003 -,,2026-09-17 23:10:11.68718+00
347,7,,,,,,Penatausahaan dan,Pelaksanaan Penatausahaan,,2026-09-17 23:10:11.68718+00
348,7,,,,,,Pengujian/Verifikasi Keuangan,dan,,2026-09-17 23:10:11.68718+00
349,7,,,,,,SKPD (Dokumen),,,2026-09-17 23:10:11.68718+00
350,7,,,,,,,Pengujian/Verifikasi Keuangan,,2026-09-17 23:10:11.68718+00
351,7,,,,,,,SKPD,,2026-09-17 23:10:11.68718+00
352,7,,,,,,Jumlah Laporan Keuangan,2.09.01.2.02.0005 - Koordinasi,,2026-09-17 23:10:11.68718+00
353,7,,,,,,Akhir Tahun SKPD dan,dan Penyusunan Laporan,,2026-09-17 23:10:11.68718+00
354,7,,,,,,Laporan Hasil Koordinasi,Keuangan Akhir Tahun SKPD,,2026-09-17 23:10:11.68718+00
355,7,,,,,,Penyusunan Laporan,,,2026-09-17 23:10:11.68718+00
356,7,,,,,,Keuangan Akhir Tahun SKPD,,,2026-09-17 23:10:11.68718+00
357,7,,,,,,(Laporan),,,2026-09-17 23:10:11.68718+00
358,7,,,,,,Jumlah Laporan Keuangan,2.09.01.2.02.0007 - Koordinasi,,2026-09-17 23:10:11.68718+00
359,7,,,,,,Bulanan/ Triwulanan/,dan Penyusunan Laporan,,2026-09-17 23:10:11.68718+00
360,7,,,,,,Semesteran SKPD dan,Keuangan Bulanan/,,2026-09-17 23:10:11.68718+00
361,7,,,,,,Laporan Koordinasi,Triwulanan/ Semesteran SKPD,,2026-09-17 23:10:11.68718+00
362,7,,,,,,Penyusunan Laporan,,,2026-09-17 23:10:11.68718+00
363,7,,,,,,Keuangan,,,2026-09-17 23:10:11.68718+00
364,7,,,,,,Bulanan/Triwulanan/Semestera,,,2026-09-17 23:10:11.68718+00
365,7,,,,,,n SKPD (Laporan),,,2026-09-17 23:10:11.68718+00
366,7,,,,,,Jumlah Dokumen Pelaporan,2.09.01.2.02.0008 -,,2026-09-17 23:10:11.68718+00
367,7,,,,,,dan Analisis Prognosis,Penyusunan Pelaporan dan,,2026-09-17 23:10:11.68718+00
368,7,,,,,,Realisasi Anggaran,Analisis Prognosis Realisasi,,2026-09-17 23:10:11.68718+00
369,7,,,,,,(Dokumen),Anggaran,,2026-09-17 23:10:11.68718+00
370,7,,,,,Persentase Administrasi,Jumlah Laporan,2.09.01.2.03 - Administrasi,,2026-09-17 23:10:11.68718+00
371,7,,,,,Barang Milik Daerah pada,Penatausahaan Barang Milik,Barang Milik Daerah pada,,2026-09-17 23:10:11.68718+00
372,7,,,,,Perangkat Daerah,Daerah pada SKPD (Laporan),Perangkat Daerah,,2026-09-17 23:10:11.68718+00
373,7,,,,,,Jumlah Laporan Rekonsiliasi,2.09.01.2.03 - Administrasi,,2026-09-17 23:10:11.68718+00
374,7,,,,,,dan Penyusunan Laporan,Barang Milik Daerah pada,,2026-09-17 23:10:11.68718+00
375,7,,,,,,Barang Milik Daerah pada,Perangkat Daerah,,2026-09-17 23:10:11.68718+00
376,7,,,,,,SKPD (Laporan),,,2026-09-17 23:10:11.68718+00
377,7,,,,,,Jumlah Rencana Kebutuhan,2.09.01.2.03 - Administrasi,,2026-09-17 23:10:11.68718+00
378,7,,,,,,Barang Milik Daerah SKPD,Barang Milik Daerah pada,,2026-09-17 23:10:11.68718+00
379,7,,,,,,(Dokumen),Perangkat Daerah,,2026-09-17 23:10:11.68718+00
380,7,,,,,,Jumlah Rencana Kebutuhan,2.09.01.2.03.0001 -,,2026-09-17 23:10:11.68718+00
381,7,,,,,,Barang Milik Daerah SKPD,Penyusunan Perencanaan,,2026-09-17 23:10:11.68718+00
382,7,,,,,,(Dokumen),Kebutuhan Barang Milik,,2026-09-17 23:10:11.68718+00
383,7,,,,,,,Daerah SKPD,,2026-09-17 23:10:11.68718+00
384,8,NSPK DAN SASARAN,,,,,,,,2026-09-17 23:10:11.68718+00
385,8,RPJMD YANG RELEVAN,TUJUAN,SASARAN,OUTCOME,OUTPUT,INDIKATOR,,,2026-09-17 23:10:11.68718+00
386,8,,,,,,,PROGRAM / KEGIATAN /,,2026-09-17 23:10:11.68718+00
387,8,,,,,,,SUBKEGIATAN,KETERANGAN,2026-09-17 23:10:11.68718+00
388,8,,,,,,Jumlah Laporan Rekonsiliasi,2.09.01.2.03.0005 -,,2026-09-17 23:10:11.68718+00
389,8,,,,,,dan Penyusunan Laporan,Rekonsiliasi dan Penyusunan,,2026-09-17 23:10:11.68718+00
390,8,,,,,,Barang Milik Daerah pada,Laporan Barang Milik Daerah,,2026-09-17 23:10:11.68718+00
391,8,,,,,,SKPD (Laporan),pada SKPD,,2026-09-17 23:10:11.68718+00
392,8,,,,,,Jumlah Laporan,2.09.01.2.03.0006 -,,2026-09-17 23:10:11.68718+00
393,8,,,,,,Penatausahaan Barang Milik,Penatausahaan Barang Milik,,2026-09-17 23:10:11.68718+00
394,8,,,,,,Daerah pada SKPD (Laporan),Daerah pada SKPD,,2026-09-17 23:10:11.68718+00
395,8,,,,,Persentase Administrasi,Jumlah Laporan Pengelolaan,2.09.01.2.04 - Administrasi,,2026-09-17 23:10:11.68718+00
396,8,,,,,Pendapatan Daerah,Retribusi Daerah (Dokumen),Pendapatan Daerah,,2026-09-17 23:10:11.68718+00
397,8,,,,,Kewenangan Perangkat,,Kewenangan Perangkat,,2026-09-17 23:10:11.68718+00
398,8,,,,,Daerah,,Daerah,,2026-09-17 23:10:11.68718+00
399,8,,,,,,Jumlah Laporan Pengelolaan,2.09.01.2.04.0007 - Pelaporan,,2026-09-17 23:10:11.68718+00
400,8,,,,,,Retribusi Daerah (Dokumen),Pengelolaan Retribusi Daerah,,2026-09-17 23:10:11.68718+00
401,8,,,peningkatan diversifikasi dan,,,Prevalensi Ketidakcukupan,,,2026-09-17 23:10:11.68718+00
402,8,,,ketahanan pangan masyarakat,,,Konsumsi Pangan (Prevalence,,,2026-09-17 23:10:11.68718+00
403,8,,,yang diiringi dengan penguatan,,,of Undernourishment) ((%)),,,2026-09-17 23:10:11.68718+00
404,8,,,penanganan daerah rawan,,,,,,2026-09-17 23:10:11.68718+00
405,8,,,pangan serta intensifikasi,,,,,,2026-09-17 23:10:11.68718+00
406,8,,,pengawasan mutu dan,,,,,,2026-09-17 23:10:11.68718+00
407,8,,,keamanan pangan.,,,,,,2026-09-17 23:10:11.68718+00
408,8,,,,Meningkatnya diversifikasi dan,,Skor Pola Pangan Harapan,2.09.03 - PROGRAM,,2026-09-17 23:10:11.68718+00
409,8,,,,ketahanan pangan masyarakat,,(Nilai),PENINGKATAN,,2026-09-17 23:10:11.68718+00
410,8,,,,,,,DIVERSIFIKASI DAN,,2026-09-17 23:10:11.68718+00
411,8,,,,,,,KETAHANAN PANGAN,,2026-09-17 23:10:11.68718+00
412,8,,,,,,,MASYARAKAT,,2026-09-17 23:10:11.68718+00
413,8,,,,,Tersedianya pangan lokal yang,Data Proyeksi Neraca Pangan,2.09.03.2.01 - Penyediaan dan,,2026-09-17 23:10:11.68718+00
414,8,,,,,terkoordinasi dengan stabilisasi,Wilayah Kabupaten/Kota,Penyaluran Pangan Pokok atau,,2026-09-17 23:10:11.68718+00
415,8,,,,,"pasokan dan harga,",(Dokumen),Pangan Lainnya sesuai dengan,,2026-09-17 23:10:11.68718+00
416,8,,,,,peningkatan ketahanan,,Kebutuhan Daerah,,2026-09-17 23:10:11.68718+00
417,8,,,,,"pangan keluarga, pengolahan",,Kabupaten/Kota dalam rangka,,2026-09-17 23:10:11.68718+00
418,8,,,,,"usaha, serta informasi dan",,Stabilisasi Pasokan dan Harga,,2026-09-17 23:10:11.68718+00
419,8,,,,,data neraca pangan di tingkat,,Pangan,,2026-09-17 23:10:11.68718+00
420,8,,,,,kabupaten/kota.,,,,2026-09-17 23:10:11.68718+00
421,8,,,,,,Informasi harga pangan tingkat,2.09.03.2.01 - Penyediaan dan,,2026-09-17 23:10:11.68718+00
422,8,,,,,,Produsen dan Konsumen,Penyaluran Pangan Pokok atau,,2026-09-17 23:10:11.68718+00
423,8,,,,,,wilayah Kabupaten/Kota,Pangan Lainnya sesuai dengan,,2026-09-17 23:10:11.68718+00
424,8,,,,,,(Laporan),Kebutuhan Daerah,,2026-09-17 23:10:11.68718+00
425,8,,,,,,,Kabupaten/Kota dalam rangka,,2026-09-17 23:10:11.68718+00
426,8,,,,,,,Stabilisasi Pasokan dan Harga,,2026-09-17 23:10:11.68718+00
427,8,,,,,,,Pangan,,2026-09-17 23:10:11.68718+00
428,8,,,,,,Informasi Neraca Bahan,2.09.03.2.01 - Penyediaan dan,,2026-09-17 23:10:11.68718+00
429,8,,,,,,Makanan (NBM) (Dokumen),Penyaluran Pangan Pokok atau,,2026-09-17 23:10:11.68718+00
430,8,,,,,,,Pangan Lainnya sesuai dengan,,2026-09-17 23:10:11.68718+00
431,8,,,,,,,Kebutuhan Daerah,,2026-09-17 23:10:11.68718+00
432,8,,,,,,,Kabupaten/Kota dalam rangka,,2026-09-17 23:10:11.68718+00
433,8,,,,,,,Stabilisasi Pasokan dan Harga,,2026-09-17 23:10:11.68718+00
434,8,,,,,,,Pangan,,2026-09-17 23:10:11.68718+00
435,8,,,,,,Jumlah kegiatan Stabilisasi,2.09.03.2.01 - Penyediaan dan,,2026-09-17 23:10:11.68718+00
436,8,,,,,,Pasokan dan Harga Pangan,Penyaluran Pangan Pokok atau,,2026-09-17 23:10:11.68718+00
437,8,,,,,,Tingkat Produsen dan,Pangan Lainnya sesuai dengan,,2026-09-17 23:10:11.68718+00
438,8,,,,,,Konsumen di Kabupaten/Kota,Kebutuhan Daerah,,2026-09-17 23:10:11.68718+00
439,8,,,,,,(laporan),Kabupaten/Kota dalam rangka,,2026-09-17 23:10:11.68718+00
440,8,,,,,,,Stabilisasi Pasokan dan Harga,,2026-09-17 23:10:11.68718+00
441,8,,,,,,,Pangan,,2026-09-17 23:10:11.68718+00
442,9,NSPK DAN SASARAN,,,,,,,,2026-09-17 23:10:11.68718+00
443,9,RPJMD YANG RELEVAN,TUJUAN,SASARAN,OUTCOME,OUTPUT,INDIKATOR,,,2026-09-17 23:10:11.68718+00
444,9,,,,,,,PROGRAM / KEGIATAN /,,2026-09-17 23:10:11.68718+00
445,9,,,,,,,SUBKEGIATAN,KETERANGAN,2026-09-17 23:10:11.68718+00
446,9,,,,,,Jumlah Keluarga yang,2.09.03.2.01 - Penyediaan dan,,2026-09-17 23:10:11.68718+00
447,9,,,,,,Mengikuti Peningkatan,Penyaluran Pangan Pokok atau,,2026-09-17 23:10:11.68718+00
448,9,,,,,,Ketahanan Pangan Keluarga,Pangan Lainnya sesuai dengan,,2026-09-17 23:10:11.68718+00
449,9,,,,,,(Keluarga),Kebutuhan Daerah,,2026-09-17 23:10:11.68718+00
450,9,,,,,,,Kabupaten/Kota dalam rangka,,2026-09-17 23:10:11.68718+00
451,9,,,,,,,Stabilisasi Pasokan dan Harga,,2026-09-17 23:10:11.68718+00
452,9,,,,,,,Pangan,,2026-09-17 23:10:11.68718+00
453,9,,,,,,Jumlah koordinasi dan,2.09.03.2.01 - Penyediaan dan,,2026-09-17 23:10:11.68718+00
454,9,,,,,,sinkronisasi pemantauan stok,Penyaluran Pangan Pokok atau,,2026-09-17 23:10:11.68718+00
455,9,,,,,,"pangan, pasokan pangan dan",Pangan Lainnya sesuai dengan,,2026-09-17 23:10:11.68718+00
456,9,,,,,,harga pangan Pokok Strategis,Kebutuhan Daerah,,2026-09-17 23:10:11.68718+00
457,9,,,,,,(Laporan),Kabupaten/Kota dalam rangka,,2026-09-17 23:10:11.68718+00
458,9,,,,,,,Stabilisasi Pasokan dan Harga,,2026-09-17 23:10:11.68718+00
459,9,,,,,,,Pangan,,2026-09-17 23:10:11.68718+00
460,9,,,,,,"Jumlah Koordinasi,",2.09.03.2.01 - Penyediaan dan,,2026-09-17 23:10:11.68718+00
461,9,,,,,,Sinkronisasi dan Pelaksanaan,Penyaluran Pangan Pokok atau,,2026-09-17 23:10:11.68718+00
462,9,,,,,,Distribusi Pangan Pokok dan,Pangan Lainnya sesuai dengan,,2026-09-17 23:10:11.68718+00
463,9,,,,,,Pangan Lainnya (Laporan),Kebutuhan Daerah,,2026-09-17 23:10:11.68718+00
464,9,,,,,,,Kabupaten/Kota dalam rangka,,2026-09-17 23:10:11.68718+00
465,9,,,,,,,Stabilisasi Pasokan dan Harga,,2026-09-17 23:10:11.68718+00
466,9,,,,,,,Pangan,,2026-09-17 23:10:11.68718+00
467,9,,,,,,Jumlah laporan,2.09.03.2.01 - Penyediaan dan,,2026-09-17 23:10:11.68718+00
468,9,,,,,,pengembangan usaha,Penyaluran Pangan Pokok atau,,2026-09-17 23:10:11.68718+00
469,9,,,,,,pengolahan pangan berbasis,Pangan Lainnya sesuai dengan,,2026-09-17 23:10:11.68718+00
470,9,,,,,,sumber daya lokal (Laporan),Kebutuhan Daerah,,2026-09-17 23:10:11.68718+00
471,9,,,,,,,Kabupaten/Kota dalam rangka,,2026-09-17 23:10:11.68718+00
472,9,,,,,,,Stabilisasi Pasokan dan Harga,,2026-09-17 23:10:11.68718+00
473,9,,,,,,,Pangan,,2026-09-17 23:10:11.68718+00
474,9,,,,,,Pangan Berbasis Sumber,2.09.03.2.01 - Penyediaan dan,,2026-09-17 23:10:11.68718+00
475,9,,,,,,Daya Lokal yang Tersedia,Penyaluran Pangan Pokok atau,,2026-09-17 23:10:11.68718+00
476,9,,,,,,(Laporan),Pangan Lainnya sesuai dengan,,2026-09-17 23:10:11.68718+00
477,9,,,,,,,Kebutuhan Daerah,,2026-09-17 23:10:11.68718+00
478,9,,,,,,,Kabupaten/Kota dalam rangka,,2026-09-17 23:10:11.68718+00
479,9,,,,,,,Stabilisasi Pasokan dan Harga,,2026-09-17 23:10:11.68718+00
480,9,,,,,,,Pangan,,2026-09-17 23:10:11.68718+00
481,9,,,,,,Pangan Berbasis Sumber,2.09.03.2.01.0002 -,,2026-09-17 23:10:11.68718+00
482,9,,,,,,Daya Lokal yang Tersedia,Penyediaan Pangan Berbasis,,2026-09-17 23:10:11.68718+00
483,9,,,,,,(Laporan),Sumber Daya Lokal,,2026-09-17 23:10:11.68718+00
484,9,,,,,,"Jumlah Koordinasi,","2.09.03.2.01.0003 - Koordinasi,",,2026-09-17 23:10:11.68718+00
485,9,,,,,,Sinkronisasi dan Pelaksanaan,Sinkronisasi dan Pelaksanaan,,2026-09-17 23:10:11.68718+00
486,9,,,,,,Distribusi Pangan Pokok dan,Distribusi Pangan Pokok dan,,2026-09-17 23:10:11.68718+00
487,9,,,,,,Pangan Lainnya (Laporan),Pangan Lainnya,,2026-09-17 23:10:11.68718+00
488,9,,,,,,Jumlah Keluarga yang,2.09.03.2.01.0007 -,,2026-09-17 23:10:11.68718+00
489,9,,,,,,Mengikuti Peningkatan,Peningkatan Ketahanan,,2026-09-17 23:10:11.68718+00
490,9,,,,,,Ketahanan Pangan Keluarga,Pangan Keluarga,,2026-09-17 23:10:11.68718+00
491,9,,,,,,(Keluarga),,,2026-09-17 23:10:11.68718+00
492,9,,,,,,Jumlah kegiatan Stabilisasi,2.09.03.2.01.0008 - Stabilisasi,,2026-09-17 23:10:11.68718+00
493,9,,,,,,Pasokan dan Harga Pangan,Pasokan dan Harga Pangan,,2026-09-17 23:10:11.68718+00
494,9,,,,,,Tingkat Produsen dan,Tingkat Produsen dan,,2026-09-17 23:10:11.68718+00
495,9,,,,,,Konsumen di Kabupaten/Kota,Konsumen di Kabupaten/Kota,,2026-09-17 23:10:11.68718+00
496,9,,,,,,(laporan),,,2026-09-17 23:10:11.68718+00
497,9,,,,,,Jumlah laporan,2.09.03.2.01.0009 -,,2026-09-17 23:10:11.68718+00
498,9,,,,,,pengembangan usaha,Pengembangan usaha,,2026-09-17 23:10:11.68718+00
499,9,,,,,,pengolahan pangan berbasis,pengolahan Pangan Berbasis,,2026-09-17 23:10:11.68718+00
500,9,,,,,,sumber daya lokal (Laporan),Sumber Daya Lokal,,2026-09-17 23:10:11.68718+00
501,10,NSPK DAN SASARAN,,,,,,,,2026-09-17 23:10:11.68718+00
502,10,RPJMD YANG RELEVAN,TUJUAN,SASARAN,OUTCOME,OUTPUT,INDIKATOR,,,2026-09-17 23:10:11.68718+00
503,10,,,,,,,PROGRAM / KEGIATAN /,,2026-09-17 23:10:11.68718+00
504,10,,,,,,,SUBKEGIATAN,KETERANGAN,2026-09-17 23:10:11.68718+00
505,10,,,,,,Informasi harga pangan tingkat,2.09.03.2.01.0012 -,,2026-09-17 23:10:11.68718+00
506,10,,,,,,Produsen dan Konsumen,Penyediaan Informasi Harga,,2026-09-17 23:10:11.68718+00
507,10,,,,,,wilayah Kabupaten/Kota,Pangan Tingkat Produsen dan,,2026-09-17 23:10:11.68718+00
508,10,,,,,,(Laporan),Konsumen Wilayah,,2026-09-17 23:10:11.68718+00
509,10,,,,,,,Kabupaten/Kota,,2026-09-17 23:10:11.68718+00
510,10,,,,,,Jumlah koordinasi dan,2.09.03.2.01.0014 - Koordinasi,,2026-09-17 23:10:11.68718+00
511,10,,,,,,sinkronisasi pemantauan stok,dan Sinkronisasi Pemantauan,,2026-09-17 23:10:11.68718+00
512,10,,,,,,"pangan, pasokan pangan dan","Stok, Pasokan dan Harga",,2026-09-17 23:10:11.68718+00
513,10,,,,,,harga pangan Pokok Strategis,Pangan Pokok Strategis,,2026-09-17 23:10:11.68718+00
514,10,,,,,,(Laporan),,,2026-09-17 23:10:11.68718+00
515,10,,,,,,Informasi Neraca Bahan,2.09.03.2.01.0016 -,,2026-09-17 23:10:11.68718+00
516,10,,,,,,Makanan (NBM) (Dokumen),Penyusunan Neraca Bahan,,2026-09-17 23:10:11.68718+00
517,10,,,,,,,Makanan (NBM),,2026-09-17 23:10:11.68718+00
518,10,,,,,,Data Proyeksi Neraca Pangan,2.09.03.2.01.0020 -,,2026-09-17 23:10:11.68718+00
519,10,,,,,,Wilayah Kabupaten/Kota,Penyusunan Proyeksi Neraca,,2026-09-17 23:10:11.68718+00
520,10,,,,,,(Dokumen),Pangan Wilayah,,2026-09-17 23:10:11.68718+00
521,10,,,,,,,Kabupaten/Kota,,2026-09-17 23:10:11.68718+00
522,10,,,,,Terkelolanya Cadangan,Jumlah Cadangan Pangan,2.09.03.2.02 - Pengelolaan dan,,2026-09-17 23:10:11.68718+00
523,10,,,,,Pangan Kabupaten/Kota,Pemerintah Kabupaten/Kota,Keseimbangan Cadangan,,2026-09-17 23:10:11.68718+00
524,10,,,,,,(Ton),Pangan Kabupaten/Kota,,2026-09-17 23:10:11.68718+00
525,10,,,,,,Jumlah penyaluran Cadangan,2.09.03.2.02 - Pengelolaan dan,,2026-09-17 23:10:11.68718+00
526,10,,,,,,Pangan Pemerintah Kab/Kota,Keseimbangan Cadangan,,2026-09-17 23:10:11.68718+00
527,10,,,,,,(Ton),Pangan Kabupaten/Kota,,2026-09-17 23:10:11.68718+00
528,10,,,,,,Jumlah Cadangan Pangan,2.09.03.2.02.0003 - Pengadaan,,2026-09-17 23:10:11.68718+00
529,10,,,,,,Pemerintah Kabupaten/Kota,Cadangan Pangan Pemerintah,,2026-09-17 23:10:11.68718+00
530,10,,,,,,(Ton),Kabupaten/Kota,,2026-09-17 23:10:11.68718+00
531,10,,,,,,Jumlah penyaluran Cadangan,2.09.03.2.02.0005 - Penyaluran,,2026-09-17 23:10:11.68718+00
532,10,,,,,,Pangan Pemerintah Kab/Kota,Cadangan Pangan Pemerintah,,2026-09-17 23:10:11.68718+00
533,10,,,,,,(Ton),Kab/Kota,,2026-09-17 23:10:11.68718+00
534,10,,,,,Terlaksananya Penyusunan,Target Konsumsi Pangan Per,2.09.03.2.04 - Pelaksanaan,,2026-09-17 23:10:11.68718+00
535,10,,,,,dan Penetapan Target,Kapita Per Tahun (Dokumen),Pencapaian Target Konsumsi,,2026-09-17 23:10:11.68718+00
536,10,,,,,Konsumsi Pangan Per Kapita,,Pangan Perkapita/Tahun,,2026-09-17 23:10:11.68718+00
537,10,,,,,Per Tahun,,sesuai dengan Angka,,2026-09-17 23:10:11.68718+00
538,10,,,,,,,Kecukupan Gizi,,2026-09-17 23:10:11.68718+00
539,10,,,,,,Target Konsumsi Pangan Per,2.09.03.2.04.0001 -,,2026-09-17 23:10:11.68718+00
540,10,,,,,,Kapita Per Tahun (Dokumen),Penyusunan dan Penetapan,,2026-09-17 23:10:11.68718+00
541,10,,,,,,,Target Konsumsi Pangan Per,,2026-09-17 23:10:11.68718+00
542,10,,,,,,,Kapita Per Tahun,,2026-09-17 23:10:11.68718+00
543,10,,,,Meningkatnya pengawasan,,Persentase Daerah Rentan,2.09.04 - PROGRAM,,2026-09-17 23:10:11.68718+00
544,10,,,,kerawanan pangan,,Rawan Pangan (%),PENANGANAN KERAWANAN,,2026-09-17 23:10:11.68718+00
545,10,,,,,,,PANGAN,,2026-09-17 23:10:11.68718+00
546,10,,,,,Tersusunnya Peta Kerentanan,Peta dan Analisis Ketahanan,2.09.04.2.01 - Penyusunan,,2026-09-17 23:10:11.68718+00
547,10,,,,,dan Ketahanan Pangan,dan Kerentanan Pangan yang,Peta Kerentanan dan,,2026-09-17 23:10:11.68718+00
548,10,,,,,Kecamatan,Dimutahirkan (Dokumen),Ketahanan Pangan Kecamatan,,2026-09-17 23:10:11.68718+00
549,10,,,,,,Peta dan Analisis Ketahanan,2.09.04.2.01.0001 -,,2026-09-17 23:10:11.68718+00
550,10,,,,,,dan Kerentanan Pangan yang,"Penyusunan, Pemutakhiran",,2026-09-17 23:10:11.68718+00
551,10,,,,,,Dimutahirkan (Dokumen),dan Analisis Peta Ketahanan,,2026-09-17 23:10:11.68718+00
552,10,,,,,,,dan Kerentanan Pangan,,2026-09-17 23:10:11.68718+00
553,10,,,,,Tertanganinya Kerawanan,Jumlah koordinasi dan,2.09.04.2.02 - Penanganan,,2026-09-17 23:10:11.68718+00
554,10,,,,,Pangan Kewenangan,sinkronisasi penanganan,Kerawanan Pangan,,2026-09-17 23:10:11.68718+00
555,10,,,,,Kabupaten/Kota,kerawanan pangan dan gizi,Kewenangan Kabupaten/Kota,,2026-09-17 23:10:11.68718+00
556,10,,,,,,kabupaten/kota (Laporan),,,2026-09-17 23:10:11.68718+00
557,11,NSPK DAN SASARAN,,,,,,,,2026-09-17 23:10:11.68718+00
558,11,RPJMD YANG RELEVAN,TUJUAN,SASARAN,OUTCOME,OUTPUT,INDIKATOR,,,2026-09-17 23:10:11.68718+00
559,11,,,,,,,PROGRAM / KEGIATAN /,,2026-09-17 23:10:11.68718+00
560,11,,,,,,,SUBKEGIATAN,KETERANGAN,2026-09-17 23:10:11.68718+00
561,11,,,,,,"Jumlah Pengadaan,",2.09.04.2.02 - Penanganan,,2026-09-17 23:10:11.68718+00
562,11,,,,,,"Pengelolaan, dan Penyaluran",Kerawanan Pangan,,2026-09-17 23:10:11.68718+00
563,11,,,,,,Cadangan Pangan pada,Kewenangan Kabupaten/Kota,,2026-09-17 23:10:11.68718+00
564,11,,,,,,Kerawanan Pangan yang,,,2026-09-17 23:10:11.68718+00
565,11,,,,,,Mencakup dalam 1 (Satu),,,2026-09-17 23:10:11.68718+00
566,11,,,,,,Daerah Kabupaten/Kota,,,2026-09-17 23:10:11.68718+00
567,11,,,,,,(Dokumen),,,2026-09-17 23:10:11.68718+00
568,11,,,,,,Jumlah Peta Situasi,2.09.04.2.02 - Penanganan,,2026-09-17 23:10:11.68718+00
569,11,,,,,,Kewaspadaan Pangan dan,Kerawanan Pangan,,2026-09-17 23:10:11.68718+00
570,11,,,,,,Gizi Kabupaten/Kota,Kewenangan Kabupaten/Kota,,2026-09-17 23:10:11.68718+00
571,11,,,,,,"(Dokumen) Jumlah Pengadaan,",2.09.04.2.02.0002 -,,2026-09-17 23:10:11.68718+00
572,11,,,,,,"Pengelolaan, dan Penyaluran","Pelaksanaan Pengadaan,",,2026-09-17 23:10:11.68718+00
573,11,,,,,,Cadangan Pangan pada,"Pengelolaan, dan Penyaluran",,2026-09-17 23:10:11.68718+00
574,11,,,,,,Kerawanan Pangan yang,Cadangan Pangan pada,,2026-09-17 23:10:11.68718+00
575,11,,,,,,Mencakup dalam 1 (Satu),Kerawanan Pangan yang,,2026-09-17 23:10:11.68718+00
576,11,,,,,,Daerah Kabupaten/Kota,Mencakup dalam 1 (satu),,2026-09-17 23:10:11.68718+00
577,11,,,,,,(Dokumen),Daerah Kabupaten/Kota,,2026-09-17 23:10:11.68718+00
578,11,,,,,,Jumlah koordinasi dan,2.09.04.2.02.0003 - Koordinasi,,2026-09-17 23:10:11.68718+00
579,11,,,,,,sinkronisasi penanganan,dan Sinkronisasi Penanganan,,2026-09-17 23:10:11.68718+00
580,11,,,,,,kerawanan pangan dan gizi,Kerawanan Pangan dan Gizi,,2026-09-17 23:10:11.68718+00
581,11,,,,,,kabupaten/kota (Laporan),Kabupaten/Kota,,2026-09-17 23:10:11.68718+00
582,11,,,,,,Jumlah Peta Situasi,2.09.04.2.02.0005 -,,2026-09-17 23:10:11.68718+00
583,11,,,,,,Kewaspadaan Pangan dan,Penyusunan Peta Situasi,,2026-09-17 23:10:11.68718+00
584,11,,,,,,Gizi Kabupaten/Kota,Kewaspadaan Pangan dan Gizi,,2026-09-17 23:10:11.68718+00
585,11,,,,,,(Dokumen),Kabupaten/Kota,,2026-09-17 23:10:11.68718+00
586,11,,,,Meningkatnya pengawasan,,Persentase Pangan Segar,2.09.05 - PROGRAM,,2026-09-17 23:10:11.68718+00
587,11,,,,mutu dan keamanan pangan,,yang Memenuhi Persyaratan,PENGAWASAN KEAMANAN,,2026-09-17 23:10:11.68718+00
588,11,,,,,,dan Mutu Keamanan Pangan,PANGAN,,2026-09-17 23:10:11.68718+00
589,11,,,,,,(Persentase),,,2026-09-17 23:10:11.68718+00
590,11,,,,,Terlaksananya Pengawasan,Jumlah pelaksanaan,2.09.05.2.01 - Pelaksanaan,,2026-09-17 23:10:11.68718+00
591,11,,,,,Keamanan Pangan Segar,"koordinasi, dan sinkronisasi",Pengawasan Keamanan,,2026-09-17 23:10:11.68718+00
592,11,,,,,Daerah Kabupaten/Kota,keamanan dan mutu pangan,Pangan Segar Daerah,,2026-09-17 23:10:11.68718+00
593,11,,,,,,segar asal tumbuhan (Laporan),Kabupaten/Kota,,2026-09-17 23:10:11.68718+00
594,11,,,,,,Jumlah Rekomendasi,2.09.05.2.01 - Pelaksanaan,,2026-09-17 23:10:11.68718+00
595,11,,,,,,Perizinan keamanan pangan,Pengawasan Keamanan,,2026-09-17 23:10:11.68718+00
596,11,,,,,,segar asal tumbuhan,Pangan Segar Daerah,,2026-09-17 23:10:11.68718+00
597,11,,,,,,(Dokumen),Kabupaten/Kota,,2026-09-17 23:10:11.68718+00
598,11,,,,,,Jumlah sarana pengujian,2.09.05.2.01 - Pelaksanaan,,2026-09-17 23:10:11.68718+00
599,11,,,,,,keamanan dan mutu pangan,Pengawasan Keamanan,,2026-09-17 23:10:11.68718+00
600,11,,,,,,segar asal tumbuhan daerah,Pangan Segar Daerah,,2026-09-17 23:10:11.68718+00
601,11,,,,,,kabupaten/kota (Dokumen),Kabupaten/Kota,,2026-09-17 23:10:11.68718+00
602,11,,,,,,Jumlah Rekomendasi,2.09.05.2.01.0006 -,,2026-09-17 23:10:11.68718+00
603,11,,,,,,Perizinan keamanan pangan,Rekomendasi Perizinan,,2026-09-17 23:10:11.68718+00
604,11,,,,,,segar asal tumbuhan,keamanan pangan segar asal,,2026-09-17 23:10:11.68718+00
605,11,,,,,,(Dokumen),tumbuhan,,2026-09-17 23:10:11.68718+00
606,11,,,,,,Jumlah sarana pengujian,2.09.05.2.01.0007 -,,2026-09-17 23:10:11.68718+00
607,11,,,,,,keamanan dan mutu pangan,Penyediaan Sarana Pengujian,,2026-09-17 23:10:11.68718+00
608,11,,,,,,segar asal tumbuhan daerah,keamanan dan mutu pangan,,2026-09-17 23:10:11.68718+00
609,11,,,,,,kabupaten/kota (Dokumen),segar asal tumbuhan Daerah,,2026-09-17 23:10:11.68718+00
610,11,,,,,,,Kabupaten/Kota,,2026-09-17 23:10:11.68718+00
611,11,,,,,,Jumlah pelaksanaan,2.09.05.2.01.0008 - Koordinasi,,2026-09-17 23:10:11.68718+00
612,11,,,,,,"koordinasi, dan sinkronisasi",dan sinkronisasi keamanan dan,,2026-09-17 23:10:11.68718+00
613,11,,,,,,keamanan dan mutu pangan,mutu pangan segar asal,,2026-09-17 23:10:11.68718+00
614,11,,,,,,segar asal tumbuhan (Laporan),tumbuhan,,2026-09-17 23:10:11.68718+00
615,12,NSPK DAN SASARAN,,,,,,,,2026-09-17 23:10:11.68718+00
616,12,RPJMD YANG RELEVAN,TUJUAN,SASARAN,OUTCOME,OUTPUT,INDIKATOR,,,2026-09-17 23:10:11.68718+00
617,12,,,,,,,PROGRAM / KEGIATAN /,,2026-09-17 23:10:11.68718+00
618,12,,,,,,,SUBKEGIATAN,KETERANGAN,2026-09-17 23:10:11.68718+00
619,12,,,Peningkatan produksi,,,Jumlah Produksi Perikanan,,,2026-09-17 23:10:11.68718+00
620,12,,,perikanan tangkap dan,,,Tangkap (Ton),,,2026-09-17 23:10:11.68718+00
621,12,,,"budidaya yang berkelanjutan,",,,,,,2026-09-17 23:10:11.68718+00
622,12,,,selaras dengan upaya,,,,,,2026-09-17 23:10:11.68718+00
623,12,,,pelestarian laut dan,,,,,,2026-09-17 23:10:11.68718+00
624,12,,,"keanekaragaman hayati, demi",,,,,,2026-09-17 23:10:11.68718+00
625,12,,,mendorong peningkatan,,,,,,2026-09-17 23:10:11.68718+00
626,12,,,konsumsi ikan di kalangan,,,,,,2026-09-17 23:10:11.68718+00
627,12,,,masyarakat,,,,,,2026-09-17 23:10:11.68718+00
628,12,,,,,,Jumlah Produksi Perikanan,,,2026-09-17 23:10:11.68718+00
629,12,,,,,,Budidaya (Ton),,,2026-09-17 23:10:11.68718+00
630,12,,,,Meningkatnya produksi,,Jumlah Produksi Perikanan,3.25.03 - PROGRAM,,2026-09-17 23:10:11.68718+00
631,12,,,,perikanan tangkap,,Tangkap (Ton),PENGELOLAAN PERIKANAN,,2026-09-17 23:10:11.68718+00
632,12,,,,,,,TANGKAP,,2026-09-17 23:10:11.68718+00
633,12,,,,,Tersedianya Data dan,Jumlah Data dan Informasi,3.25.03.2.01 - Pengelolaan,,2026-09-17 23:10:11.68718+00
634,12,,,,,Informasi Sumber Daya Ikan di,Sumber Daya Ikan di Perairan,Penangkapan Ikan di Wilayah,,2026-09-17 23:10:11.68718+00
635,12,,,,,Perairan Darat dalam Satu,Darat dalam Satu,"Sungai, Danau, Waduk, Rawa,",,2026-09-17 23:10:11.68718+00
636,12,,,,,Kabupaten/Kota,Kabupaten/Kota yang Tersedia,dan Genangan Air Lainnya,,2026-09-17 23:10:11.68718+00
637,12,,,,,,(Dokumen),yang Dapat Diusahakan dalam,,2026-09-17 23:10:11.68718+00
638,12,,,,,,,1 (Satu) Daerah Kabupaten/,,2026-09-17 23:10:11.68718+00
639,12,,,,,,,Kota,,2026-09-17 23:10:11.68718+00
640,12,,,,,,Jumlah Data dan Informasi,3.25.03.2.01.0001 -,,2026-09-17 23:10:11.68718+00
641,12,,,,,,Sumber Daya Ikan di Perairan,Penyediaan Data dan Informasi,,2026-09-17 23:10:11.68718+00
642,12,,,,,,Darat dalam Satu,Sumber Daya Ikan,,2026-09-17 23:10:11.68718+00
643,12,,,,,,Kabupaten/Kota yang Tersedia,,,2026-09-17 23:10:11.68718+00
644,12,,,,,,(Dokumen),,,2026-09-17 23:10:11.68718+00
645,12,,,,,Terlaksananya Pemberdayaan,Jumlah Kelompok Nelayan,3.25.03.2.02 - Pemberdayaan,,2026-09-17 23:10:11.68718+00
646,12,,,,,Nelayan Kecil dalam Daerah,Kecil yang Difasilitasi,Nelayan Kecil dalam Daerah,,2026-09-17 23:10:11.68718+00
647,12,,,,,Kabupaten/Kota,Pembentukan dan,Kabupaten/Kota,,2026-09-17 23:10:11.68718+00
648,12,,,,,,Pengembangan,,,2026-09-17 23:10:11.68718+00
649,12,,,,,,Kelembagaannya (Kelompok),,,2026-09-17 23:10:11.68718+00
650,12,,,,,,Jumlah Nelayan Kecil yang,3.25.03.2.02 - Pemberdayaan,,2026-09-17 23:10:11.68718+00
651,12,,,,,,Meningkat Kapasitasnya,Nelayan Kecil dalam Daerah,,2026-09-17 23:10:11.68718+00
652,12,,,,,,(Orang),Kabupaten/Kota,,2026-09-17 23:10:11.68718+00
653,12,,,,,,Jumlah Sarana dan Prasarana,3.25.03.2.02 - Pemberdayaan,,2026-09-17 23:10:11.68718+00
654,12,,,,,,Pemberdayaan Usaha Nelayan,Nelayan Kecil dalam Daerah,,2026-09-17 23:10:11.68718+00
655,12,,,,,,Skala Kecil (Unit),Kabupaten/Kota,,2026-09-17 23:10:11.68718+00
656,12,,,,,,Jumlah Nelayan Kecil yang,3.25.03.2.02.0001 -,,2026-09-17 23:10:11.68718+00
657,12,,,,,,Meningkat Kapasitasnya,Pengembangan Kapasitas,,2026-09-17 23:10:11.68718+00
658,12,,,,,,(Orang),Nelayan Kecil,,2026-09-17 23:10:11.68718+00
659,12,,,,,,Jumlah Kelompok Nelayan,3.25.03.2.02.0002 -,,2026-09-17 23:10:11.68718+00
660,12,,,,,,Kecil yang Difasilitasi,Pelaksanaan Fasilitasi,,2026-09-17 23:10:11.68718+00
661,12,,,,,,Pembentukan dan,Pembentukan dan,,2026-09-17 23:10:11.68718+00
662,12,,,,,,Pengembangan,Pengembangan Kelembagaan,,2026-09-17 23:10:11.68718+00
663,12,,,,,,Kelembagaannya (Kelompok),Nelayan Kecil,,2026-09-17 23:10:11.68718+00
664,12,,,,,,Jumlah Sarana dan Prasarana,3.25.03.2.02.0004 -,,2026-09-17 23:10:11.68718+00
665,12,,,,,,Pemberdayaan Usaha Nelayan,Penyediaan Sarana dan,,2026-09-17 23:10:11.68718+00
666,12,,,,,,Skala Kecil (Unit),Prasarana Pemberdayaan,,2026-09-17 23:10:11.68718+00
667,12,,,,,,,Usaha Nelayan Skala Kecil,,2026-09-17 23:10:11.68718+00
668,12,,,,Meningkatnya produksi,,Jumlah Produksi Perikanan,3.25.04 - PROGRAM,,2026-09-17 23:10:11.68718+00
669,12,,,,perikanan budidaya,,Hasil Budidaya Ikan Nila (Ton),PENGELOLAAN PERIKANAN,,2026-09-17 23:10:11.68718+00
670,12,,,,,,,BUDIDAYA,,2026-09-17 23:10:11.68718+00
671,12,,,,,,Jumlah Produksi Perikanan,3.25.04 - PROGRAM,,2026-09-17 23:10:11.68718+00
672,12,,,,,,Hasil Budidaya Ikan Lele (Ton),PENGELOLAAN PERIKANAN,,2026-09-17 23:10:11.68718+00
673,12,,,,,,,BUDIDAYA,,2026-09-17 23:10:11.68718+00
674,13,NSPK DAN SASARAN,,,,,,,,2026-09-17 23:10:11.68718+00
675,13,RPJMD YANG RELEVAN,TUJUAN,SASARAN,OUTCOME,OUTPUT,INDIKATOR,,,2026-09-17 23:10:11.68718+00
676,13,,,,,,,PROGRAM / KEGIATAN /,,2026-09-17 23:10:11.68718+00
677,13,,,,,,,SUBKEGIATAN,KETERANGAN,2026-09-17 23:10:11.68718+00
678,13,,,,,Prioritas Daerah Agro Industri,Jumlah Kelompok Pembudi,3.25.04.2.02 - Pemberdayaan,,2026-09-17 23:10:11.68718+00
679,13,,,,,,Daya Ikan Kecil yang Mengikuti,Pembudi Daya Ikan Kecil,,2026-09-17 23:10:11.68718+00
680,13,,,,,,Pengembangan Kapasitas,,,2026-09-17 23:10:11.68718+00
681,13,,,,,,(Kelompok),,,2026-09-17 23:10:11.68718+00
682,13,,,,,,Jumlah Kelompok Pembudi,3.25.04.2.02.0001 -,,2026-09-17 23:10:11.68718+00
683,13,,,,,,Daya Ikan Kecil yang Mengikuti,Pengembangan Kapasitas,,2026-09-17 23:10:11.68718+00
684,13,,,,,,Pengembangan Kapasitas,Pembudi Daya Ikan Kecil,,2026-09-17 23:10:11.68718+00
685,13,,,,,,(Kelompok),,,2026-09-17 23:10:11.68718+00
686,13,,,,,"Tersedianya data, informasi,",Jumlah Data dan Informasi,3.25.04.2.04 - Pengelolaan,,2026-09-17 23:10:11.68718+00
687,13,,,,,dan prasarana pembudidayaan,Pembudidayaan Ikan dalam 1,Pembudidayaan Ikan,,2026-09-17 23:10:11.68718+00
688,13,,,,,ikan di satu daerah,(Satu) Daerah Kabupaten/Kota,,,2026-09-17 23:10:11.68718+00
689,13,,,,,kabupaten/kota,(Dokumen),,,2026-09-17 23:10:11.68718+00
690,13,,,,,,Jumlah Prasarana,3.25.04.2.04 - Pengelolaan,,2026-09-17 23:10:11.68718+00
691,13,,,,,,Pembudidayaan Ikan dalam 1,Pembudidayaan Ikan,,2026-09-17 23:10:11.68718+00
692,13,,,,,,(Satu) Daerah Kabupaten/Kota,,,2026-09-17 23:10:11.68718+00
693,13,,,,,,(Unit),,,2026-09-17 23:10:11.68718+00
694,13,,,,,,Jumlah Data dan Informasi,3.25.04.2.04.0001 -,,2026-09-17 23:10:11.68718+00
695,13,,,,,,Pembudidayaan Ikan dalam 1,Penyediaan Data dan Informasi,,2026-09-17 23:10:11.68718+00
696,13,,,,,,(Satu) Daerah Kabupaten/Kota,Pembudidayaan Ikan dalam 1,,2026-09-17 23:10:11.68718+00
697,13,,,,,,(Dokumen),(Satu) Daerah Kabupaten/Kota,,2026-09-17 23:10:11.68718+00
698,13,,,,,,Jumlah Prasarana,3.25.04.2.04.0002 -,,2026-09-17 23:10:11.68718+00
699,13,,,,,,Pembudidayaan Ikan dalam 1,Penyediaan Prasarana,,2026-09-17 23:10:11.68718+00
700,13,,,,,,(Satu) Daerah Kabupaten/Kota,Pembudidayaan Ikan dalam 1,,2026-09-17 23:10:11.68718+00
701,13,,,,,,(Unit),(Satu) Daerah Kabupaten/Kota,,2026-09-17 23:10:11.68718+00
702,13,,,,Meningkatnya Kelestarian Laut,,Kepatuhan pelaku usaha,3.25.05 - PROGRAM,,2026-09-17 23:10:11.68718+00
703,13,,,,dan Keanekaragaman Hayati,,kelautan dan perikanan (%),PENGAWASAN SUMBER,,2026-09-17 23:10:11.68718+00
704,13,,,,,,,DAYA KELAUTAN DAN,,2026-09-17 23:10:11.68718+00
705,13,,,,,,,PERIKANAN,,2026-09-17 23:10:11.68718+00
706,13,,,,,Terawasinya usaha budidaya,Jumlah pelaku usaha,3.25.05.2.01 - Pengawasan,,2026-09-17 23:10:11.68718+00
707,13,,,,,ikan serta pemasaran dan,pemasaran hasil perikanan,Sumber Daya Perikanan di,,2026-09-17 23:10:11.68718+00
708,13,,,,,pengolahan hasil perikanan,dan/atau usaha pengolahan,"Wilayah Sungai, Danau,",,2026-09-17 23:10:11.68718+00
709,13,,,,,sesuai kewenangan,hasil perikanan sesuai,"Waduk, Rawa, dan Genangan",,2026-09-17 23:10:11.68718+00
710,13,,,,,kabupaten/kota.,kewenangan kabupaten/kota,Air Lainnya yang Dapat,,2026-09-17 23:10:11.68718+00
711,13,,,,,,(Pelaku Usaha),Diusahakan Dalam,,2026-09-17 23:10:11.68718+00
712,13,,,,,,,Kabupaten/Kota,,2026-09-17 23:10:11.68718+00
713,13,,,,,,Jumlah  pelaku usaha,3.25.05.2.01 - Pengawasan,,2026-09-17 23:10:11.68718+00
714,13,,,,,,pembudidayaan ikan yang,Sumber Daya Perikanan di,,2026-09-17 23:10:11.68718+00
715,13,,,,,,diperiksa kepatuhannya sesuai,"Wilayah Sungai, Danau,",,2026-09-17 23:10:11.68718+00
716,13,,,,,,kewenangan kabupaten/kota,"Waduk, Rawa, dan Genangan",,2026-09-17 23:10:11.68718+00
717,13,,,,,,(Pelaku Usaha),Air Lainnya yang Dapat,,2026-09-17 23:10:11.68718+00
718,13,,,,,,,Diusahakan Dalam,,2026-09-17 23:10:11.68718+00
719,13,,,,,,,Kabupaten/Kota,,2026-09-17 23:10:11.68718+00
720,13,,,,,,Jumlah  pelaku usaha,3.25.05.2.01.0004 -,,2026-09-17 23:10:11.68718+00
721,13,,,,,,pembudidayaan ikan yang,Pengawasan usaha,,2026-09-17 23:10:11.68718+00
722,13,,,,,,diperiksa kepatuhannya sesuai,pembudidayaan ikan sesuai,,2026-09-17 23:10:11.68718+00
723,13,,,,,,kewenangan kabupaten/kota,kewenangan kabupaten/kota,,2026-09-17 23:10:11.68718+00
724,13,,,,,,(Pelaku Usaha),,,2026-09-17 23:10:11.68718+00
725,13,,,,,,Jumlah pelaku usaha,3.25.05.2.01.0006 -,,2026-09-17 23:10:11.68718+00
726,13,,,,,,pemasaran hasil perikanan,Pengawasan usaha pemasaran,,2026-09-17 23:10:11.68718+00
727,13,,,,,,dan/atau usaha pengolahan,hasil perikanan dan/atau usaha,,2026-09-17 23:10:11.68718+00
728,13,,,,,,hasil perikanan sesuai,pengolahan hasil perikanan,,2026-09-17 23:10:11.68718+00
729,13,,,,,,kewenangan kabupaten/kota,sesuai kewenangan,,2026-09-17 23:10:11.68718+00
730,13,,,,,,(Pelaku Usaha),kabupaten/kota,,2026-09-17 23:10:11.68718+00
731,14,NSPK DAN SASARAN,,,,,,,,2026-09-17 23:10:11.68718+00
732,14,RPJMD YANG RELEVAN,TUJUAN,SASARAN,OUTCOME,OUTPUT,INDIKATOR,,,2026-09-17 23:10:11.68718+00
733,14,,,,,,,PROGRAM / KEGIATAN /,,2026-09-17 23:10:11.68718+00
734,14,,,,,,,SUBKEGIATAN,KETERANGAN,2026-09-17 23:10:11.68718+00
735,14,,,,Meningkatnya konsumsi ikan,,Angka Konsumsi Ikan,3.25.06 - PROGRAM,,2026-09-17 23:10:11.68718+00
736,14,,,,oleh masyarakat,,(Kg/KAP/TH),PENGOLAHAN DAN,,2026-09-17 23:10:11.68718+00
737,14,,,,,,,PEMASARAN HASIL,,2026-09-17 23:10:11.68718+00
738,14,,,,,,,PERIKANAN,,2026-09-17 23:10:11.68718+00
739,14,,,,,Tersedianya Data dan,Jumlah Data dan Informasi,3.25.06.2.01 - Penerbitan,,2026-09-17 23:10:11.68718+00
740,14,,,,,Informasi Usaha Pemasaran,Usaha Pemasaran dan,Tanda Daftar Usaha,,2026-09-17 23:10:11.68718+00
741,14,,,,,dan Pengolahan Hasil,Pengolahan Hasil Perikanan,Pengolahan Hasil Perikanan,,2026-09-17 23:10:11.68718+00
742,14,,,,,Perikanan berdasarkan skala,berdasarkan skala usaha dan,bagi Usaha Skala Mikro dan,,2026-09-17 23:10:11.68718+00
743,14,,,,,usaha dan risiko,risiko (Dokumen),Kecil,,2026-09-17 23:10:11.68718+00
744,14,,,,,,Jumlah Data dan Informasi,3.25.06.2.01.0005 -,,2026-09-17 23:10:11.68718+00
745,14,,,,,,Usaha Pemasaran dan,Penyediaan Data dan Informasi,,2026-09-17 23:10:11.68718+00
746,14,,,,,,Pengolahan Hasil Perikanan,Usaha Pemasaran dan,,2026-09-17 23:10:11.68718+00
747,14,,,,,,berdasarkan skala usaha dan,Pengolahan Hasil Perikanan,,2026-09-17 23:10:11.68718+00
748,14,,,,,,risiko (Dokumen),dalam 1 (Satu) Daerah,,2026-09-17 23:10:11.68718+00
749,14,,,,,,,Kabupaten/Kota berdasarkan,,2026-09-17 23:10:11.68718+00
750,14,,,,,,,skala usaha dan risiko,,2026-09-17 23:10:11.68718+00
751,14,,,,,Terlaksananya pembinaan,Jumlah Unit Usaha,3.25.06.2.02 - Pembinaan Mutu,,2026-09-17 23:10:11.68718+00
752,14,,,,,terhadap Penerapan,Pengolahan dan Pemasaran,dan Keamanan Hasil Perikanan,,2026-09-17 23:10:11.68718+00
753,14,,,,,Persyaratan Perizinan,Hasil Perikanan yang,bagi Usaha Pengolahan dan,,2026-09-17 23:10:11.68718+00
754,14,,,,,Berusaha Pada Usaha,mendapatkan pembinaan,Pemasaran Skala Mikro dan,,2026-09-17 23:10:11.68718+00
755,14,,,,,Pengolahan dan Pemasaran,terhadap Penerapan,Kecil,,2026-09-17 23:10:11.68718+00
756,14,,,,,Hasil Perikanan sesuai Skala,Persyaratan Perizinan,,,2026-09-17 23:10:11.68718+00
757,14,,,,,Usaha dan Risiko,Berusaha Pada Usaha,,,2026-09-17 23:10:11.68718+00
758,14,,,,,,Pengolahan dan Pemasaran,,,2026-09-17 23:10:11.68718+00
759,14,,,,,,Hasil Perikanan sesuai Skala,,,2026-09-17 23:10:11.68718+00
760,14,,,,,,Usaha dan Risiko (Unit Usaha),,,2026-09-17 23:10:11.68718+00
761,14,,,,,,Jumlah Unit Usaha,3.25.06.2.02.0002 - Pembinaan,,2026-09-17 23:10:11.68718+00
762,14,,,,,,Pengolahan dan Pemasaran,terhadap Penerapan,,2026-09-17 23:10:11.68718+00
763,14,,,,,,Hasil Perikanan yang,Persyaratan Perizinan,,2026-09-17 23:10:11.68718+00
764,14,,,,,,mendapatkan pembinaan,Berusaha Pada Usaha,,2026-09-17 23:10:11.68718+00
765,14,,,,,,terhadap Penerapan,Pengolahan dan Pemasaran,,2026-09-17 23:10:11.68718+00
766,14,,,,,,Persyaratan Perizinan,Hasil Perikanan sesuai Skala,,2026-09-17 23:10:11.68718+00
767,14,,,,,,Berusaha Pada Usaha,Usaha dan Risiko,,2026-09-17 23:10:11.68718+00
768,14,,,,,,Pengolahan dan Pemasaran,,,2026-09-17 23:10:11.68718+00
769,14,,,,,,Hasil Perikanan sesuai Skala,,,2026-09-17 23:10:11.68718+00
770,14,,,,,,Usaha dan Risiko (Unit Usaha),,,2026-09-17 23:10:11.68718+00
771,14,,,,,Meningkatnya ketersediaan,Jumlah Pelaku Usaha,3.25.06.2.03 - Penyediaan dan,,2026-09-17 23:10:11.68718+00
772,14,,,,,ikan dan tersedianya fasilitas,Perikanan Skala Mikro dan,Penyaluran Bahan Baku,,2026-09-17 23:10:11.68718+00
773,14,,,,,bagi pelaku usaha perikanan,Kecil dalam 1 (Satu) Daerah,Industri Pengolahan Ikan dalam,,2026-09-17 23:10:11.68718+00
774,14,,,,,skala mikro dan kecil di satu,Kabupaten/Kota yang,1 (Satu) Daerah Kabupaten/,,2026-09-17 23:10:11.68718+00
775,14,,,,,daerah kabupaten/kota,Terfasilitasi (Pelaku Usaha),Kota,,2026-09-17 23:10:11.68718+00
776,14,,,,,,Jumlah Pelaku Usaha,3.25.06.2.03.0002 - Pemberian,,2026-09-17 23:10:11.68718+00
777,14,,,,,,Perikanan Skala Mikro dan,Fasilitas bagi Pelaku Usaha,,2026-09-17 23:10:11.68718+00
778,14,,,,,,Kecil dalam 1 (Satu) Daerah,Perikanan Skala Mikro dan,,2026-09-17 23:10:11.68718+00
779,14,,,,,,Kabupaten/Kota yang,Kecil dalam 1 (Satu) Daerah,,2026-09-17 23:10:11.68718+00
780,14,,,,,,Terfasilitasi (Pelaku Usaha),Kabupaten/Kota,,2026-09-17 23:10:11.68718+00
781,15,NSPK DAN SASARAN,,,,,,,,2026-09-17 23:10:11.68718+00
782,15,RPJMD YANG RELEVAN,TUJUAN,SASARAN,OUTCOME,OUTPUT,INDIKATOR,,,2026-09-17 23:10:11.68718+00
783,15,,,,,,,PROGRAM / KEGIATAN /,,2026-09-17 23:10:11.68718+00
784,15,,,,,,,SUBKEGIATAN,KETERANGAN,2026-09-17 23:10:11.68718+00
785,15,,,Peningkatan distribusi dan,,,Peningkatan Produksi,,,2026-09-17 23:10:11.68718+00
786,15,,,kualitas sarana pertanian yang,,,Tanaman Pangan (Dokumen),,,2026-09-17 23:10:11.68718+00
787,15,,,didukung oleh penguatan,,,,,,2026-09-17 23:10:11.68718+00
788,15,,,prasarana pertanian serta,,,,,,2026-09-17 23:10:11.68718+00
789,15,,,pengendalian kesehatan,,,,,,2026-09-17 23:10:11.68718+00
790,15,,,hewan dan kesehatan,,,,,,2026-09-17 23:10:11.68718+00
791,15,,,masyarakat veteriner yang,,,,,,2026-09-17 23:10:11.68718+00
792,15,,,"efektif, serta penanggulangan",,,,,,2026-09-17 23:10:11.68718+00
793,15,,,bencana pertanian yang,,,,,,2026-09-17 23:10:11.68718+00
794,15,,,responsif. Upaya ini diiringi,,,,,,2026-09-17 23:10:11.68718+00
795,15,,,dengan kemudahan perizinan,,,,,,2026-09-17 23:10:11.68718+00
796,15,,,usaha pertanian dan,,,,,,2026-09-17 23:10:11.68718+00
797,15,,,peningkatan kapasitas sumber,,,,,,2026-09-17 23:10:11.68718+00
798,15,,,daya manusia di bidang,,,,,,2026-09-17 23:10:11.68718+00
799,15,,,penyuluhan pertanian.,,,,,,2026-09-17 23:10:11.68718+00
800,15,,,,,,Peningkatan Produksi,,,2026-09-17 23:10:11.68718+00
801,15,,,,,,Hortikultura (Dokumen),,,2026-09-17 23:10:11.68718+00
802,15,,,,Meningkatnya distribusi dan,,Jumlah Produksi Melon (Ton),3.27.02 - PROGRAM,,2026-09-17 23:10:11.68718+00
803,15,,,,kualitas sarana pertanian,,,PENYEDIAAN DAN,,2026-09-17 23:10:11.68718+00
804,15,,,,,,,PENGEMBANGAN SARANA,,2026-09-17 23:10:11.68718+00
805,15,,,,,,,PERTANIAN,,2026-09-17 23:10:11.68718+00
806,15,,,,,,Jumlah Produksi Kacang,3.27.02 - PROGRAM,,2026-09-17 23:10:11.68718+00
807,15,,,,,,Tanah (Ton),PENYEDIAAN DAN,,2026-09-17 23:10:11.68718+00
808,15,,,,,,,PENGEMBANGAN SARANA,,2026-09-17 23:10:11.68718+00
809,15,,,,,,,PERTANIAN,,2026-09-17 23:10:11.68718+00
810,15,,,,,,Jumlah Produksi Padi (Ton),3.27.02 - PROGRAM,,2026-09-17 23:10:11.68718+00
811,15,,,,,,,PENYEDIAAN DAN,,2026-09-17 23:10:11.68718+00
812,15,,,,,,,PENGEMBANGAN SARANA,,2026-09-17 23:10:11.68718+00
813,15,,,,,,,PERTANIAN,,2026-09-17 23:10:11.68718+00
814,15,,,,,,Jumlah Produksi Tanaman,3.27.02 - PROGRAM,,2026-09-17 23:10:11.68718+00
815,15,,,,,,Hortikultura jenis bawang,PENYEDIAAN DAN,,2026-09-17 23:10:11.68718+00
816,15,,,,,,merah (Ton),PENGEMBANGAN SARANA,,2026-09-17 23:10:11.68718+00
817,15,,,,,,,PERTANIAN,,2026-09-17 23:10:11.68718+00
818,15,,,,,,Jumlah Produksi Jagung (Ton),3.27.02 - PROGRAM,,2026-09-17 23:10:11.68718+00
819,15,,,,,,,PENYEDIAAN DAN,,2026-09-17 23:10:11.68718+00
820,15,,,,,,,PENGEMBANGAN SARANA,,2026-09-17 23:10:11.68718+00
821,15,,,,,,,PERTANIAN,,2026-09-17 23:10:11.68718+00
822,15,,,,,,Jumlah Produksi Tanaman,3.27.02 - PROGRAM,,2026-09-17 23:10:11.68718+00
823,15,,,,,,Hortikultura Jenis Cabai (Ton),PENYEDIAAN DAN,,2026-09-17 23:10:11.68718+00
824,15,,,,,,,PENGEMBANGAN SARANA,,2026-09-17 23:10:11.68718+00
825,15,,,,,,,PERTANIAN,,2026-09-17 23:10:11.68718+00
826,15,,,,,,Peningkatan Produksi,3.27.02 - PROGRAM,,2026-09-17 23:10:11.68718+00
827,15,,,,,,Komoditas Peternakan,PENYEDIAAN DAN,,2026-09-17 23:10:11.68718+00
828,15,,,,,,(Persentase),PENGEMBANGAN SARANA,,2026-09-17 23:10:11.68718+00
829,15,,,,,,,PERTANIAN,,2026-09-17 23:10:11.68718+00
830,15,,,,,Terlaksananya pengawasan,Jumlah benih bersertifikat,3.27.02.2.01 - Pengawasan,,2026-09-17 23:10:11.68718+00
831,15,,,,,dan pendampingan,tanaman pangan berbentuk,Penggunaan Sarana Pertanian,,2026-09-17 23:10:11.68718+00
832,15,,,,,penggunaan sarana,biji/benih yang diperbanyak,,,2026-09-17 23:10:11.68718+00
833,15,,,,,"pendukung pertanian,",(Ton),,,2026-09-17 23:10:11.68718+00
834,15,,,,,termasuk ketersediaan benih,,,,2026-09-17 23:10:11.68718+00
835,15,,,,,bersertifikat dan sarana,,,,2026-09-17 23:10:11.68718+00
836,15,,,,,"pascapanen sesuai komoditas,",,,,2026-09-17 23:10:11.68718+00
837,15,,,,,"teknologi, dan spesifik lokasi",,,,2026-09-17 23:10:11.68718+00
838,16,NSPK DAN SASARAN,,,,,,,,2026-09-17 23:10:11.68718+00
839,16,RPJMD YANG RELEVAN,TUJUAN,SASARAN,OUTCOME,OUTPUT,INDIKATOR,,,2026-09-17 23:10:11.68718+00
840,16,,,,,,,PROGRAM / KEGIATAN /,,2026-09-17 23:10:11.68718+00
841,16,,,,,,,SUBKEGIATAN,KETERANGAN,2026-09-17 23:10:11.68718+00
842,16,,,,,,Jumlah Pendampingan,3.27.02.2.01 - Pengawasan,,2026-09-17 23:10:11.68718+00
843,16,,,,,,Penggunaan Sarana,Penggunaan Sarana Pertanian,,2026-09-17 23:10:11.68718+00
844,16,,,,,,Pendukung Pertanian,,,2026-09-17 23:10:11.68718+00
845,16,,,,,,(Laporan),,,2026-09-17 23:10:11.68718+00
846,16,,,,,,Jumlah Pengawasan,3.27.02.2.01 - Pengawasan,,2026-09-17 23:10:11.68718+00
847,16,,,,,,Penggunaan Sarana,Penggunaan Sarana Pertanian,,2026-09-17 23:10:11.68718+00
848,16,,,,,,Pendukung Pertanian Sesuai,,,2026-09-17 23:10:11.68718+00
849,16,,,,,,"dengan Komoditas, Teknologi",,,2026-09-17 23:10:11.68718+00
850,16,,,,,,dan Spesifik Lokasi (Laporan),,,2026-09-17 23:10:11.68718+00
851,16,,,,,,Jumlah Pengawasan,3.27.02.2.01.0001 -,,2026-09-17 23:10:11.68718+00
852,16,,,,,,Penggunaan Sarana,Pengawasan Penggunaan,,2026-09-17 23:10:11.68718+00
853,16,,,,,,Pendukung Pertanian Sesuai,Sarana Pendukung Pertanian,,2026-09-17 23:10:11.68718+00
854,16,,,,,,"dengan Komoditas, Teknologi","Sesuai dengan Komoditas,",,2026-09-17 23:10:11.68718+00
855,16,,,,,,dan Spesifik Lokasi (Laporan),Teknologi dan Spesifik Lokasi,,2026-09-17 23:10:11.68718+00
856,16,,,,,,Jumlah Pendampingan,3.27.02.2.01.0002 -,,2026-09-17 23:10:11.68718+00
857,16,,,,,,Penggunaan Sarana,Pendampingan Penggunaan,,2026-09-17 23:10:11.68718+00
858,16,,,,,,Pendukung Pertanian,Sarana Pendukung Pertanian,,2026-09-17 23:10:11.68718+00
859,16,,,,,,(Laporan),,,2026-09-17 23:10:11.68718+00
860,16,,,,,,Jumlah benih bersertifikat,3.27.02.2.01.0003 -,,2026-09-17 23:10:11.68718+00
861,16,,,,,,tanaman pangan berbentuk,Perbanyakan Benih,,2026-09-17 23:10:11.68718+00
862,16,,,,,,biji/benih yang diperbanyak,Bersertifikat Tanaman Pangan,,2026-09-17 23:10:11.68718+00
863,16,,,,,,(Ton),Berbentuk Biji/Benih,,2026-09-17 23:10:11.68718+00
864,16,,,,,Penyelenggaraan Pasar Tani,Jumlah pengawasan,3.27.02.2.01 - Pengawasan,,2026-09-17 23:10:11.68718+00
865,16,,,,,(Prioritas Daerah),penggunaan sarana,Penggunaan Sarana Pertanian,,2026-09-17 23:10:11.68718+00
866,16,,,,,,pascapanen hortikultura,,,2026-09-17 23:10:11.68718+00
867,16,,,,,,(Laporan),,,2026-09-17 23:10:11.68718+00
868,16,,,,,,Jumlah pengawasan,3.27.02.2.01.0016 -,,2026-09-17 23:10:11.68718+00
869,16,,,,,,penggunaan sarana,Pengawasan Penggunaan,,2026-09-17 23:10:11.68718+00
870,16,,,,,,pascapanen hortikultura,Sarana Pascapanen,,2026-09-17 23:10:11.68718+00
871,16,,,,,,(Laporan),Hortikultura,,2026-09-17 23:10:11.68718+00
872,16,,,,,Meningkatnya kualitas dan,Jumlah Pelaksanaan,3.27.02.2.02 - Pengelolaan,,2026-09-17 23:10:11.68718+00
873,16,,,,,pemanfaatan SDG,Peningkatan Kualitas SDG,Sumber Daya Genetik (SDG),,2026-09-17 23:10:11.68718+00
874,16,,,,,Hewan/Tanaman,Hewan/Tanaman (Dokumen),"Hewan, Tumbuhan, dan Mikro",,2026-09-17 23:10:11.68718+00
875,16,,,,,,,Organisme Kewenangan,,2026-09-17 23:10:11.68718+00
876,16,,,,,,,Kabupaten/Kota,,2026-09-17 23:10:11.68718+00
877,16,,,,,,Jumlah Pelaksanaan,3.27.02.2.02.0002 -,,2026-09-17 23:10:11.68718+00
878,16,,,,,,Peningkatan Kualitas SDG,Peningkatan Kualitas SDG,,2026-09-17 23:10:11.68718+00
879,16,,,,,,Hewan/Tanaman (Dokumen),Hewan/Tanaman,,2026-09-17 23:10:11.68718+00
880,16,,,,,Pengembangan Kawasan,Jumlah Pemanfaatan SDG,3.27.02.2.02 - Pengelolaan,,2026-09-17 23:10:11.68718+00
881,16,,,,,Agroindustri (Prioritas Daerah),Hewan/Tanaman (Dokumen),Sumber Daya Genetik (SDG),,2026-09-17 23:10:11.68718+00
882,16,,,,,,,"Hewan, Tumbuhan, dan Mikro",,2026-09-17 23:10:11.68718+00
883,16,,,,,,,Organisme Kewenangan,,2026-09-17 23:10:11.68718+00
884,16,,,,,,,Kabupaten/Kota,,2026-09-17 23:10:11.68718+00
885,16,,,,,,Jumlah Pemanfaatan SDG,3.27.02.2.02.0003 -,,2026-09-17 23:10:11.68718+00
886,16,,,,,,Hewan/Tanaman (Dokumen),Pemanfaatan SDG,,2026-09-17 23:10:11.68718+00
887,16,,,,,,,Hewan/Tanaman,,2026-09-17 23:10:11.68718+00
888,16,,,,,Terawasinya Mutu Benih/Bibit,Jumlah Pengawasan Mutu,3.27.02.2.03 - Peningkatan,,2026-09-17 23:10:11.68718+00
889,16,,,,,"Ternak, Bahan","Benih/Bibit Ternak, Bahan",Mutu dan Peredaran,,2026-09-17 23:10:11.68718+00
890,16,,,,,Pakan/Pakan/Tanaman Skala,Pakan/Pakan/Tanaman Skala,Benih/Bibit Ternak dan,,2026-09-17 23:10:11.68718+00
891,16,,,,,Kecil,Kecil (Laporan),Tanaman Pakan Ternak serta,,2026-09-17 23:10:11.68718+00
892,16,,,,,,,Pakan dalam Daerah,,2026-09-17 23:10:11.68718+00
893,16,,,,,,,Kabupaten/Kota,,2026-09-17 23:10:11.68718+00
894,17,NSPK DAN SASARAN,,,,,,,,2026-09-17 23:10:11.68718+00
895,17,RPJMD YANG RELEVAN,TUJUAN,SASARAN,OUTCOME,OUTPUT,INDIKATOR,,,2026-09-17 23:10:11.68718+00
896,17,,,,,,,PROGRAM / KEGIATAN /,,2026-09-17 23:10:11.68718+00
897,17,,,,,,,SUBKEGIATAN,KETERANGAN,2026-09-17 23:10:11.68718+00
898,17,,,,,,Jumlah Pengawasan Mutu,3.27.02.2.03.0001 -,,2026-09-17 23:10:11.68718+00
899,17,,,,,,"Benih/Bibit Ternak, Bahan",Pengawasan Mutu Benih/Bibit,,2026-09-17 23:10:11.68718+00
900,17,,,,,,Pakan/Pakan/Tanaman Skala,"Ternak, Bahan",,2026-09-17 23:10:11.68718+00
901,17,,,,,,Kecil (Laporan),Pakan/Pakan/Tanaman Skala,,2026-09-17 23:10:11.68718+00
902,17,,,,,,,Kecil,,2026-09-17 23:10:11.68718+00
903,17,,,,,"Terperiksanya Mutu, Khasiat","Jumlah Pemeriksaan Mutu,",3.27.02.2.04 - Pengawasan,,2026-09-17 23:10:11.68718+00
904,17,,,,,dan Keamanan Obat Hewan,Khasiat dan Keamanan Obat,Obat Hewan di Tingkat,,2026-09-17 23:10:11.68718+00
905,17,,,,,,Hewan yang Beredar,Pengecer,,2026-09-17 23:10:11.68718+00
906,17,,,,,,"(Laporan) Jumlah Pemeriksaan Mutu,",3.27.02.2.04.0001 -,,2026-09-17 23:10:11.68718+00
907,17,,,,,,Khasiat dan Keamanan Obat,"Pemeriksaan Mutu, Khasiat",,2026-09-17 23:10:11.68718+00
908,17,,,,,,Hewan yang Beredar,dan Keamanan Peredaran,,2026-09-17 23:10:11.68718+00
909,17,,,,,,(Laporan),Obat Hewan,,2026-09-17 23:10:11.68718+00
910,17,,,,,"Tersedianya hijauan pakan,",Jumlah benih ternak yang,3.27.02.2.06 - Penyediaan,,2026-09-17 23:10:11.68718+00
911,17,,,,,"bibit, dan benih ternak dari",sumbernya dari daerah,Benih/Bibit Ternak dan Hijauan,,2026-09-17 23:10:11.68718+00
912,17,,,,,daerah kabupaten/kota lain,kabupaten/kota lain (Dosis),Pakan Ternak yang Sumbernya,,2026-09-17 23:10:11.68718+00
913,17,,,,,,,dalam 1 (Satu) Daerah,,2026-09-17 23:10:11.68718+00
914,17,,,,,,,Kabupaten/Kota Lain,,2026-09-17 23:10:11.68718+00
915,17,,,,,,Jumlah bibit ternak yang,3.27.02.2.06 - Penyediaan,,2026-09-17 23:10:11.68718+00
916,17,,,,,,sumbernya dari daerah,Benih/Bibit Ternak dan Hijauan,,2026-09-17 23:10:11.68718+00
917,17,,,,,,kabupaten/kota lain (Ekor),Pakan Ternak yang Sumbernya,,2026-09-17 23:10:11.68718+00
918,17,,,,,,,dalam 1 (Satu) Daerah,,2026-09-17 23:10:11.68718+00
919,17,,,,,,,Kabupaten/Kota Lain,,2026-09-17 23:10:11.68718+00
920,17,,,,,,Jumlah Hijauan Pakan Ternak,3.27.02.2.06 - Penyediaan,,2026-09-17 23:10:11.68718+00
921,17,,,,,,yang Sumbernya dari Daerah,Benih/Bibit Ternak dan Hijauan,,2026-09-17 23:10:11.68718+00
922,17,,,,,,Kabupaten/Kota Lain (Ton),Pakan Ternak yang Sumbernya,,2026-09-17 23:10:11.68718+00
923,17,,,,,,,dalam 1 (Satu) Daerah,,2026-09-17 23:10:11.68718+00
924,17,,,,,,,Kabupaten/Kota Lain,,2026-09-17 23:10:11.68718+00
925,17,,,,,,Jumlah Hijauan Pakan Ternak,3.27.02.2.06.0002 - Pengadaan,,2026-09-17 23:10:11.68718+00
926,17,,,,,,yang Sumbernya dari Daerah,Hijauan Pakan Ternak yang,,2026-09-17 23:10:11.68718+00
927,17,,,,,,Kabupaten/Kota Lain (Ton),Sumbernya dari Daerah,,2026-09-17 23:10:11.68718+00
928,17,,,,,,,Kabupaten/Kota Lain,,2026-09-17 23:10:11.68718+00
929,17,,,,,,Jumlah bibit ternak yang,3.27.02.2.06.0003 - Pengadaan,,2026-09-17 23:10:11.68718+00
930,17,,,,,,sumbernya dari daerah,Bibit Ternak yang Sumbernya,,2026-09-17 23:10:11.68718+00
931,17,,,,,,kabupaten/kota lain (Ekor),dari Daerah Kabupaten/Kota,,2026-09-17 23:10:11.68718+00
932,17,,,,,,,Lain,,2026-09-17 23:10:11.68718+00
933,17,,,,,,Jumlah benih ternak yang,3.27.02.2.06.0004 - Pengadaan,,2026-09-17 23:10:11.68718+00
934,17,,,,,,sumbernya dari daerah,Benih Ternak yang Sumbernya,,2026-09-17 23:10:11.68718+00
935,17,,,,,,kabupaten/kota lain (Dosis),dari Daerah Kabupaten/Kota,,2026-09-17 23:10:11.68718+00
936,17,,,,,,,Lain,,2026-09-17 23:10:11.68718+00
937,17,,,,Meningkatnya distribusi dan,,Cakupan Luas Lahan,3.27.03 - PROGRAM,,2026-09-17 23:10:11.68718+00
938,17,,,,kualitas prasarana pertanian,,Pertanian yang Ditetapkan,PENYEDIAAN DAN,,2026-09-17 23:10:11.68718+00
939,17,,,,,,Menjadi LP2B (Ha),PENGEMBANGAN,,2026-09-17 23:10:11.68718+00
940,17,,,,,,,PRASARANA PERTANIAN,,2026-09-17 23:10:11.68718+00
941,17,,,,,Terlaksananya koordinasi,Jumlah Koordinasi dan,3.27.03.2.01 - Pengembangan,,2026-09-17 23:10:11.68718+00
942,17,,,,,"prasarana pertanian,",Sinkronisasi Prasarana,Prasarana Pertanian,,2026-09-17 23:10:11.68718+00
943,17,,,,,pengelolaan kawasan dan,Pendukung Pertanian Lainnya,,,2026-09-17 23:10:11.68718+00
944,17,,,,,lahan pertanian pangan,(Laporan),,,2026-09-17 23:10:11.68718+00
945,17,,,,,berkelanjutan di,,,,2026-09-17 23:10:11.68718+00
946,17,,,,,kabupaten/kota,,,,2026-09-17 23:10:11.68718+00
947,18,NSPK DAN SASARAN,,,,,,,,2026-09-17 23:10:11.68718+00
948,18,RPJMD YANG RELEVAN,TUJUAN,SASARAN,OUTCOME,OUTPUT,INDIKATOR,,,2026-09-17 23:10:11.68718+00
949,18,,,,,,,PROGRAM / KEGIATAN /,,2026-09-17 23:10:11.68718+00
950,18,,,,,,,SUBKEGIATAN,KETERANGAN,2026-09-17 23:10:11.68718+00
951,18,,,,,,Lahan Pertanian Pangan,3.27.03.2.01 - Pengembangan,,2026-09-17 23:10:11.68718+00
952,18,,,,,,"Berkelanjutan/LP2B, Kawasan",Prasarana Pertanian,,2026-09-17 23:10:11.68718+00
953,18,,,,,,Pertanian Pangan,,,2026-09-17 23:10:11.68718+00
954,18,,,,,,Berkelanjutan/KP2B dan Lahan,,,2026-09-17 23:10:11.68718+00
955,18,,,,,,Cadangan Pertanian Pangan,,,2026-09-17 23:10:11.68718+00
956,18,,,,,,Berkelanjutan/LCP2B yang,,,2026-09-17 23:10:11.68718+00
957,18,,,,,,dikelola (Dokumen),,,2026-09-17 23:10:11.68718+00
958,18,,,,,,Luas kawasan pertanian  yang,3.27.03.2.01 - Pengembangan,,2026-09-17 23:10:11.68718+00
959,18,,,,,,termanfaatkan (Ha),Prasarana Pertanian,,2026-09-17 23:10:11.68718+00
960,18,,,,,,Peta Lahan Pertanian Pangan,3.27.03.2.01 - Pengembangan,,2026-09-17 23:10:11.68718+00
961,18,,,,,,Berkelanjutan/LP2B,Prasarana Pertanian,,2026-09-17 23:10:11.68718+00
962,18,,,,,,(Dokumen) Jumlah Koordinasi dan,3.27.03.2.01.0003 - Koordinasi,,2026-09-17 23:10:11.68718+00
963,18,,,,,,Sinkronisasi Prasarana,dan Sinkronisasi Prasarana,,2026-09-17 23:10:11.68718+00
964,18,,,,,,Pendukung Pertanian Lainnya,Pendukung Pertanian Lainnya,,2026-09-17 23:10:11.68718+00
965,18,,,,,,(Laporan),,,2026-09-17 23:10:11.68718+00
966,18,,,,,,Luas kawasan pertanian  yang,3.27.03.2.01.0005 -,,2026-09-17 23:10:11.68718+00
967,18,,,,,,termanfaatkan (Ha),Pengendalian dan,,2026-09-17 23:10:11.68718+00
968,18,,,,,,,Pemanfaatan Kawasan,,2026-09-17 23:10:11.68718+00
969,18,,,,,,,Pertanian,,2026-09-17 23:10:11.68718+00
970,18,,,,,,Lahan Pertanian Pangan,3.27.03.2.01.0015 -,,2026-09-17 23:10:11.68718+00
971,18,,,,,,"Berkelanjutan/LP2B, Kawasan",Pengelolaan Lahan Pertanian,,2026-09-17 23:10:11.68718+00
972,18,,,,,,Pertanian Pangan,"Pangan Berkelanjutan/LP2B,",,2026-09-17 23:10:11.68718+00
973,18,,,,,,Berkelanjutan/KP2B dan Lahan,Kawasan Pertanian Pangan,,2026-09-17 23:10:11.68718+00
974,18,,,,,,Cadangan Pertanian Pangan,Berkelanjutan/KP2B dan Lahan,,2026-09-17 23:10:11.68718+00
975,18,,,,,,Berkelanjutan/LCP2B yang,Cadangan Pertanian Pangan,,2026-09-17 23:10:11.68718+00
976,18,,,,,,dikelola (Dokumen),Berkelanjutan/LCP2B di,,2026-09-17 23:10:11.68718+00
977,18,,,,,,,Kabupaten/Kota,,2026-09-17 23:10:11.68718+00
978,18,,,,,,Peta Lahan Pertanian Pangan,3.27.03.2.01.0016 -,,2026-09-17 23:10:11.68718+00
979,18,,,,,,Berkelanjutan/LP2B,"Penyusunan Peta Kawasan,",,2026-09-17 23:10:11.68718+00
980,18,,,,,,(Dokumen),Lahan dan Lahan Cadangan,,2026-09-17 23:10:11.68718+00
981,18,,,,,,,Pertanian Pangan,,2026-09-17 23:10:11.68718+00
982,18,,,,,,,Berkelanjutan di,,2026-09-17 23:10:11.68718+00
983,18,,,,,,,Kabupaten/Kota,,2026-09-17 23:10:11.68718+00
984,18,,,,Meningkatnya pengendalian,,Tingkat Pengendalian Penyakit,3.27.04 - PROGRAM,,2026-09-17 23:10:11.68718+00
985,18,,,,kesehatan hewan dan,,Hewan Menular Strategis,PENGENDALIAN,,2026-09-17 23:10:11.68718+00
986,18,,,,kesehatan masyarakat,,(PHMS) (Dokumen),KESEHATAN HEWAN DAN,,2026-09-17 23:10:11.68718+00
987,18,,,,veteriner,,,KESEHATAN MASYARAKAT,,2026-09-17 23:10:11.68718+00
988,18,,,,,,,VETERINER,,2026-09-17 23:10:11.68718+00
989,18,,,,,,Persentase Unit Usaha,3.27.04 - PROGRAM,,2026-09-17 23:10:11.68718+00
990,18,,,,,,Pangan Asal Hewan yang,PENGENDALIAN,,2026-09-17 23:10:11.68718+00
991,18,,,,,,Memiliki Sertifikat Pra NKV,KESEHATAN HEWAN DAN,,2026-09-17 23:10:11.68718+00
992,18,,,,,,atau NKV (Nomor Kontrol,KESEHATAN MASYARAKAT,,2026-09-17 23:10:11.68718+00
993,18,,,,,,Veteriner) (),VETERINER,,2026-09-17 23:10:11.68718+00
994,18,,,,,"Terbentuknya kader zoonosis,",Jumlah kader zoonosis (Orang),3.27.04.2.01 - Penjaminan,,2026-09-17 23:10:11.68718+00
995,18,,,,,terlaksananya surveilans dan,,"Kesehatan Hewan, Penutupan",,2026-09-17 23:10:11.68718+00
996,18,,,,,"manajemen risiko, serta",,dan Pembukaan Daerah,,2026-09-17 23:10:11.68718+00
997,18,,,,,menurunnya kasus penyakit,,Wabah Penyakit Hewan,,2026-09-17 23:10:11.68718+00
998,18,,,,,hewan menular dan zoonosis,,Menular Dalam daerah,,2026-09-17 23:10:11.68718+00
999,18,,,,,di kabupaten/kota.,,Kabupaten/Kota,,2026-09-17 23:10:11.68718+00
1000,18,,,,,,Jumlah wilayah atau kawasan,3.27.04.2.01 - Penjaminan,,2026-09-17 23:10:11.68718+00
1001,18,,,,,,yang mengalami penurunan,"Kesehatan Hewan, Penutupan",,2026-09-17 23:10:11.68718+00
1002,18,,,,,,kasus penyakit hewan,dan Pembukaan Daerah,,2026-09-17 23:10:11.68718+00
1003,18,,,,,,menular dan zoonosis dalam 1,Wabah Penyakit Hewan,,2026-09-17 23:10:11.68718+00
1004,18,,,,,,(satu) Daerah Kabupaten/kota,Menular Dalam daerah,,2026-09-17 23:10:11.68718+00
1005,18,,,,,,(Laporan),Kabupaten/Kota,,2026-09-17 23:10:11.68718+00
1006,19,NSPK DAN SASARAN,,,,,,,,2026-09-17 23:10:11.68718+00
1007,19,RPJMD YANG RELEVAN,TUJUAN,SASARAN,OUTCOME,OUTPUT,INDIKATOR,,,2026-09-17 23:10:11.68718+00
1008,19,,,,,,,PROGRAM / KEGIATAN /,,2026-09-17 23:10:11.68718+00
1009,19,,,,,,,SUBKEGIATAN,KETERANGAN,2026-09-17 23:10:11.68718+00
1010,19,,,,,,Jumlah kader zoonosis (Orang),3.27.04.2.01.0004 -,,2026-09-17 23:10:11.68718+00
1011,19,,,,,,,Pemberdayaan Masyarakat,,2026-09-17 23:10:11.68718+00
1012,19,,,,,,,dalam Pengendalian Zoonosis,,2026-09-17 23:10:11.68718+00
1013,19,,,,,,Jumlah wilayah atau kawasan,3.27.04.2.01.0008 -,,2026-09-17 23:10:11.68718+00
1014,19,,,,,,yang mengalami penurunan,Pemberantasan Penyakit,,2026-09-17 23:10:11.68718+00
1015,19,,,,,,kasus penyakit hewan,Hewan Menular dan Zoonosis,,2026-09-17 23:10:11.68718+00
1016,19,,,,,,menular dan zoonosis dalam 1,dalam 1 (satu) Daerah,,2026-09-17 23:10:11.68718+00
1017,19,,,,,,(satu) Daerah Kabupaten/kota,Kabupaten/Kota,,2026-09-17 23:10:11.68718+00
1018,19,,,,,,(Laporan),,,2026-09-17 23:10:11.68718+00
1019,19,,,,,Terlaksananya Pengujian,Jumlah Pengujian,3.27.04.2.04 - Penerapan dan,,2026-09-17 23:10:11.68718+00
1020,19,,,,,Laboratorium Kesehatan,Laboratorium Kesehatan,Pengawasan Persyaratan,,2026-09-17 23:10:11.68718+00
1021,19,,,,,Masyarakat Veteriner,Masyarakat Veteriner,Teknis Kesehatan Masyarakat,,2026-09-17 23:10:11.68718+00
1022,19,,,,,,(Dokumen),Veteriner,,2026-09-17 23:10:11.68718+00
1023,19,,,,,,Jumlah Pengujian,3.27.04.2.04.0004 - Pengujian,,2026-09-17 23:10:11.68718+00
1024,19,,,,,,Laboratorium Kesehatan,Laboratorium Kesehatan,,2026-09-17 23:10:11.68718+00
1025,19,,,,,,Masyarakat Veteriner,Masyarakat Veteriner,,2026-09-17 23:10:11.68718+00
1026,19,,,,,,(Dokumen),,,2026-09-17 23:10:11.68718+00
1027,19,,,,Meningkatnya pengendalian,,Persentase Penanganan,3.27.05 - PROGRAM,,2026-09-17 23:10:11.68718+00
1028,19,,,,dan penanggulangan bencana,,Bencana Pertanian (),PENGENDALIAN DAN,,2026-09-17 23:10:11.68718+00
1029,19,,,,pertanian,,,PENANGGULANGAN,,2026-09-17 23:10:11.68718+00
1030,19,,,,,,,BENCANA PERTANIAN,,2026-09-17 23:10:11.68718+00
1031,19,,,,,,Persentase Penanganan,3.27.05 - PROGRAM,,2026-09-17 23:10:11.68718+00
1032,19,,,,,,Dampak Perubahan Iklim,PENGENDALIAN DAN,,2026-09-17 23:10:11.68718+00
1033,19,,,,,,Terhadap Pertanian (),PENANGGULANGAN,,2026-09-17 23:10:11.68718+00
1034,19,,,,,,,BENCANA PERTANIAN,,2026-09-17 23:10:11.68718+00
1035,19,,,,,"Terkendalinya OPT, dampak",Jumlah Area Terdampak,3.27.05.2.01 - Pengendalian,,2026-09-17 23:10:11.68718+00
1036,19,,,,,"perubahan iklim, dan bencana",Perubahan Iklim (DPI),dan Penanggulangan Bencana,,2026-09-17 23:10:11.68718+00
1037,19,,,,,non-alam zoonosis serta,"Tanaman Pangan, Hortikultura,",Pertanian Kabupaten/Kota,,2026-09-17 23:10:11.68718+00
1038,19,,,,,terlaksananya penanggulangan,dan Perkebunan yang,,,2026-09-17 23:10:11.68718+00
1039,19,,,,,bencana alam di bidang,Ditangani (Ha),,,2026-09-17 23:10:11.68718+00
1040,19,,,,,peternakan dan kesehatan,,,,2026-09-17 23:10:11.68718+00
1041,19,,,,,hewan.,,,,2026-09-17 23:10:11.68718+00
1042,19,,,,,,Jumlah kegiatan,3.27.05.2.01 - Pengendalian,,2026-09-17 23:10:11.68718+00
1043,19,,,,,,Penanggulangan  Bencana,dan Penanggulangan Bencana,,2026-09-17 23:10:11.68718+00
1044,19,,,,,,Alam Bidang Peternakan dan,Pertanian Kabupaten/Kota,,2026-09-17 23:10:11.68718+00
1045,19,,,,,,Kesehatan Hewan (laporan),,,2026-09-17 23:10:11.68718+00
1046,19,,,,,,Jumlah Luas Serangan,3.27.05.2.01 - Pengendalian,,2026-09-17 23:10:11.68718+00
1047,19,,,,,,Organisme Pengganggu,dan Penanggulangan Bencana,,2026-09-17 23:10:11.68718+00
1048,19,,,,,,Tumbuhan (OPT) Tanaman,Pertanian Kabupaten/Kota,,2026-09-17 23:10:11.68718+00
1049,19,,,,,,"Pangan, Hortikultura, dan",,,2026-09-17 23:10:11.68718+00
1050,19,,,,,,Perkebunan yang Dikendalikan,,,2026-09-17 23:10:11.68718+00
1051,19,,,,,,(Ha),,,2026-09-17 23:10:11.68718+00
1052,19,,,,,,Jumlah Wilayah,3.27.05.2.01 - Pengendalian,,2026-09-17 23:10:11.68718+00
1053,19,,,,,,Penanggulangan Bencana Non,dan Penanggulangan Bencana,,2026-09-17 23:10:11.68718+00
1054,19,,,,,,Alam yang Bersifat Zoonosis,Pertanian Kabupaten/Kota,,2026-09-17 23:10:11.68718+00
1055,19,,,,,,(laporan),,,2026-09-17 23:10:11.68718+00
1056,19,,,,,,Jumlah Luas Serangan,3.27.05.2.01.0001 -,,2026-09-17 23:10:11.68718+00
1057,19,,,,,,Organisme Pengganggu,Pengendalian Organisme,,2026-09-17 23:10:11.68718+00
1058,19,,,,,,Tumbuhan (OPT) Tanaman,Pengganggu Tumbuhan (OPT),,2026-09-17 23:10:11.68718+00
1059,19,,,,,,"Pangan, Hortikultura, dan","Tanaman Pangan, Hortikultura,",,2026-09-17 23:10:11.68718+00
1060,19,,,,,,Perkebunan yang Dikendalikan,dan Perkebunan,,2026-09-17 23:10:11.68718+00
1061,19,,,,,,(Ha),,,2026-09-17 23:10:11.68718+00
1062,20,NSPK DAN SASARAN,,,,,,,,2026-09-17 23:10:11.68718+00
1063,20,RPJMD YANG RELEVAN,TUJUAN,SASARAN,OUTCOME,OUTPUT,INDIKATOR,,,2026-09-17 23:10:11.68718+00
1064,20,,,,,,,PROGRAM / KEGIATAN /,,2026-09-17 23:10:11.68718+00
1065,20,,,,,,,SUBKEGIATAN,KETERANGAN,2026-09-17 23:10:11.68718+00
1066,20,,,,,,Jumlah Area Terdampak,3.27.05.2.01.0002 -,,2026-09-17 23:10:11.68718+00
1067,20,,,,,,Perubahan Iklim (DPI),Penanganan Dampak,,2026-09-17 23:10:11.68718+00
1068,20,,,,,,"Tanaman Pangan, Hortikultura,",Perubahan Iklim (DPI),,2026-09-17 23:10:11.68718+00
1069,20,,,,,,dan Perkebunan yang,"Tanaman Pangan, Hortikultura,",,2026-09-17 23:10:11.68718+00
1070,20,,,,,,Ditangani (Ha),dan Perkebunan,,2026-09-17 23:10:11.68718+00
1071,20,,,,,,Jumlah Wilayah,3.27.05.2.01.0004 -,,2026-09-17 23:10:11.68718+00
1072,20,,,,,,Penanggulangan Bencana Non,Penanggulangan Bencana Non,,2026-09-17 23:10:11.68718+00
1073,20,,,,,,Alam yang Bersifat Zoonosis,Alam yang Bersifat Zoonosis,,2026-09-17 23:10:11.68718+00
1074,20,,,,,,(laporan),,,2026-09-17 23:10:11.68718+00
1075,20,,,,,,Jumlah kegiatan,3.27.05.2.01.0007 -,,2026-09-17 23:10:11.68718+00
1076,20,,,,,,Penanggulangan  Bencana,Penanggulangan Bencana,,2026-09-17 23:10:11.68718+00
1077,20,,,,,,Alam Bidang Peternakan dan,Alam Bidang Peternakan dan,,2026-09-17 23:10:11.68718+00
1078,20,,,,,,Kesehatan Hewan (laporan),kesehatan hewan,,2026-09-17 23:10:11.68718+00
1079,20,,,,Meningkatnya pengendalian,,Persentase Izin Usaha,3.27.06 - PROGRAM,,2026-09-17 23:10:11.68718+00
1080,20,,,,dan kemudahan perizinan,,Pertanian yang Diterbitkan (),PERIZINAN USAHA,,2026-09-17 23:10:11.68718+00
1081,20,,,,usaha pertanian,,,PERTANIAN,,2026-09-17 23:10:11.68718+00
1082,20,,,,,Terbina dan terawasinya,Jumlah izin usaha pertanian,3.27.06.2.01 - Penerbitan Izin,,2026-09-17 23:10:11.68718+00
1083,20,,,,,penerapan standar dan izin,yang dibina dan diawasi,Usaha Pertanian yang,,2026-09-17 23:10:11.68718+00
1084,20,,,,,usaha pertanian,(Laporan),Kegiatan Usahanya dalam,,2026-09-17 23:10:11.68718+00
1085,20,,,,,,,Daerah Kabupaten/Kota,,2026-09-17 23:10:11.68718+00
1086,20,,,,,,Jumlah izin usaha pertanian,3.27.06.2.01.0005 - Pembinaan,,2026-09-17 23:10:11.68718+00
1087,20,,,,,,yang dibina dan diawasi,dan  Pengawasan  Penerapan,,2026-09-17 23:10:11.68718+00
1088,20,,,,,,(Laporan),standar dan Izin Usaha,,2026-09-17 23:10:11.68718+00
1089,20,,,,,,,Pertanian,,2026-09-17 23:10:11.68718+00
1090,20,,,,,Terlaksananya penatausahaan,Jumlah Penatausahaan,3.27.06.2.02 - Penerbitan Izin,,2026-09-17 23:10:11.68718+00
1091,20,,,,,dan terawasinya pelaksanaan,Penerbitan Izin Usaha,Usaha Produksi Benih/Bibit,,2026-09-17 23:10:11.68718+00
1092,20,,,,,izin usaha produksi benih/bibit,Produksi Benih/Bibit Ternak,"Ternak dan Pakan, Fasilitas",,2026-09-17 23:10:11.68718+00
1093,20,,,,,"ternak, pakan, fasilitas","dan Pakan, Fasilitas","Pemeliharaan Hewan, Rumah",,2026-09-17 23:10:11.68718+00
1094,20,,,,,"pemeliharaan hewan, rumah","Pemeliharaan Hewan, Rumah","Sakit Hewan/Pasar Hewan,",,2026-09-17 23:10:11.68718+00
1095,20,,,,,"sakit hewan, pasar hewan,","Sakit Hewan/Pasar Hewan,",Rumah Potong Hewan,,2026-09-17 23:10:11.68718+00
1096,20,,,,,serta layanan veteriner terkait,Rumah Potong Hewan,,,2026-09-17 23:10:11.68718+00
1097,20,,,,,,(Dokumen) Jumlah Penatausahaan,3.27.06.2.02.0001 -,,2026-09-17 23:10:11.68718+00
1098,20,,,,,,Penerbitan Izin Usaha,Penatausahaan Penerbitan Izin,,2026-09-17 23:10:11.68718+00
1099,20,,,,,,Produksi Benih/Bibit Ternak,Usaha Produksi Benih/Bibit,,2026-09-17 23:10:11.68718+00
1100,20,,,,,,"dan Pakan, Fasilitas","Ternak dan Pakan, Fasilitas",,2026-09-17 23:10:11.68718+00
1101,20,,,,,,"Pemeliharaan Hewan, Rumah","Pemeliharaan Hewan, Rumah",,2026-09-17 23:10:11.68718+00
1102,20,,,,,,"Sakit Hewan/Pasar Hewan,","Sakit Hewan/Pasar Hewan,",,2026-09-17 23:10:11.68718+00
1103,20,,,,,,Rumah Potong Hewan,Rumah Potong Hewan,,2026-09-17 23:10:11.68718+00
1104,20,,,,Meningkatnya kapasitas SDM,,(Dokumen) Persentase SDM Penyuluh,3.27.07 - PROGRAM,,2026-09-17 23:10:11.68718+00
1105,20,,,,bidang penyuluhan pertanian,,Pertanian yang Ditingkatkan (),PENYULUHAN PERTANIAN,,2026-09-17 23:10:11.68718+00
1106,20,,,,,Terlaksananya peningkatan,Jumlah Kelembagaan,3.27.07.2.01 - Pelaksanaan,,2026-09-17 23:10:11.68718+00
1107,20,,,,,kapasitas kelembagaan serta,Penyuluhan Pertanian di,Penyuluhan Pertanian,,2026-09-17 23:10:11.68718+00
1108,20,,,,,tersedianya dan,Kecamatan dan Desa yang,,,2026-09-17 23:10:11.68718+00
1109,20,,,,,termanfaatkannya sarana,Ditingkatkan Kapasitasnya,,,2026-09-17 23:10:11.68718+00
1110,20,,,,,prasarana penyuluhan,(Unit),,,2026-09-17 23:10:11.68718+00
1111,20,,,,,pertanian di kecamatan dan,,,,2026-09-17 23:10:11.68718+00
1112,20,,,,,desa.,,,,2026-09-17 23:10:11.68718+00
1113,20,,,,,,Jumlah Kelembagaan,3.27.07.2.01.0001 -,,2026-09-17 23:10:11.68718+00
1114,20,,,,,,Penyuluhan Pertanian di,Peningkatan Kapasitas,,2026-09-17 23:10:11.68718+00
1115,20,,,,,,Kecamatan dan Desa yang,Kelembagaan Penyuluhan,,2026-09-17 23:10:11.68718+00
1116,20,,,,,,Ditingkatkan Kapasitasnya,Pertanian di Kecamatan dan,,2026-09-17 23:10:11.68718+00
1117,20,,,,,,(Unit),Desa,,2026-09-17 23:10:11.68718+00
1118,20,2.09.3.27.3.25.02.0001 - UPTD Rumah Potong Hewan dan Pasar Hewan,,,,,,,,2026-09-17 23:10:11.68718+00
1119,21,NSPK DAN SASARAN,,,,,,,,2026-09-17 23:10:11.68718+00
1120,21,RPJMD YANG RELEVAN,TUJUAN,SASARAN,OUTCOME,OUTPUT,INDIKATOR,,,2026-09-17 23:10:11.68718+00
1121,21,,,,,,,PROGRAM / KEGIATAN /,,2026-09-17 23:10:11.68718+00
1122,21,,,,,,,SUBKEGIATAN,KETERANGAN,2026-09-17 23:10:11.68718+00
1123,21,- S.6.1 - Meningkatnya,Mewujudkan ekosistem dan,meningkatkan akuntabilitas,Meningkatnya kualitas,,Tingkat Kepuasan Pegawai,3.27.01 - PROGRAM,,2026-09-17 23:10:11.68718+00
1124,21,perlindungan sosial,ruang pertumbuhan ekonomi,kinerja pemerintah daerah yang,Layanan Umum dan,,Perangkat Daerah (Skor),PENUNJANG URUSAN,,2026-09-17 23:10:11.68718+00
1125,21,Masyarakat,"yang inklusif, memperkuat",efektif dan efisien,Kepegawaian Perangkat,,,PEMERINTAHAN DAERAH,,2026-09-17 23:10:11.68718+00
1126,21,- S.2.1 - Terwujudnya,perlindungan sosial bagi,,Daerah,,,KABUPATEN/KOTA,,2026-09-17 23:10:11.68718+00
1127,21,ekosistem dan ruang,"masyarakat, serta",,,,,,,2026-09-17 23:10:11.68718+00
1128,21,pertumbuhan ekonomi yang,meningkatkan daya beli serta,,,,,,,2026-09-17 23:10:11.68718+00
1129,21,inklusif,"ketahanan pangan, dan",,,,,,,2026-09-17 23:10:11.68718+00
1130,21,- S.4.3 - Meningkatnya,mengoptimalkan akuntabilitas,,,,,,,2026-09-17 23:10:11.68718+00
1131,21,akuntabilitas kinerja,kinerja pemerintah daerah,,,,,,,2026-09-17 23:10:11.68718+00
1132,21,pemerintah daerah,,,,,,,,2026-09-17 23:10:11.68718+00
1133,21,- S.6.2 - Meningkatnya Daya,,,,,,,,2026-09-17 23:10:11.68718+00
1134,21,Beli dan Ketahanan Pangan,,,,,,,,2026-09-17 23:10:11.68718+00
1135,21,Masyarakat,,,,,,,,2026-09-17 23:10:11.68718+00
1136,21,,,,,,Tingkat Penerapan SPBE,3.27.01 - PROGRAM,,2026-09-17 23:10:11.68718+00
1137,21,,,,,,Perangkat Daerah (Skor),PENUNJANG URUSAN,,2026-09-17 23:10:11.68718+00
1138,21,,,,,,,PEMERINTAHAN DAERAH,,2026-09-17 23:10:11.68718+00
1139,21,,,,,,,KABUPATEN/KOTA,,2026-09-17 23:10:11.68718+00
1140,21,,,,,,Indeks Pelayanan Publik (%),3.27.01 - PROGRAM,,2026-09-17 23:10:11.68718+00
1141,21,,,,,,,PENUNJANG URUSAN,,2026-09-17 23:10:11.68718+00
1142,21,,,,,,,PEMERINTAHAN DAERAH,,2026-09-17 23:10:11.68718+00
1143,21,,,,,,,KABUPATEN/KOTA,,2026-09-17 23:10:11.68718+00
1144,21,,,,,,Persentase BMD dalam kondisi,3.27.01 - PROGRAM,,2026-09-17 23:10:11.68718+00
1145,21,,,,,,baik dan termanfaatkan (%),PENUNJANG URUSAN,,2026-09-17 23:10:11.68718+00
1146,21,,,,,,,PEMERINTAHAN DAERAH,,2026-09-17 23:10:11.68718+00
1147,21,,,,,,,KABUPATEN/KOTA,,2026-09-17 23:10:11.68718+00
1148,21,,,,,Persentase Administrasi,Jumlah Dokumen Bahan,3.27.01.2.06 - Administrasi,,2026-09-17 23:10:11.68718+00
1149,21,,,,,Umum Perangkat Daerah,Bacaan dan Peraturan,Umum Perangkat Daerah,,2026-09-17 23:10:11.68718+00
1150,21,,,,,,Perundang-Undangan yang,,,2026-09-17 23:10:11.68718+00
1151,21,,,,,,Disediakan (Dokumen),,,2026-09-17 23:10:11.68718+00
1152,21,,,,,,Jumlah Paket Bahan Logistik,3.27.01.2.06 - Administrasi,,2026-09-17 23:10:11.68718+00
1153,21,,,,,,Kantor yang Disediakan,Umum Perangkat Daerah,,2026-09-17 23:10:11.68718+00
1154,21,,,,,,(Paket),,,2026-09-17 23:10:11.68718+00
1155,21,,,,,,Jumlah Paket Barang Cetakan,3.27.01.2.06 - Administrasi,,2026-09-17 23:10:11.68718+00
1156,21,,,,,,dan Penggandaan yang,Umum Perangkat Daerah,,2026-09-17 23:10:11.68718+00
1157,21,,,,,,Disediakan (Paket),,,2026-09-17 23:10:11.68718+00
1158,21,,,,,,Jumlah Paket Komponen,3.27.01.2.06 - Administrasi,,2026-09-17 23:10:11.68718+00
1159,21,,,,,,Instalasi Listrik/Penerangan,Umum Perangkat Daerah,,2026-09-17 23:10:11.68718+00
1160,21,,,,,,Bangunan Kantor yang,,,2026-09-17 23:10:11.68718+00
1161,21,,,,,,Disediakan (Paket),,,2026-09-17 23:10:11.68718+00
1162,21,,,,,,Jumlah Paket Peralatan dan,3.27.01.2.06 - Administrasi,,2026-09-17 23:10:11.68718+00
1163,21,,,,,,Perlengkapan Kantor yang,Umum Perangkat Daerah,,2026-09-17 23:10:11.68718+00
1164,21,,,,,,Disediakan (Paket),,,2026-09-17 23:10:11.68718+00
1165,21,,,,,,Jumlah Paket Peralatan,3.27.01.2.06 - Administrasi,,2026-09-17 23:10:11.68718+00
1166,21,,,,,,Rumah Tangga yang,Umum Perangkat Daerah,,2026-09-17 23:10:11.68718+00
1167,21,,,,,,Disediakan (Paket),,,2026-09-17 23:10:11.68718+00
1168,21,,,,,,Jumlah Paket Komponen,3.27.01.2.06.0001 -,,2026-09-17 23:10:11.68718+00
1169,21,,,,,,Instalasi Listrik/Penerangan,Penyediaan Komponen,,2026-09-17 23:10:11.68718+00
1170,21,,,,,,Bangunan Kantor yang,Instalasi,,2026-09-17 23:10:11.68718+00
1171,21,,,,,,Disediakan (Paket),,,2026-09-17 23:10:11.68718+00
1172,21,,,,,,,Listrik/Penerangan Bangunan,,2026-09-17 23:10:11.68718+00
1173,21,,,,,,,Kantor,,2026-09-17 23:10:11.68718+00
1174,21,,,,,,Jumlah Paket Peralatan dan,3.27.01.2.06.0002 -,,2026-09-17 23:10:11.68718+00
1175,21,,,,,,Perlengkapan Kantor yang,Penyediaan Peralatan dan,,2026-09-17 23:10:11.68718+00
1176,21,,,,,,Disediakan (Paket),Perlengkapan Kantor,,2026-09-17 23:10:11.68718+00
1177,22,NSPK DAN SASARAN,,,,,,,,2026-09-17 23:10:11.68718+00
1178,22,RPJMD YANG RELEVAN,TUJUAN,SASARAN,OUTCOME,OUTPUT,INDIKATOR,,,2026-09-17 23:10:11.68718+00
1179,22,,,,,,,PROGRAM / KEGIATAN /,,2026-09-17 23:10:11.68718+00
1180,22,,,,,,,SUBKEGIATAN,KETERANGAN,2026-09-17 23:10:11.68718+00
1181,22,,,,,,Jumlah Paket Peralatan,3.27.01.2.06.0003 -,,2026-09-17 23:10:11.68718+00
1182,22,,,,,,Rumah Tangga yang,Penyediaan Peralatan Rumah,,2026-09-17 23:10:11.68718+00
1183,22,,,,,,Disediakan (Paket),Tangga,,2026-09-17 23:10:11.68718+00
1184,22,,,,,,Jumlah Paket Bahan Logistik,3.27.01.2.06.0004 -,,2026-09-17 23:10:11.68718+00
1185,22,,,,,,Kantor yang Disediakan,Penyediaan Bahan Logistik,,2026-09-17 23:10:11.68718+00
1186,22,,,,,,(Paket),Kantor,,2026-09-17 23:10:11.68718+00
1187,22,,,,,,Jumlah Paket Barang Cetakan,3.27.01.2.06.0005 -,,2026-09-17 23:10:11.68718+00
1188,22,,,,,,dan Penggandaan yang,Penyediaan Barang Cetakan,,2026-09-17 23:10:11.68718+00
1189,22,,,,,,Disediakan (Paket),dan Penggandaan,,2026-09-17 23:10:11.68718+00
1190,22,,,,,,Jumlah Dokumen Bahan,3.27.01.2.06.0006 -,,2026-09-17 23:10:11.68718+00
1191,22,,,,,,Bacaan dan Peraturan,Penyediaan Bahan Bacaan dan,,2026-09-17 23:10:11.68718+00
1192,22,,,,,,Perundang-Undangan yang,Peraturan,,2026-09-17 23:10:11.68718+00
1193,22,,,,,,Disediakan (Dokumen),Perundang-undangan,,2026-09-17 23:10:11.68718+00
1194,22,,,,,Persentase Penyediaan Jasa,Jumlah Laporan Penyediaan,3.27.01.2.08 - Penyediaan,,2026-09-17 23:10:11.68718+00
1195,22,,,,,Penunjang Urusan,"Jasa Komunikasi, Sumber",Jasa Penunjang Urusan,,2026-09-17 23:10:11.68718+00
1196,22,,,,,Pemerintahan Daerah,Daya Air dan Listrik yang,Pemerintahan Daerah,,2026-09-17 23:10:11.68718+00
1197,22,,,,,,Disediakan (Laporan),,,2026-09-17 23:10:11.68718+00
1198,22,,,,,,Jumlah Laporan Penyediaan,3.27.01.2.08 - Penyediaan,,2026-09-17 23:10:11.68718+00
1199,22,,,,,,Jasa Surat Menyurat (Laporan),Jasa Penunjang Urusan,,2026-09-17 23:10:11.68718+00
1200,22,,,,,,,Pemerintahan Daerah,,2026-09-17 23:10:11.68718+00
1201,22,,,,,,Jumlah Laporan Penyediaan,3.27.01.2.08.0001 -,,2026-09-17 23:10:11.68718+00
1202,22,,,,,,Jasa Surat Menyurat (Laporan),Penyediaan Jasa Surat,,2026-09-17 23:10:11.68718+00
1203,22,,,,,,,Menyurat,,2026-09-17 23:10:11.68718+00
1204,22,,,,,,Jumlah Laporan Penyediaan,3.27.01.2.08.0002 -,,2026-09-17 23:10:11.68718+00
1205,22,,,,,,"Jasa Komunikasi, Sumber","Penyediaan Jasa Komunikasi,",,2026-09-17 23:10:11.68718+00
1206,22,,,,,,Daya Air dan Listrik yang,Sumber Daya Air dan Listrik,,2026-09-17 23:10:11.68718+00
1207,22,,,,,,Disediakan (Laporan),,,2026-09-17 23:10:11.68718+00
1208,22,,,,,Persentase Pemeliharaan,Jumlah Peralatan dan Mesin,3.27.01.2.09 - Pemeliharaan,,2026-09-17 23:10:11.68718+00
1209,22,,,,,Barang Milik Daerah,Lainnya yang Dipelihara  (Unit),Barang Milik Daerah,,2026-09-17 23:10:11.68718+00
1210,22,,,,,Penunjang Urusan Pemerintah,,Penunjang Urusan,,2026-09-17 23:10:11.68718+00
1211,22,,,,,Daerah,,Pemerintahan Daerah,,2026-09-17 23:10:11.68718+00
1212,22,,,,,,Jumlah Peralatan dan Mesin,3.27.01.2.09.0006 -,,2026-09-17 23:10:11.68718+00
1213,22,,,,,,Lainnya yang Dipelihara  (Unit),Pemeliharaan Peralatan dan,,2026-09-17 23:10:11.68718+00
1214,22,,,,,,,Mesin Lainnya,,2026-09-17 23:10:11.68718+00
1215,22,,,,Meningkatnya kualitas,,,,,2026-09-17 23:10:11.68718+00
1216,22,,,,Layanan Umum dan,,,,,2026-09-17 23:10:11.68718+00
1217,22,,,,Kepegawaian Perangkat,,,,,2026-09-17 23:10:11.68718+00
1218,22,,,,Daerah,,,,,2026-09-17 23:10:11.68718+00
1219,22,,,,Meningkatnya kualitas,,,,,2026-09-17 23:10:11.68718+00
1220,22,,,,"Perencanaan, Pengendalian,",,,,,2026-09-17 23:10:11.68718+00
1221,22,,,,dan Evaluasi Program,,,,,2026-09-17 23:10:11.68718+00
1222,22,,,,Kegiatan Serta Pengelolaan,,,,,2026-09-17 23:10:11.68718+00
1223,22,,,,Keuangan Perangkat Daerah,,,,,2026-09-17 23:10:11.68718+00
1224,23,NSPK DAN SASARAN,,,,,,,,2026-09-17 23:10:11.68718+00
1225,23,RPJMD YANG RELEVAN,TUJUAN,SASARAN,OUTCOME,OUTPUT,INDIKATOR,,,2026-09-17 23:10:11.68718+00
1226,23,,,,,,,PROGRAM / KEGIATAN /,,2026-09-17 23:10:11.68718+00
1227,23,,,,,,,SUBKEGIATAN,KETERANGAN,2026-09-17 23:10:11.68718+00
1228,23,,,Peningkatan distribusi dan,Meningkatnya distribusi dan,,Jenis Prasarana Pertanian dan,3.27.03 - PROGRAM,,2026-09-17 23:10:11.68718+00
1229,23,,,kualitas sarana pertanian yang,kualitas prasarana pertanian,,Peternakan yang Terbangun,PENYEDIAAN DAN,,2026-09-17 23:10:11.68718+00
1230,23,,,didukung oleh penguatan,,,(Jenis),PENGEMBANGAN,,2026-09-17 23:10:11.68718+00
1231,23,,,prasarana pertanian serta,,,,PRASARANA PERTANIAN,,2026-09-17 23:10:11.68718+00
1232,23,,,pengendalian kesehatan,,,,,,2026-09-17 23:10:11.68718+00
1233,23,,,hewan dan kesehatan,,,,,,2026-09-17 23:10:11.68718+00
1234,23,,,masyarakat veteriner yang,,,,,,2026-09-17 23:10:11.68718+00
1235,23,,,"efektif, serta penanggulangan",,,,,,2026-09-17 23:10:11.68718+00
1236,23,,,bencana pertanian yang,,,,,,2026-09-17 23:10:11.68718+00
1237,23,,,responsif. Upaya ini diiringi,,,,,,2026-09-17 23:10:11.68718+00
1238,23,,,dengan kemudahan perizinan,,,,,,2026-09-17 23:10:11.68718+00
1239,23,,,usaha pertanian dan,,,,,,2026-09-17 23:10:11.68718+00
1240,23,,,peningkatan kapasitas sumber,,,,,,2026-09-17 23:10:11.68718+00
1241,23,,,daya manusia di bidang,,,,,,2026-09-17 23:10:11.68718+00
1242,23,,,penyuluhan pertanian.,,,,,,2026-09-17 23:10:11.68718+00
1243,23,,,,,Persentase Pembangunan,Jumlah Prasarana Pertanian,3.27.03.2.02 - Pembangunan,,2026-09-17 23:10:11.68718+00
1244,23,,,,,Prasarana Pertanian,"Lainnya yang Dibangun,",Prasarana Pertanian,,2026-09-17 23:10:11.68718+00
1245,23,,,,,,Direhabilitasi dan Dipelihara,,,2026-09-17 23:10:11.68718+00
1246,23,,,,,,(Unit),,,2026-09-17 23:10:11.68718+00
1247,23,,,,,,Jumlah Prasarana Pertanian,3.27.03.2.02.0009 -,,2026-09-17 23:10:11.68718+00
1248,23,,,,,,"Lainnya yang Dibangun,","Pembangunan, Rehabilitasi",,2026-09-17 23:10:11.68718+00
1249,23,,,,,,Direhabilitasi dan Dipelihara,dan Pemeliharaan Prasarana,,2026-09-17 23:10:11.68718+00
1250,23,,,,,,(Unit),Pertanian Lainnya,,2026-09-17 23:10:11.68718+00
1251,23,2.09.3.27.3.25.02.0002 - UPTD Kawasan Pertanian Terpadu,,,,,,,,2026-09-17 23:10:11.68718+00
1252,23,- S.6.2 - Meningkatnya Daya,Mewujudkan ekosistem dan,meningkatkan akuntabilitas,Meningkatnya kualitas,,Tingkat Kepuasan Pegawai,3.27.01 - PROGRAM,,2026-09-17 23:10:11.68718+00
1253,23,Beli dan Ketahanan Pangan,ruang pertumbuhan ekonomi,kinerja pemerintah daerah yang,Layanan Umum dan,,Perangkat Daerah (Skor),PENUNJANG URUSAN,,2026-09-17 23:10:11.68718+00
1254,23,Masyarakat,"yang inklusif, memperkuat",efektif dan efisien,Kepegawaian Perangkat,,,PEMERINTAHAN DAERAH,,2026-09-17 23:10:11.68718+00
1255,23,- S.4.3 - Meningkatnya,perlindungan sosial bagi,,Daerah,,,KABUPATEN/KOTA,,2026-09-17 23:10:11.68718+00
1256,23,akuntabilitas kinerja,"masyarakat, serta",,,,,,,2026-09-17 23:10:11.68718+00
1257,23,pemerintah daerah,meningkatkan daya beli serta,,,,,,,2026-09-17 23:10:11.68718+00
1258,23,- S.6.1 - Meningkatnya,"ketahanan pangan, dan",,,,,,,2026-09-17 23:10:11.68718+00
1259,23,perlindungan sosial,mengoptimalkan akuntabilitas,,,,,,,2026-09-17 23:10:11.68718+00
1260,23,Masyarakat,kinerja pemerintah daerah,,,,,,,2026-09-17 23:10:11.68718+00
1261,23,- S.2.1 - Terwujudnya,,,,,,,,2026-09-17 23:10:11.68718+00
1262,23,ekosistem dan ruang,,,,,,,,2026-09-17 23:10:11.68718+00
1263,23,pertumbuhan ekonomi yang,,,,,,,,2026-09-17 23:10:11.68718+00
1264,23,inklusif,,,,,,,,2026-09-17 23:10:11.68718+00
1265,23,,,,,,Tingkat Penerapan SPBE,3.27.01 - PROGRAM,,2026-09-17 23:10:11.68718+00
1266,23,,,,,,Perangkat Daerah (Skor),PENUNJANG URUSAN,,2026-09-17 23:10:11.68718+00
1267,23,,,,,,,PEMERINTAHAN DAERAH,,2026-09-17 23:10:11.68718+00
1268,23,,,,,,,KABUPATEN/KOTA,,2026-09-17 23:10:11.68718+00
1269,23,,,,,,Indeks Pelayanan Publik (%),3.27.01 - PROGRAM,,2026-09-17 23:10:11.68718+00
1270,23,,,,,,,PENUNJANG URUSAN,,2026-09-17 23:10:11.68718+00
1271,23,,,,,,,PEMERINTAHAN DAERAH,,2026-09-17 23:10:11.68718+00
1272,23,,,,,,,KABUPATEN/KOTA,,2026-09-17 23:10:11.68718+00
1273,23,,,,,,Persentase BMD dalam kondisi,3.27.01 - PROGRAM,,2026-09-17 23:10:11.68718+00
1274,23,,,,,,baik dan termanfaatkan (%),PENUNJANG URUSAN,,2026-09-17 23:10:11.68718+00
1275,23,,,,,,,PEMERINTAHAN DAERAH,,2026-09-17 23:10:11.68718+00
1276,23,,,,,,,KABUPATEN/KOTA,,2026-09-17 23:10:11.68718+00
1277,24,NSPK DAN SASARAN,,,,,,,,2026-09-17 23:10:11.68718+00
1278,24,RPJMD YANG RELEVAN,TUJUAN,SASARAN,OUTCOME,OUTPUT,INDIKATOR,,,2026-09-17 23:10:11.68718+00
1279,24,,,,,,,PROGRAM / KEGIATAN /,,2026-09-17 23:10:11.68718+00
1280,24,,,,,,,SUBKEGIATAN,KETERANGAN,2026-09-17 23:10:11.68718+00
1281,24,,,,,Persentase Administrasi,Jumlah Dokumen Bahan,3.27.01.2.06 - Administrasi,,2026-09-17 23:10:11.68718+00
1282,24,,,,,Umum Perangkat Daerah,Bacaan dan Peraturan,Umum Perangkat Daerah,,2026-09-17 23:10:11.68718+00
1283,24,,,,,,Perundang-Undangan yang,,,2026-09-17 23:10:11.68718+00
1284,24,,,,,,Disediakan (Dokumen),,,2026-09-17 23:10:11.68718+00
1285,24,,,,,,Jumlah Paket Bahan Logistik,3.27.01.2.06 - Administrasi,,2026-09-17 23:10:11.68718+00
1286,24,,,,,,Kantor yang Disediakan,Umum Perangkat Daerah,,2026-09-17 23:10:11.68718+00
1287,24,,,,,,(Paket),,,2026-09-17 23:10:11.68718+00
1288,24,,,,,,Jumlah Paket Barang Cetakan,3.27.01.2.06 - Administrasi,,2026-09-17 23:10:11.68718+00
1289,24,,,,,,dan Penggandaan yang,Umum Perangkat Daerah,,2026-09-17 23:10:11.68718+00
1290,24,,,,,,Disediakan (Paket),,,2026-09-17 23:10:11.68718+00
1291,24,,,,,,Jumlah Paket Komponen,3.27.01.2.06 - Administrasi,,2026-09-17 23:10:11.68718+00
1292,24,,,,,,Instalasi Listrik/Penerangan,Umum Perangkat Daerah,,2026-09-17 23:10:11.68718+00
1293,24,,,,,,Bangunan Kantor yang,,,2026-09-17 23:10:11.68718+00
1294,24,,,,,,Disediakan (Paket),,,2026-09-17 23:10:11.68718+00
1295,24,,,,,,Jumlah Paket Peralatan dan,3.27.01.2.06 - Administrasi,,2026-09-17 23:10:11.68718+00
1296,24,,,,,,Perlengkapan Kantor yang,Umum Perangkat Daerah,,2026-09-17 23:10:11.68718+00
1297,24,,,,,,Disediakan (Paket),,,2026-09-17 23:10:11.68718+00
1298,24,,,,,,Jumlah Paket Peralatan,3.27.01.2.06 - Administrasi,,2026-09-17 23:10:11.68718+00
1299,24,,,,,,Rumah Tangga yang,Umum Perangkat Daerah,,2026-09-17 23:10:11.68718+00
1300,24,,,,,,Disediakan (Paket),,,2026-09-17 23:10:11.68718+00
1301,24,,,,,,Jumlah Paket Komponen,3.27.01.2.06.0001 -,,2026-09-17 23:10:11.68718+00
1302,24,,,,,,Instalasi Listrik/Penerangan,Penyediaan Komponen,,2026-09-17 23:10:11.68718+00
1303,24,,,,,,Bangunan Kantor yang,Instalasi,,2026-09-17 23:10:11.68718+00
1304,24,,,,,,Disediakan (Paket),,,2026-09-17 23:10:11.68718+00
1305,24,,,,,,,Listrik/Penerangan Bangunan,,2026-09-17 23:10:11.68718+00
1306,24,,,,,,,Kantor,,2026-09-17 23:10:11.68718+00
1307,24,,,,,,Jumlah Paket Peralatan dan,3.27.01.2.06.0002 -,,2026-09-17 23:10:11.68718+00
1308,24,,,,,,Perlengkapan Kantor yang,Penyediaan Peralatan dan,,2026-09-17 23:10:11.68718+00
1309,24,,,,,,Disediakan (Paket),Perlengkapan Kantor,,2026-09-17 23:10:11.68718+00
1310,24,,,,,,Jumlah Paket Peralatan,3.27.01.2.06.0003 -,,2026-09-17 23:10:11.68718+00
1311,24,,,,,,Rumah Tangga yang,Penyediaan Peralatan Rumah,,2026-09-17 23:10:11.68718+00
1312,24,,,,,,Disediakan (Paket),Tangga,,2026-09-17 23:10:11.68718+00
1313,24,,,,,,Jumlah Paket Bahan Logistik,3.27.01.2.06.0004 -,,2026-09-17 23:10:11.68718+00
1314,24,,,,,,Kantor yang Disediakan,Penyediaan Bahan Logistik,,2026-09-17 23:10:11.68718+00
1315,24,,,,,,(Paket),Kantor,,2026-09-17 23:10:11.68718+00
1316,24,,,,,,Jumlah Paket Barang Cetakan,3.27.01.2.06.0005 -,,2026-09-17 23:10:11.68718+00
1317,24,,,,,,dan Penggandaan yang,Penyediaan Barang Cetakan,,2026-09-17 23:10:11.68718+00
1318,24,,,,,,Disediakan (Paket),dan Penggandaan,,2026-09-17 23:10:11.68718+00
1319,24,,,,,,Jumlah Dokumen Bahan,3.27.01.2.06.0006 -,,2026-09-17 23:10:11.68718+00
1320,24,,,,,,Bacaan dan Peraturan,Penyediaan Bahan Bacaan dan,,2026-09-17 23:10:11.68718+00
1321,24,,,,,,Perundang-Undangan yang,Peraturan,,2026-09-17 23:10:11.68718+00
1322,24,,,,,,Disediakan (Dokumen),Perundang-undangan,,2026-09-17 23:10:11.68718+00
1323,24,,,,,Persentase Penyediaan Jasa,Jumlah Laporan Penyediaan,3.27.01.2.08 - Penyediaan,,2026-09-17 23:10:11.68718+00
1324,24,,,,,Penunjang Urusan,"Jasa Komunikasi, Sumber",Jasa Penunjang Urusan,,2026-09-17 23:10:11.68718+00
1325,24,,,,,Pemerintahan,Daya Air dan Listrik yang,Pemerintahan Daerah,,2026-09-17 23:10:11.68718+00
1326,24,,,,,,Disediakan (Laporan),,,2026-09-17 23:10:11.68718+00
1327,24,,,,,,Jumlah Laporan Penyediaan,3.27.01.2.08 - Penyediaan,,2026-09-17 23:10:11.68718+00
1328,24,,,,,,Jasa Surat Menyurat (Laporan),Jasa Penunjang Urusan,,2026-09-17 23:10:11.68718+00
1329,24,,,,,,,Pemerintahan Daerah,,2026-09-17 23:10:11.68718+00
1330,24,,,,,,Jumlah Laporan Penyediaan,3.27.01.2.08.0001 -,,2026-09-17 23:10:11.68718+00
1331,24,,,,,,Jasa Surat Menyurat (Laporan),Penyediaan Jasa Surat,,2026-09-17 23:10:11.68718+00
1332,24,,,,,,,Menyurat,,2026-09-17 23:10:11.68718+00
1333,25,NSPK DAN SASARAN,,,,,,,,2026-09-17 23:10:11.68718+00
1334,25,RPJMD YANG RELEVAN,TUJUAN,SASARAN,OUTCOME,OUTPUT,INDIKATOR,,,2026-09-17 23:10:11.68718+00
1335,25,,,,,,,PROGRAM / KEGIATAN /,,2026-09-17 23:10:11.68718+00
1336,25,,,,,,,SUBKEGIATAN,KETERANGAN,2026-09-17 23:10:11.68718+00
1337,25,,,,,,Jumlah Laporan Penyediaan,3.27.01.2.08.0002 -,,2026-09-17 23:10:11.68718+00
1338,25,,,,,,"Jasa Komunikasi, Sumber","Penyediaan Jasa Komunikasi,",,2026-09-17 23:10:11.68718+00
1339,25,,,,,,Daya Air dan Listrik yang,Sumber Daya Air dan Listrik,,2026-09-17 23:10:11.68718+00
1340,25,,,,,,Disediakan (Laporan),,,2026-09-17 23:10:11.68718+00
1341,25,,,,Meningkatnya kualitas,,,,,2026-09-17 23:10:11.68718+00
1342,25,,,,Layanan Umum dan,,,,,2026-09-17 23:10:11.68718+00
1343,25,,,,Kepegawaian Perangkat,,,,,2026-09-17 23:10:11.68718+00
1344,25,,,,Daerah,,,,,2026-09-17 23:10:11.68718+00
1345,25,,,,Meningkatnya kualitas,,,,,2026-09-17 23:10:11.68718+00
1346,25,,,,"Perencanaan, Pengendalian,",,,,,2026-09-17 23:10:11.68718+00
1347,25,,,,dan Evaluasi Program,,,,,2026-09-17 23:10:11.68718+00
1348,25,,,,Kegiatan Serta Pengelolaan,,,,,2026-09-17 23:10:11.68718+00
1349,25,,,,Keuangan Perangkat Daerah,,,,,2026-09-17 23:10:11.68718+00
1350,25,,,Peningkatan distribusi dan,Meningkatnya distribusi dan,,Jenis Prasarana Pertanian dan,3.27.03 - PROGRAM,,2026-09-17 23:10:11.68718+00
1351,25,,,kualitas sarana pertanian yang,kualitas prasarana pertanian,,Peternakan yang Terbangun,PENYEDIAAN DAN,,2026-09-17 23:10:11.68718+00
1352,25,,,didukung oleh penguatan,,,(Jenis),PENGEMBANGAN,,2026-09-17 23:10:11.68718+00
1353,25,,,prasarana pertanian serta,,,,PRASARANA PERTANIAN,,2026-09-17 23:10:11.68718+00
1354,25,,,pengendalian kesehatan,,,,,,2026-09-17 23:10:11.68718+00
1355,25,,,hewan dan kesehatan,,,,,,2026-09-17 23:10:11.68718+00
1356,25,,,masyarakat veteriner yang,,,,,,2026-09-17 23:10:11.68718+00
1357,25,,,"efektif, serta penanggulangan",,,,,,2026-09-17 23:10:11.68718+00
1358,25,,,bencana pertanian yang,,,,,,2026-09-17 23:10:11.68718+00
1359,25,,,responsif. Upaya ini diiringi,,,,,,2026-09-17 23:10:11.68718+00
1360,25,,,dengan kemudahan perizinan,,,,,,2026-09-17 23:10:11.68718+00
1361,25,,,usaha pertanian dan,,,,,,2026-09-17 23:10:11.68718+00
1362,25,,,peningkatan kapasitas sumber,,,,,,2026-09-17 23:10:11.68718+00
1363,25,,,daya manusia di bidang,,,,,,2026-09-17 23:10:11.68718+00
1364,25,,,penyuluhan pertanian.,,,,,,2026-09-17 23:10:11.68718+00
1365,25,,,,,Persentase Pembangunan,Jumlah Prasarana Pertanian,3.27.03.2.02 - Pembangunan,,2026-09-17 23:10:11.68718+00
1366,25,,,,,Prasarana Pertanian,"Lainnya yang Dibangun,",Prasarana Pertanian,,2026-09-17 23:10:11.68718+00
1367,25,,,,,,Direhabilitasi dan Dipelihara,,,2026-09-17 23:10:11.68718+00
1368,25,,,,,,(Unit),,,2026-09-17 23:10:11.68718+00
1369,25,,,,,,Jumlah Prasarana Pertanian,3.27.03.2.02.0009 -,,2026-09-17 23:10:11.68718+00
1370,25,,,,,,"Lainnya yang Dibangun,","Pembangunan, Rehabilitasi",,2026-09-17 23:10:11.68718+00
1371,25,,,,,,Direhabilitasi dan Dipelihara,dan Pemeliharaan Prasarana,,2026-09-17 23:10:11.68718+00
1372,25,,,,,,(Unit),Pertanian Lainnya,,2026-09-17 23:10:11.68718+00
1373,25,,,,Meningkatnya pengendalian,,,,,2026-09-17 23:10:11.68718+00
1374,25,,,,dan penanggulangan bencana,,,,,2026-09-17 23:10:11.68718+00
1375,25,,,,pertanian,,,,,2026-09-17 23:10:11.68718+00
1376,25,,,,Meningkatnya kapasitas SDM,,,,,2026-09-17 23:10:11.68718+00
1377,25,,,,bidang penyuluhan pertanian,,,,,2026-09-17 23:10:11.68718+00
1378,26,NSPK DAN SASARAN,,,,,,,,2026-09-17 23:10:11.68718+00
1379,26,RPJMD YANG RELEVAN,TUJUAN,SASARAN,OUTCOME,OUTPUT,INDIKATOR,,,2026-09-17 23:10:11.68718+00
1380,26,,,,,,,PROGRAM / KEGIATAN /,,2026-09-17 23:10:11.68718+00
1381,26,,,,,,,SUBKEGIATAN,KETERANGAN,2026-09-17 23:10:11.68718+00
1382,26,,,,Meningkatnya pengendalian,,,,,2026-09-17 23:10:11.68718+00
1383,26,,,,dan penanggulangan bencana,,,,,2026-09-17 23:10:11.68718+00
1384,26,,,,pertanian,,,,,2026-09-17 23:10:11.68718+00
1385,26,2.09.3.27.3.25.02.0003 - UPTD Pusat Kesehatan Hewan,,,,,,,,2026-09-17 23:10:11.68718+00
1386,26,- S.4.3 - Meningkatnya,Mewujudkan ekosistem dan,meningkatkan akuntabilitas,Meningkatnya kualitas,,Tingkat Kepuasan Pegawai,3.27.01 - PROGRAM,,2026-09-17 23:10:11.68718+00
1387,26,akuntabilitas kinerja,ruang pertumbuhan ekonomi,kinerja pemerintah daerah yang,Layanan Umum dan,,Perangkat Daerah (Skor),PENUNJANG URUSAN,,2026-09-17 23:10:11.68718+00
1388,26,pemerintah daerah,"yang inklusif, memperkuat",efektif dan efisien,Kepegawaian Perangkat,,,PEMERINTAHAN DAERAH,,2026-09-17 23:10:11.68718+00
1389,26,- S.2.1 - Terwujudnya,perlindungan sosial bagi,,Daerah,,,KABUPATEN/KOTA,,2026-09-17 23:10:11.68718+00
1390,26,ekosistem dan ruang,"masyarakat, serta",,,,,,,2026-09-17 23:10:11.68718+00
1391,26,pertumbuhan ekonomi yang,meningkatkan daya beli serta,,,,,,,2026-09-17 23:10:11.68718+00
1392,26,inklusif,"ketahanan pangan, dan",,,,,,,2026-09-17 23:10:11.68718+00
1393,26,- S.6.2 - Meningkatnya Daya,mengoptimalkan akuntabilitas,,,,,,,2026-09-17 23:10:11.68718+00
1394,26,Beli dan Ketahanan Pangan,kinerja pemerintah daerah,,,,,,,2026-09-17 23:10:11.68718+00
1395,26,Masyarakat,,,,,,,,2026-09-17 23:10:11.68718+00
1396,26,- S.6.1 - Meningkatnya,,,,,,,,2026-09-17 23:10:11.68718+00
1397,26,perlindungan sosial,,,,,,,,2026-09-17 23:10:11.68718+00
1398,26,Masyarakat,,,,,,,,2026-09-17 23:10:11.68718+00
1399,26,,,,,,Tingkat Penerapan SPBE,3.27.01 - PROGRAM,,2026-09-17 23:10:11.68718+00
1400,26,,,,,,Perangkat Daerah (Skor),PENUNJANG URUSAN,,2026-09-17 23:10:11.68718+00
1401,26,,,,,,,PEMERINTAHAN DAERAH,,2026-09-17 23:10:11.68718+00
1402,26,,,,,,,KABUPATEN/KOTA,,2026-09-17 23:10:11.68718+00
1403,26,,,,,,Indeks Pelayanan Publik (%),3.27.01 - PROGRAM,,2026-09-17 23:10:11.68718+00
1404,26,,,,,,,PENUNJANG URUSAN,,2026-09-17 23:10:11.68718+00
1405,26,,,,,,,PEMERINTAHAN DAERAH,,2026-09-17 23:10:11.68718+00
1406,26,,,,,,,KABUPATEN/KOTA,,2026-09-17 23:10:11.68718+00
1407,26,,,,,,Persentase BMD dalam kondisi,3.27.01 - PROGRAM,,2026-09-17 23:10:11.68718+00
1408,26,,,,,,baik dan termanfaatkan (%),PENUNJANG URUSAN,,2026-09-17 23:10:11.68718+00
1409,26,,,,,,,PEMERINTAHAN DAERAH,,2026-09-17 23:10:11.68718+00
1410,26,,,,,,,KABUPATEN/KOTA,,2026-09-17 23:10:11.68718+00
1411,26,,,,,Persentase Administrasi,Jumlah Dokumen Bahan,3.27.01.2.06 - Administrasi,,2026-09-17 23:10:11.68718+00
1412,26,,,,,Umum Perangkat Daerah,Bacaan dan Peraturan,Umum Perangkat Daerah,,2026-09-17 23:10:11.68718+00
1413,26,,,,,,Perundang-Undangan yang,,,2026-09-17 23:10:11.68718+00
1414,26,,,,,,Disediakan (Dokumen),,,2026-09-17 23:10:11.68718+00
1415,26,,,,,,Jumlah Paket Bahan Logistik,3.27.01.2.06 - Administrasi,,2026-09-17 23:10:11.68718+00
1416,26,,,,,,Kantor yang Disediakan,Umum Perangkat Daerah,,2026-09-17 23:10:11.68718+00
1417,26,,,,,,(Paket),,,2026-09-17 23:10:11.68718+00
1418,26,,,,,,Jumlah Paket Barang Cetakan,3.27.01.2.06 - Administrasi,,2026-09-17 23:10:11.68718+00
1419,26,,,,,,dan Penggandaan yang,Umum Perangkat Daerah,,2026-09-17 23:10:11.68718+00
1420,26,,,,,,Disediakan (Paket),,,2026-09-17 23:10:11.68718+00
1421,26,,,,,,Jumlah Paket Peralatan dan,3.27.01.2.06 - Administrasi,,2026-09-17 23:10:11.68718+00
1422,26,,,,,,Perlengkapan Kantor yang,Umum Perangkat Daerah,,2026-09-17 23:10:11.68718+00
1423,26,,,,,,Disediakan (Paket),,,2026-09-17 23:10:11.68718+00
1424,26,,,,,,Jumlah Paket Peralatan,3.27.01.2.06 - Administrasi,,2026-09-17 23:10:11.68718+00
1425,26,,,,,,Rumah Tangga yang,Umum Perangkat Daerah,,2026-09-17 23:10:11.68718+00
1426,26,,,,,,Disediakan (Paket),,,2026-09-17 23:10:11.68718+00
1427,27,NSPK DAN SASARAN,,,,,,,,2026-09-17 23:10:11.68718+00
1428,27,RPJMD YANG RELEVAN,TUJUAN,SASARAN,OUTCOME,OUTPUT,INDIKATOR,,,2026-09-17 23:10:11.68718+00
1429,27,,,,,,,PROGRAM / KEGIATAN /,,2026-09-17 23:10:11.68718+00
1430,27,,,,,,,SUBKEGIATAN,KETERANGAN,2026-09-17 23:10:11.68718+00
1431,27,,,,,,Jumlah Paket Peralatan dan,3.27.01.2.06.0002 -,,2026-09-17 23:10:11.68718+00
1432,27,,,,,,Perlengkapan Kantor yang,Penyediaan Peralatan dan,,2026-09-17 23:10:11.68718+00
1433,27,,,,,,Disediakan (Paket),Perlengkapan Kantor,,2026-09-17 23:10:11.68718+00
1434,27,,,,,,Jumlah Paket Peralatan,3.27.01.2.06.0003 -,,2026-09-17 23:10:11.68718+00
1435,27,,,,,,Rumah Tangga yang,Penyediaan Peralatan Rumah,,2026-09-17 23:10:11.68718+00
1436,27,,,,,,Disediakan (Paket),Tangga,,2026-09-17 23:10:11.68718+00
1437,27,,,,,,Jumlah Paket Bahan Logistik,3.27.01.2.06.0004 -,,2026-09-17 23:10:11.68718+00
1438,27,,,,,,Kantor yang Disediakan,Penyediaan Bahan Logistik,,2026-09-17 23:10:11.68718+00
1439,27,,,,,,(Paket),Kantor,,2026-09-17 23:10:11.68718+00
1440,27,,,,,,Jumlah Paket Barang Cetakan,3.27.01.2.06.0005 -,,2026-09-17 23:10:11.68718+00
1441,27,,,,,,dan Penggandaan yang,Penyediaan Barang Cetakan,,2026-09-17 23:10:11.68718+00
1442,27,,,,,,Disediakan (Paket),dan Penggandaan,,2026-09-17 23:10:11.68718+00
1443,27,,,,,,Jumlah Dokumen Bahan,3.27.01.2.06.0006 -,,2026-09-17 23:10:11.68718+00
1444,27,,,,,,Bacaan dan Peraturan,Penyediaan Bahan Bacaan dan,,2026-09-17 23:10:11.68718+00
1445,27,,,,,,Perundang-Undangan yang,Peraturan,,2026-09-17 23:10:11.68718+00
1446,27,,,,,,Disediakan (Dokumen),Perundang-undangan,,2026-09-17 23:10:11.68718+00
1447,27,,,,,Persentase Penyediaan Jasa,Jumlah Laporan Penyediaan,3.27.01.2.08 - Penyediaan,,2026-09-17 23:10:11.68718+00
1448,27,,,,,Penunjang Urusan,Jasa Surat Menyurat (Laporan),Jasa Penunjang Urusan,,2026-09-17 23:10:11.68718+00
1449,27,,,,,Pemerintahan Daerah,,Pemerintahan Daerah,,2026-09-17 23:10:11.68718+00
1450,27,,,,,,Jumlah Laporan Penyediaan,3.27.01.2.08.0001 -,,2026-09-17 23:10:11.68718+00
1451,27,,,,,,Jasa Surat Menyurat (Laporan),Penyediaan Jasa Surat,,2026-09-17 23:10:11.68718+00
1452,27,,,,,,,Menyurat,,2026-09-17 23:10:11.68718+00
1453,27,,,,Meningkatnya kualitas,,,,,2026-09-17 23:10:11.68718+00
1454,27,,,,Layanan Umum dan,,,,,2026-09-17 23:10:11.68718+00
1455,27,,,,Kepegawaian Perangkat,,,,,2026-09-17 23:10:11.68718+00
1456,27,,,,Daerah,,,,,2026-09-17 23:10:11.68718+00
1457,27,,,,Meningkatnya kualitas,,,,,2026-09-17 23:10:11.68718+00
1458,27,,,,"Perencanaan, Pengendalian,",,,,,2026-09-17 23:10:11.68718+00
1459,27,,,,dan Evaluasi Program,,,,,2026-09-17 23:10:11.68718+00
1460,27,,,,Kegiatan Serta Pengelolaan,,,,,2026-09-17 23:10:11.68718+00
1461,27,,,,Keuangan Perangkat Daerah,,,,,2026-09-17 23:10:11.68718+00
1462,28,NSPK DAN SASARAN,,,,,,,,2026-09-17 23:10:11.68718+00
1463,28,RPJMD YANG RELEVAN,TUJUAN,SASARAN,OUTCOME,OUTPUT,INDIKATOR,,,2026-09-17 23:10:11.68718+00
1464,28,,,,,,,PROGRAM / KEGIATAN /,,2026-09-17 23:10:11.68718+00
1465,28,,,,,,,SUBKEGIATAN,KETERANGAN,2026-09-17 23:10:11.68718+00
1466,28,,,Peningkatan distribusi dan,Meningkatnya pengendalian,,Tingkat Pengendalian Penyakit,3.27.04 - PROGRAM,,2026-09-17 23:10:11.68718+00
1467,28,,,kualitas sarana pertanian yang,kesehatan hewan dan,,Hewan Menular Strategis,PENGENDALIAN,,2026-09-17 23:10:11.68718+00
1468,28,,,didukung oleh penguatan,kesehatan masyarakat,,(PHMS) (Dokumen),KESEHATAN HEWAN DAN,,2026-09-17 23:10:11.68718+00
1469,28,,,prasarana pertanian serta,veteriner,,,KESEHATAN MASYARAKAT,,2026-09-17 23:10:11.68718+00
1470,28,,,pengendalian kesehatan,,,,VETERINER,,2026-09-17 23:10:11.68718+00
1471,28,,,hewan dan kesehatan,,,,,,2026-09-17 23:10:11.68718+00
1472,28,,,masyarakat veteriner yang,,,,,,2026-09-17 23:10:11.68718+00
1473,28,,,"efektif, serta penanggulangan",,,,,,2026-09-17 23:10:11.68718+00
1474,28,,,bencana pertanian yang,,,,,,2026-09-17 23:10:11.68718+00
1475,28,,,responsif. Upaya ini diiringi,,,,,,2026-09-17 23:10:11.68718+00
1476,28,,,dengan kemudahan perizinan,,,,,,2026-09-17 23:10:11.68718+00
1477,28,,,usaha pertanian dan,,,,,,2026-09-17 23:10:11.68718+00
1478,28,,,peningkatan kapasitas sumber,,,,,,2026-09-17 23:10:11.68718+00
1479,28,,,daya manusia di bidang,,,,,,2026-09-17 23:10:11.68718+00
1480,28,,,penyuluhan pertanian.,,,,,,2026-09-17 23:10:11.68718+00
1481,28,,,,,Persentase Pengelolaan,Jumlah Pelayanan Jasa,3.27.04.2.03 - Pengelolaan,,2026-09-17 23:10:11.68718+00
1482,28,,,,,Pelayanan Jasa Laboratorium,Laboratorium (Laporan),Pelayanan Jasa Laboratorium,,2026-09-17 23:10:11.68718+00
1483,28,,,,,dan Jasa Medik Veteriner,,dan Jasa Medik Veteriner,,2026-09-17 23:10:11.68718+00
1484,28,,,,,dalam Daerah Kabupaten/Kota,,dalam Daerah Kabupaten/Kota,,2026-09-17 23:10:11.68718+00
1485,28,,,,,,Jumlah Pelayanan Jasa Medik,3.27.04.2.03 - Pengelolaan,,2026-09-17 23:10:11.68718+00
1486,28,,,,,,Veteriner (Laporan),Pelayanan Jasa Laboratorium,,2026-09-17 23:10:11.68718+00
1487,28,,,,,,,dan Jasa Medik Veteriner,,2026-09-17 23:10:11.68718+00
1488,28,,,,,,,dalam Daerah Kabupaten/Kota,,2026-09-17 23:10:11.68718+00
1489,28,,,,,,Jumlah Pelayanan Jasa,3.27.04.2.03.0001 -,,2026-09-17 23:10:11.68718+00
1490,28,,,,,,Laboratorium (Laporan),Penyediaan Pelayanan Jasa,,2026-09-17 23:10:11.68718+00
1491,28,,,,,,,Laboratorium,,2026-09-17 23:10:11.68718+00
1492,28,,,,,,Jumlah Pelayanan Jasa Medik,3.27.04.2.03.0002 -,,2026-09-17 23:10:11.68718+00
1493,28,,,,,,Veteriner (Laporan),Penyediaan Pelayanan Jasa,,2026-09-17 23:10:11.68718+00
1494,28,,,,,,,Medik Veteriner,,2026-09-17 23:10:11.68718+00
1495,28,,,,Meningkatnya distribusi dan,,,,,2026-09-17 23:10:11.68718+00
1496,28,,,,kualitas prasarana pertanian,,,,,2026-09-17 23:10:11.68718+00
1497,28,2.09.3.27.3.25.02.0004 - UPTD Budidaya Ikan Air Tawar dan Air Payau,,,,,,,,2026-09-17 23:10:11.68718+00
1498,28,- S.6.1 - Meningkatnya,Mewujudkan ekosistem dan,Peningkatan produksi,Meningkatnya Kelestarian Laut,,,,,2026-09-17 23:10:11.68718+00
1499,28,perlindungan sosial,ruang pertumbuhan ekonomi,perikanan tangkap dan,dan Keanekaragaman Hayati,,,,,2026-09-17 23:10:11.68718+00
1500,28,Masyarakat,"yang inklusif, memperkuat","budidaya yang berkelanjutan,",,,,,,2026-09-17 23:10:11.68718+00
1501,28,- S.2.1 - Terwujudnya,perlindungan sosial bagi,selaras dengan upaya,,,,,,2026-09-17 23:10:11.68718+00
1502,28,ekosistem dan ruang,"masyarakat, serta",pelestarian laut dan,,,,,,2026-09-17 23:10:11.68718+00
1503,28,pertumbuhan ekonomi yang,meningkatkan daya beli serta,"keanekaragaman hayati, demi",,,,,,2026-09-17 23:10:11.68718+00
1504,28,inklusif,"ketahanan pangan, dan",mendorong peningkatan,,,,,,2026-09-17 23:10:11.68718+00
1505,28,- S.6.2 - Meningkatnya Daya,mengoptimalkan akuntabilitas,konsumsi ikan di kalangan,,,,,,2026-09-17 23:10:11.68718+00
1506,28,Beli dan Ketahanan Pangan,kinerja pemerintah daerah,masyarakat,,,,,,2026-09-17 23:10:11.68718+00
1507,28,Masyarakat,,,,,,,,2026-09-17 23:10:11.68718+00
1508,28,- S.4.3 - Meningkatnya,,,,,,,,2026-09-17 23:10:11.68718+00
1509,28,akuntabilitas kinerja,,,,,,,,2026-09-17 23:10:11.68718+00
1510,28,pemerintah daerah,,,,,,,,2026-09-17 23:10:11.68718+00
1511,29,NSPK DAN SASARAN,,,,,,,,2026-09-17 23:10:11.68718+00
1512,29,RPJMD YANG RELEVAN,TUJUAN,SASARAN,OUTCOME,OUTPUT,INDIKATOR,,,2026-09-17 23:10:11.68718+00
1513,29,,,,,,,PROGRAM / KEGIATAN /,,2026-09-17 23:10:11.68718+00
1514,29,,,,,,,SUBKEGIATAN,KETERANGAN,2026-09-17 23:10:11.68718+00